Metadata_Plate,Metadata_Well,Metadata_split,Metadata_Batch,Metadata_Perturbation,Metadata_Cell_type,Metadata_Time,Metadata_broad_sample,Metadata_control_type,Metadata_solvent,Metadata_pert_iname,Metadata_target,Metadata_target_list,Metadata_moa_list,Metadata_purity,Metadata_pert_type,Metadata_pubchem_cid,Metadata_smiles
BR00117010,A01,train,2020_11_04_CPJUMP1,compound,U2OS,48,BRD-A86665761-001-01-1,trt,DMSO,gabapentin-enacarbil,CACNB4,CACNA1A|CACNA1B|CACNA1C|CACNA1D|CACNA1E|CACNA1F|CACNA1G|CACNA1H|CACNA1I|CACNA1S|CACNA2D1|CACNA2D2|CACNA2D3|CACNA2D4|CACNB1|CACNB2|CACNB3|CACNB4|CACNG1|CACNG2|CACNG3|CACNG4|CACNG5|CACNG6|CACNG7|CACNG8,adrenergic receptor agonist,7.6,trt,9883933.0,CC(C)C(=O)OC(C)OC(=O)NCC1(CC(O)=O)CCCCC1
BR00117010,A02,train,2020_11_04_CPJUMP1,compound,U2OS,48,DMSO,negcon,DMSO,,,,,,,,
BR00117010,A03,train,2020_11_04_CPJUMP1,compound,U2OS,48,BRD-A22032524-074-09-9,trt,DMSO,amlodipine,CACNA2D3,CA1|CACNA1B|CACNA1C|CACNA1D|CACNA1F|CACNA1S|CACNA2D1|CACNA2D3|CACNB1|CACNB2|SMPD1,calcium channel blocker,97.4,trt,2162.0,CCOC(=O)C1=C(COCCN)NC(C)=C(C1c1ccccc1Cl)C(=O)OC
BR00117010,A04,train,2020_11_04_CPJUMP1,compound,U2OS,48,BRD-A01078468-001-14-8,trt,DMSO,hexestrol,AKR1C1,AKR1C1|ESR1|ESR2,synthetic estrogen,84.3,trt,3606.0,CCC(C(CC)c1ccc(O)cc1)c1ccc(O)cc1
BR00117010,A05,train,2020_11_04_CPJUMP1,compound,U2OS,48,BRD-K48278478-001-01-2,trt,DMSO,quinine,KCNN4,GP9|KCNB2|KCNN4|SLC29A4,hemozoin biocrystallization inhibitor,88.7,trt,94175.0,COc1ccc2nccc([C@@H](O)[C@H]3C[C@@H]4CC[N@]3C[C@@H]4C=C)c2c1
BR00117010,A06,train,2020_11_04_CPJUMP1,compound,U2OS,48,BRD-K36574127-001-01-3,trt,DMSO,LOXO-101,NTRK1,NTRK1|NTRK2|NTRK3,tropomyosin receptor kinase inhibitor,94.6,trt,46188928.0,O[C@H]1CCN(C1)C(=O)Nc1cnn2ccc(nc12)N1CCC[C@@H]1c1cc(F)ccc1F
BR00117010,A07,train,2020_11_04_CPJUMP1,compound,U2OS,48,BRD-K74913225-001-14-0,trt,DMSO,brinzolamide,CA5A,CA1|CA12|CA14|CA2|CA4|CA5A|CA7,carbonic anhydrase inhibitor,0.0,trt,68844.0,CCN[C@H]1CN(CCCOC)S(=O)(=O)c2sc(cc12)S(N)(=O)=O
BR00117010,A08,train,2020_11_04_CPJUMP1,compound,U2OS,48,BRD-K94342292-001-01-3,trt,DMSO,NS-11021,KCNMA1,KCNMA1,calcium-activated potassium channel activator,0.0,trt,24825677.0,FC(F)(F)c1cc(NC(=S)Nc2ccc(Br)cc2-c2nnn[nH]2)cc(c1)C(F)(F)F
BR00117010,A09,train,2020_11_04_CPJUMP1,compound,U2OS,48,DMSO,negcon,DMSO,,,,,,,,
BR00117010,A10,train,2020_11_04_CPJUMP1,compound,U2OS,48,BRD-K19975102-001-01-2,trt,DMSO,GNF-5837,NTRK1,NTRK1|NTRK2|NTRK3,growth factor receptor inhibitor,75.8,trt,59397065.0,Cc1ccc(NC(=O)Nc2cc(ccc2F)C(F)(F)F)cc1Nc1ccc2c(NC(=O)\C2=C/c2ccc[nH]2)c1
BR00117010,A11,train,2020_11_04_CPJUMP1,compound,U2OS,48,BRD-K25244359-066-02-6,trt,DMSO,apatinib,CSK,CSK|KDR|KIT|RET,RET tyrosine kinase inhibitor,63.4,trt,11315474.0,O=C(Nc1ccc(cc1)C1(CCCC1)C#N)c1cccnc1NCc1ccncc1
BR00117010,A12,train,2020_11_04_CPJUMP1,compound,U2OS,48,BRD-K18131774-001-18-4,trt,DMSO,ethoxzolamide,CA5A,CA1|CA12|CA13|CA14|CA2|CA3|CA4|CA5A|CA5B|CA6|CA7|CA9,carbonic anhydrase inhibitor,79.2,trt,3295.0,CCOc1ccc2nc(sc2c1)S(N)(=O)=O
BR00117010,A13,train,2020_11_04_CPJUMP1,compound,U2OS,48,BRD-A85242401-001-11-5,trt,DMSO,ascorbic-acid,P3H1,ALKBH2|ALKBH3|BBOX1|DBH|EGLN1|EGLN2|EGLN3|KDM5D|LCT|OGFOD1|OGFOD2|P3H1|P3H2|P3H3|P4HA1|P4HTM|PAM|PHYH|PLOD1|PLOD2|PLOD3|SLC23A1|SLC23A2|TMLHE,antioxidant,0.0,trt,9888239.0,OC[C@H](O)[C@H]1OC(=O)C(=O)C1O
BR00117010,A14,train,2020_11_04_CPJUMP1,compound,U2OS,48,BRD-K06426971-001-02-7,trt,DMSO,ryuvidine,CDK4,CDK2|CDK4,histone lysine methyltransferase inhibitor,90.8,trt,481747.0,Cc1nc2c(s1)C(=O)C=C(Nc1ccc(C)cc1)C2=O
BR00117010,A15,train,2020_11_04_CPJUMP1,compound,U2OS,48,BRD-K47049295-300-03-1,trt,DMSO,BAN-ORL-24,OPRL1,OPRL1,nociceptin/orphanin FQ receptor antagonist,81.7,trt,10296561.0,O=C(NCCCN1CCC2(CC1)OCc1ccccc21)[C@H]1CCCN1Cc1ccccc1
BR00117010,A16,train,2020_11_04_CPJUMP1,compound,U2OS,48,BRD-K78122587-300-04-3,trt,DMSO,NNC-55-0396,CATSPER4,CATSPER1|CATSPER2|CATSPER3|CATSPER4,T-type calcium channel blocker,95.9,trt,9957280.0,CC(C)[C@H]1c2ccc(F)cc2CC[C@@]1(CCN(C)CCCc1nc2ccccc2[nH]1)OC(=O)C1CC1
BR00117010,A17,train,2020_11_04_CPJUMP1,compound,U2OS,48,DMSO,negcon,DMSO,,,,,,,,
BR00117010,A18,train,2020_11_04_CPJUMP1,compound,U2OS,48,BRD-K50199947-001-03-4,trt,DMSO,WH-4-023,LCK,LCK|SRC,src inhibitor,84.1,trt,11844351.0,COc1ccc(N(C(=O)Oc2c(C)cccc2C)c2ccnc(Nc3ccc(cc3)N3CCN(C)CC3)n2)c(OC)c1
BR00117010,A19,train,2020_11_04_CPJUMP1,compound,U2OS,48,BRD-K50720187-051-03-1,trt,DMSO,flupirtine,KCNQ2,ADRA2A|KCNQ1|KCNQ2,glutamate receptor antagonist,8.9,trt,53276.0,CCOC(=O)Nc1ccc(NCc2ccc(F)cc2)nc1N
BR00117010,A20,train,2020_11_04_CPJUMP1,compound,U2OS,48,BRD-K91825936-001-03-9,trt,DMSO,ZK811752,CCR1,CCR1,CC chemokine receptor antagonist,99.1,trt,512282.0,C[C@@H]1CN(Cc2ccc(F)cc2)CCN1C(=O)COc1ccc(Cl)cc1NC(N)=O
BR00117010,A21,train,2020_11_04_CPJUMP1,compound,U2OS,48,BRD-K38775274-001-22-1,trt,DMSO,dexamethasone,ANXA1,ANXA1|NOS2|NR0B1|NR3C1|NR3C2,glucocorticoid receptor agonist,87.6,trt,5743.0,C[C@@H]1C[C@H]2[C@@H]3CCC4=CC(=O)C=C[C@]4(C)[C@@]3(F)[C@@H](O)C[C@]2(C)[C@@]1(O)C(=O)CO
BR00117010,A22,train,2020_11_04_CPJUMP1,compound,U2OS,48,BRD-K47598052-001-14-1,trt,DMSO,PP-1,HCK,HCK|RET,src inhibitor,97.8,trt,1400.0,Cc1ccc(cc1)-c1nn(c2ncnc(N)c12)C(C)(C)C
BR00117010,A23,train,2020_11_04_CPJUMP1,compound,U2OS,48,BRD-K61845293-300-01-9,trt,DMSO,DDR1-IN-1,DDR2,DDR1|DDR2,discoidin domain receptor inhibitor,97.5,trt,72836888.0,CCN1CCN(Cc2ccc(cc2C(F)(F)F)C(=O)Nc2ccc(C)c(Oc3ccc4NC(=O)Cc4c3)c2)CC1
BR00117010,A24,train,2020_11_04_CPJUMP1,compound,U2OS,48,BRD-K87782578-001-01-4,trt,DMSO,AVL-292,BTK,BTK|YES1,Bruton's tyrosine kinase (BTK) inhibitor,91.8,trt,59174488.0,COCCOc1ccc(Nc2ncc(F)c(Nc3cccc(NC(=O)C=C)c3)n2)cc1
BR00117010,B01,train,2020_11_04_CPJUMP1,compound,U2OS,48,BRD-K26439554-001-01-3,trt,DMSO,H2L-5765834,LPAR1,LPAR1|LPAR3,lysophosphatidic acid receptor antagonist,83.2,trt,1365686.0,OC(=O)c1ccc2C(=O)N(C(=O)c2c1)c1cccc(Oc2ccc(cc2)[N+]([O-])=O)c1
BR00117010,B02,train,2020_11_04_CPJUMP1,compound,U2OS,48,BRD-K58049875-001-03-9,trt,DMSO,thiostrepton,FOXM1,FOXM1,FOXM1 inhibitor|protein synthesis inhibitor,55.7,trt,16154490.0,CC[C@H](C)[C@@H]1N[C@@H]2C=Cc3c(cc(nc3[C@H]2O)C(=O)O[C@H](C)[C@@H]2NC(=O)c3csc(n3)[C@@H](NC(=O)[C@H]3CSC(=N3)\C(NC(=O)[C@@H](NC(=O)c3csc(n3)[C@]3(CCC(=N[C@@H]3c3csc2n3)c2nc(cs2)C(=O)NC(=C)C(=O)NC(=C)C(N)=O)NC(=O)[C@H](C)NC(=O)C(=C)NC(=O)[C@H](C)NC1=O)[C@@H](C)O)=C\C)[C@](C)(O)[C@@H](C)O)[C@H](C)O
BR00117010,B03,train,2020_11_04_CPJUMP1,compound,U2OS,48,DMSO,negcon,DMSO,,,,,,,,
BR00117010,B04,train,2020_11_04_CPJUMP1,compound,U2OS,48,BRD-K72726508-001-02-1,trt,DMSO,arcyriaflavin-a,CCND1,CCND1|CDK4,CDK inhibitor,78.5,trt,5327723.0,O=C1NC(=O)c2c1c1c3ccccc3[nH]c1c1[nH]c3ccccc3c21
BR00117010,B05,train,2020_11_04_CPJUMP1,compound,U2OS,48,BRD-K29151923-001-01-5,trt,DMSO,CYM-5520,S1PR2,S1PR2,sphingosine 1 phosphate receptor agonist,95.6,trt,25110470.0,Cc1cc(C(=O)Cn2cc(ccc2=O)C#N)c(C)n1Cc1ccccc1
BR00117010,B06,train,2020_11_04_CPJUMP1,compound,U2OS,48,BRD-K66788707-001-14-3,trt,DMSO,fludarabine,ADA,ADA|RRM1|RRM2,ribonucleotide reductase inhibitor,93.2,trt,657237.0,Nc1nc(F)nc2n(cnc12)[C@@H]1O[C@H](CO)[C@@H](O)[C@@H]1O
BR00117010,B07,train,2020_11_04_CPJUMP1,compound,U2OS,48,BRD-K06890060-001-09-1,trt,DMSO,alda-1,ALDH2,ALDH2,aldehyde dehydrogenase activator,98.1,trt,831629.0,Clc1cccc(Cl)c1C(=O)NCc1ccc2OCOc2c1
BR00117010,B08,train,2020_11_04_CPJUMP1,compound,U2OS,48,BRD-K50398167-236-22-7,trt,DMSO,meclofenamic-acid,KCNQ2,ALOX5|CNR1|KCNQ2|KCNQ3|PTGS1|PTGS2,cyclooxygenase inhibitor|prostanoid receptor antagonist,93.7,trt,4037.0,Cc1ccc(Cl)c(Nc2ccccc2C(O)=O)c1Cl
BR00117010,B09,train,2020_11_04_CPJUMP1,compound,U2OS,48,BRD-K87632963-001-03-0,trt,DMSO,GNF-5,ABL1,ABL1|BCR,Bcr-Abl kinase inhibitor,98.0,trt,44129660.0,OCCNC(=O)c1cccc(c1)-c1ncnc(Nc2ccc(cc2)OC(F)(F)F)c1
BR00117010,B10,train,2020_11_04_CPJUMP1,compound,U2OS,48,BRD-K37602296-001-01-6,trt,DMSO,NS-309,KCNN4,KCNN1|KCNN2|KCNN3|KCNN4,calcium-activated potassium channel activator,94.9,trt,11637204.0,ON=C1C(=O)Nc2c1ccc(Cl)c2Cl
BR00117010,B11,train,2020_11_04_CPJUMP1,compound,U2OS,48,BRD-K09143580-001-01-0,trt,DMSO,AK-7,SIRT2,SIRT2,SIRT inhibitor,96.6,trt,1328033.0,Brc1cccc(NC(=O)c2cccc(c2)S(=O)(=O)N2CCCCCC2)c1
BR00117010,B12,train,2020_11_04_CPJUMP1,compound,U2OS,48,BRD-A22713669-001-04-3,trt,DMSO,BVT-948,PTPN2,PTPN1|PTPN11|PTPN2,tyrosine phosphatase inhibitor,89.3,trt,44483339.0,CC1(C)C2C(=NC1=O)c1ccccc1C(=O)C2=O
BR00117010,B13,train,2020_11_04_CPJUMP1,compound,U2OS,48,BRD-K16472653-001-01-6,trt,DMSO,SirReal-2,SIRT2,SIRT2,SIRT inhibitor,97.8,trt,1096292.0,Cc1cc(C)nc(SCC(=O)Nc2ncc(Cc3cccc4ccccc34)s2)n1
BR00117010,B14,train,2020_11_04_CPJUMP1,compound,U2OS,48,DMSO,negcon,DMSO,,,,,,,,
BR00117010,B15,train,2020_11_04_CPJUMP1,compound,U2OS,48,BRD-K34581968-001-05-3,trt,DMSO,BMS-536924,LCK,AKT1|CCNE1|CDK2|CYP3A4|ERBB2|IGF1R|KDR|LCK|MAPK1|MET|PDGFRA|PDGFRB,IGF-1 inhibitor,92.3,trt,,Cc1cc(cc2[nH]c(nc12)-c1c(NC[C@@H](O)c2cccc(Cl)c2)cc[nH]c1=O)N1CCOCC1
BR00117010,B16,train,2020_11_04_CPJUMP1,compound,U2OS,48,BRD-K81801188-001-02-8,trt,DMSO,PP-121,HCK,ABL1|EGFR|HCK|KDR|MTOR|PDGFRA|PIK3CA|PIK3CB|PIK3CD|PIK3CG|PRKDC|SRC,protein tyrosine kinase inhibitor,94.2,trt,24905142.0,C1CCC(C1)n1nc(-c2cnc3[nH]ccc3c2)c2c(N)ncnc12
BR00117010,B17,train,2020_11_04_CPJUMP1,compound,U2OS,48,BRD-K73276278-305-01-1,trt,DMSO,MCOPPB,OPRL1,OPRL1,nociceptin/orphanin FQ (NOP) receptor agonist,96.6,trt,24800108.0,CC1(CCCCCCC1)N1CCC(CC1)n1c(nc2ccccc12)[C@@H]1CCCNC1
BR00117010,B18,train,2020_11_04_CPJUMP1,compound,U2OS,48,BRD-K53061490-003-13-9,trt,DMSO,ozagrel,TBXAS1,TBXAS1,thromboxane synthase inhibitor,0.0,trt,5282440.0,OC(=O)\C=C\c1ccc(Cn2ccnc2)cc1
BR00117010,B19,train,2020_11_04_CPJUMP1,compound,U2OS,48,BRD-A43005764-003-01-5,trt,DMSO,CYM-5442,S1PR1,S1PR1,sphingosine 1 phosphate receptor agonist,97.7,trt,25110406.0,CCOc1ccc(cc1OCC)-c1nc(no1)-c1cccc2C(CCc12)NCCO
BR00117010,B20,train,2020_11_04_CPJUMP1,compound,U2OS,48,BRD-K60659193-001-01-0,trt,DMSO,CVT-10216,ALDH2,ALDH2,aldehyde dehydrogenase inhibitor,95.0,trt,23661666.0,CS(=O)(=O)Nc1ccc(cc1)-c1coc2cc(OCc3cccc(c3)C(O)=O)ccc2c1=O
BR00117010,B21,train,2020_11_04_CPJUMP1,compound,U2OS,48,BRD-K09787262-001-02-7,trt,DMSO,TCN201,GRIN2A,GRIN2A,glutamate receptor antagonist,98.3,trt,4787937.0,Fc1ccc(cc1Cl)S(=O)(=O)NCc1ccc(cc1)C(=O)NNC(=O)c1ccccc1
BR00117010,B22,train,2020_11_04_CPJUMP1,compound,U2OS,48,BRD-K56810756-003-07-7,trt,DMSO,fomepizole,ADH1C,ADH1A|ADH1B|ADH1C|AKR1A1|CAT,alcohol dehydrogenase inhibitor,96.3,trt,3406.0,Cc1cn[nH]c1
BR00117010,B23,train,2020_11_04_CPJUMP1,compound,U2OS,48,BRD-K87158025-003-08-7,trt,DMSO,benzamil,SCNN1G,ASIC1|PKD2L1|SCNN1A|SCNN1B|SCNN1D|SCNN1G|SLC8A1,sodium channel blocker,97.0,trt,108107.0,NC(NCc1ccccc1)=NC(=O)c1nc(Cl)c(N)nc1N
BR00117010,B24,train,2020_11_04_CPJUMP1,compound,U2OS,48,BRD-A18992208-003-02-7,trt,DMSO,lercanidipine,CACNG1,CACNA2D1|CACNG1,calcium channel blocker,96.6,trt,65866.0,COC(=O)C1=C(C)NC(C)=C(C1c1cccc(c1)[N+]([O-])=O)C(=O)OC(C)(C)CN(C)CCC(c1ccccc1)c1ccccc1
BR00117010,C01,train,2020_11_04_CPJUMP1,compound,U2OS,48,BRD-A54139254-001-09-2,trt,DMSO,4-CMTB,FFAR2,FFAR2,free fatty acid receptor agonist,94.0,trt,4307629.0,CC(C)C(C(=O)Nc1nccs1)c1ccc(Cl)cc1
BR00117010,C02,train,2020_11_04_CPJUMP1,compound,U2OS,48,BRD-K44432556-001-05-5,trt,DMSO,ML-228,HIF1A,HIF1A,hypoxia inducible factor activator,0.0,trt,46742353.0,C(Nc1nc(nnc1-c1ccccc1)-c1ccccn1)c1ccc(cc1)-c1ccccc1
BR00117010,C03,train,2020_11_04_CPJUMP1,compound,U2OS,48,DMSO,negcon,DMSO,,,,,,,,
BR00117010,C04,train,2020_11_04_CPJUMP1,compound,U2OS,48,BRD-K36740062-001-06-6,trt,DMSO,GSK1070916,CYP3A4,AURKA|AURKB|AURKC|CYP2D6|CYP3A4,Aurora kinase inhibitor,94.6,trt,46885626.0,CCn1cc(c(n1)-c1ccc(NC(=O)N(C)C)cc1)-c1ccnc2[nH]c(cc12)-c1cccc(CN(C)C)c1
BR00117010,C05,train,2020_11_04_CPJUMP1,compound,U2OS,48,BRD-K27539181-001-08-5,trt,DMSO,ML-193,GPR55,GPR55,G protein-coupled receptor antagonist,97.0,trt,1261822.0,Cc1noc(NS(=O)(=O)c2ccc(NC(=O)c3cc(nc4c(C)cc(C)cc34)-c3ccccn3)cc2)c1C
BR00117010,C06,train,2020_11_04_CPJUMP1,compound,U2OS,48,DMSO,negcon,DMSO,,,,,,,,
BR00117010,C07,train,2020_11_04_CPJUMP1,compound,U2OS,48,BRD-K51265828-001-01-0,trt,DMSO,M-25,DHH,DHH|IHH|SMO,smoothened receptor antagonist,98.7,trt,44250034.0,CCCC(CCC)C(=O)NCc1ccc2n(ncc2c1)-c1ccccc1OC
BR00117010,C08,train,2020_11_04_CPJUMP1,compound,U2OS,48,BRD-K51899933-001-02-6,trt,DMSO,azeliragon,AGER,AGER,RAGE receptor antagonist,82.6,trt,11180124.0,CCCCc1nc(cn1-c1ccc(Oc2ccc(Cl)cc2)cc1)-c1ccc(OCCCN(CC)CC)cc1
BR00117010,C09,train,2020_11_04_CPJUMP1,compound,U2OS,48,BRD-K23363278-001-02-1,trt,DMSO,CYT-997,TUBB,TUBB,tubulin polymerization inhibitor,95.5,control,11351021.0,CCC[C@H](Nc1nc(ncc1C)-c1ccc(NC(=O)NCC)c(OC)c1)c1cccnc1
BR00117010,C10,train,2020_11_04_CPJUMP1,compound,U2OS,48,BRD-K90497590-001-05-9,trt,DMSO,AR-12,PDPK1,PDPK1,phosphoinositide dependent kinase inhibitor,93.8,trt,10027278.0,NCC(=O)Nc1ccc(cc1)-n1nc(cc1-c1ccc2c(ccc3ccccc23)c1)C(F)(F)F
BR00117010,C11,train,2020_11_04_CPJUMP1,compound,U2OS,48,BRD-K69877120-001-01-7,trt,DMSO,CYM-50260,S1PR4,S1PR4,sphingosine 1 phosphate receptor agonist,92.0,trt,44620894.0,FCc1ccc(OCCOc2ccc(Cl)cc2Cl)c(Cl)n1
BR00117010,C12,train,2020_11_04_CPJUMP1,compound,U2OS,48,DMSO,negcon,DMSO,,,,,,,,
BR00117010,C13,train,2020_11_04_CPJUMP1,compound,U2OS,48,BRD-K90747162-001-01-4,trt,DMSO,KG-5,FLT3,BRAF|FLT3|KIT|PDGFRB,RAF inhibitor,97.6,control,53328059.0,CSc1nc(N)cc(Oc2ccc(cc2)-c2nnc(Nc3cccc(c3)C(F)(F)F)[nH]2)n1
BR00117010,C14,train,2020_11_04_CPJUMP1,compound,U2OS,48,BRD-K81405859-300-01-4,trt,DMSO,JTE-607,TNF,IL10|IL1B|IL6|TNF,cytokine production inhibitor,94.7,trt,9938545.0,CCOC(=O)[C@H](Cc1ccccc1)NC(=O)c1cc(Cl)c(OCCN2CCN(C)CC2)c(Cl)c1O
BR00117010,C15,train,2020_11_04_CPJUMP1,compound,U2OS,48,DMSO,negcon,DMSO,,,,,,,,
BR00117010,C16,train,2020_11_04_CPJUMP1,compound,U2OS,48,BRD-K51662849-001-05-4,trt,DMSO,ilomastat,MMP2,ACAN|ADAM28|MMP1|MMP12|MMP13|MMP14|MMP2|MMP3|MMP8|MMP9,matrix metalloprotease inhibitor,73.8,trt,132519.0,CNC(=O)[C@H](Cc1c[nH]c2ccccc12)NC(=O)[C@H](CC(C)C)CC(=O)NO
BR00117010,C17,train,2020_11_04_CPJUMP1,compound,U2OS,48,BRD-A65597028-003-08-1,trt,DMSO,RX-821002,ADRA2B,ADRA1A|ADRA1B|ADRA1D|ADRA2A|ADRA2B|ADRA2C,adrenergic receptor antagonist,90.9,trt,108094.0,COC1(COc2ccccc2O1)C1=NCCN1
BR00117010,C18,train,2020_11_04_CPJUMP1,compound,U2OS,48,DMSO,negcon,DMSO,,,,,,,,
BR00117010,C19,train,2020_11_04_CPJUMP1,compound,U2OS,48,BRD-K24282351-001-01-4,trt,DMSO,TUG-891,FFAR4,FFAR4,free fatty acid receptor agonist,98.2,trt,57522038.0,Cc1ccc(cc1)-c1ccc(F)cc1COc1ccc(CCC(O)=O)cc1
BR00117010,C20,train,2020_11_04_CPJUMP1,compound,U2OS,48,BRD-K44227013-001-08-0,trt,DMSO,ponatinib,LYN,ABL1|BCR|FGFR1|FGFR2|FGFR3|FGFR4|FLT3|KDR|KIT|LCK|LYN|PDGFRA|RET|SRC|TEK,Bcr-Abl kinase inhibitor|FLT3 inhibitor|PDGFR tyrosine kinase receptor inhibitor,93.4,trt,24826799.0,CN1CCN(Cc2ccc(NC(=O)c3ccc(C)c(c3)C#Cc3cnc4cccnn34)cc2C(F)(F)F)CC1
BR00117010,C21,train,2020_11_04_CPJUMP1,compound,U2OS,48,DMSO,negcon,DMSO,,,,,,,,
BR00117010,C22,train,2020_11_04_CPJUMP1,compound,U2OS,48,BRD-K01824976-300-02-9,trt,DMSO,puromycin,RPL23A,SNU13|RPL10L|RPL11|RPL13A|RPL15|RPL19|RPL23|RPL23A|RPL26L1|RPL3|RPL37|RPL8|RSL24D1,protein synthesis inhibitor,90.9,trt,5702164.0,COc1ccc(C[C@H](N)C(=O)N[C@@H]2[C@@H](CO)OC([C@@H]2O)n2cnc3c(ncnc23)N(C)C)cc1
BR00117010,C23,train,2020_11_04_CPJUMP1,compound,U2OS,48,BRD-K50495309-001-02-0,trt,DMSO,SRC-kinase-inhibitor-I,CSK,CSK|LCK|RIPK2,src inhibitor,97.0,trt,1474853.0,COc1cc2ncnc(Nc3ccc(Oc4ccccc4)cc3)c2cc1OC
BR00117010,C24,train,2020_11_04_CPJUMP1,compound,U2OS,48,BRD-K59058747-001-19-1,trt,DMSO,acetylcysteine,SLC7A11,ACY1|CHUK|GRIN1|GRIN2A|GRIN2B|GRIN2D|GRIN3A|GSS|IKBKB|RELA|SLC7A11,mucolytic agent,0.0,trt,12035.0,CC(=O)N[C@@H](CS)C(O)=O
BR00117010,D01,train,2020_11_04_CPJUMP1,compound,U2OS,48,BRD-K62949423-001-03-1,trt,DMSO,NSC-625987,CDK4,CDK2|CDK4,CDK inhibitor,14.1,trt,3004085.0,COc1ccc(OC)c2c1[nH]c1ccccc1c2=S
BR00117010,D02,train,2020_11_04_CPJUMP1,compound,U2OS,48,BRD-K22482860-001-20-6,trt,DMSO,dalfampridine,KCNH7,KCNA1|KCNA10|KCNA2|KCNA3|KCNA4|KCNA5|KCNA6|KCNA7|KCNB1|KCNB2|KCNC1|KCNC2|KCNC3|KCNC4|KCND1|KCND2|KCND3|KCNF1|KCNG1|KCNG2|KCNG3|KCNG4|KCNH1|KCNH2|KCNH3|KCNH4|KCNH5|KCNH6|KCNH7|KCNH8|KCNJ13|KCNJ5|KCNQ1|KCNQ2|KCNQ3|KCNQ4|KCNQ5|KCNS1|KCNS2|KCNS3|KCNV1|KCNV2,potassium channel blocker,89.8,trt,1727.0,Nc1ccncc1
BR00117010,D03,train,2020_11_04_CPJUMP1,compound,U2OS,48,BRD-K68143200-001-11-7,trt,DMSO,NSC-95397,CDC25A,CDC25A|CDC25B,CDC inhibitor,0.0,trt,262093.0,OCCSC1=C(SCCO)C(=O)c2ccccc2C1=O
BR00117010,D04,train,2020_11_04_CPJUMP1,compound,U2OS,48,BRD-K35498378-001-06-1,trt,DMSO,alrestatin,AKR1B1,AKR1B1,aldose reductase inhibitor,96.6,trt,2120.0,OC(=O)CN1C(=O)c2cccc3cccc(C1=O)c23
BR00117010,D05,train,2020_11_04_CPJUMP1,compound,U2OS,48,BRD-K37764012-001-03-3,trt,DMSO,PF-03758309,PAK4,PAK4,p21 activated kinase inhibitor,93.3,control,25227462.0,CN(C)C[C@@H](NC(=O)N1Cc2c(Nc3nc(C)nc4ccsc34)n[nH]c2C1(C)C)c1ccccc1
BR00117010,D06,train,2020_11_04_CPJUMP1,compound,U2OS,48,BRD-K98357249-001-02-9,trt,DMSO,IRL-2500,EDNRB,EDNRB,endothelin receptor antagonist,96.2,trt,5311192.0,CN([C@H](Cc1ccc(cc1)-c1ccccc1)C(=O)N[C@@H](Cc1c[nH]c2ccccc12)C(O)=O)C(=O)c1cc(C)cc(C)c1
BR00117010,D07,train,2020_11_04_CPJUMP1,compound,U2OS,48,BRD-K73319509-001-08-0,trt,DMSO,PF-04217903,MET,MET,c-Met inhibitor,95.5,control,17754438.0,OCCn1cc(cn1)-c1cnc2nnn(Cc3ccc4ncccc4c3)c2n1
BR00117010,D08,train,2020_11_04_CPJUMP1,compound,U2OS,48,BRD-K58550667-001-08-7,trt,DMSO,FK-866,NAMPT,NAMPT,niacinamide phosphoribosyltransferase inhibitor,93.7,control,6914657.0,O=C(NCCCCC1CCN(CC1)C(=O)c1ccccc1)\C=C\c1cccnc1
BR00117010,D09,train,2020_11_04_CPJUMP1,compound,U2OS,48,BRD-K29530284-001-06-2,trt,DMSO,amlexanox,FGF1,FGF1|IL3|PDE4A|PDE4B|PDE4C|PDE4D|S100A12|S100A13,histamine receptor modulator,97.9,trt,2161.0,CC(C)c1ccc2oc3nc(N)c(cc3c(=O)c2c1)C(O)=O
BR00117010,D10,train,2020_11_04_CPJUMP1,compound,U2OS,48,BRD-K37864785-001-01-0,trt,DMSO,GW-311616,ELANE,ELANE,leukocyte elastase inhibitor|elastase inhibitor,96.3,trt,9800961.0,CC(C)[C@H]1[C@H]2[C@@H](CCN2C(=O)\C=C\CN2CCCCC2)N(C1=O)S(C)(=O)=O
BR00117010,D11,train,2020_11_04_CPJUMP1,compound,U2OS,48,BRD-K42191735-001-08-7,trt,DMSO,buparlisib,PIK3CG,PIK3CA|PIK3CG,PI3K inhibitor,89.0,control,16654980.0,Nc1cc(c(cn1)-c1cc(nc(n1)N1CCOCC1)N1CCOCC1)C(F)(F)F
BR00117010,D12,train,2020_11_04_CPJUMP1,compound,U2OS,48,BRD-K97181089-003-24-7,trt,DMSO,amiloride,ASIC1,AOC1|ASIC1|ASIC2|ASIC3|PKD2|PKD2L1|PLAU|SCNN1A|SCNN1B|SCNN1D|SCNN1G|SLC9A1|TRPC7|TRPV2,sodium channel blocker,96.7,trt,16231.0,NC(=N)NC(=O)c1nc(Cl)c(N)nc1N
BR00117010,D13,train,2020_11_04_CPJUMP1,compound,U2OS,48,BRD-K75748943-300-01-3,trt,DMSO,DG-172,PPARD,PPARD,PPAR receptor inverse agonist,81.7,trt,57342889.0,CN1CCN(CC1)c1ccc(cc1)\C=C(/C#N)c1ccccc1Br
BR00117010,D14,train,2020_11_04_CPJUMP1,compound,U2OS,48,DMSO,negcon,DMSO,,,,,,,,
BR00117010,D15,train,2020_11_04_CPJUMP1,compound,U2OS,48,DMSO,negcon,DMSO,,,,,,,,
BR00117010,D16,train,2020_11_04_CPJUMP1,compound,U2OS,48,BRD-K15179513-001-04-2,trt,DMSO,NVP-ADW742,IGF1R,IGF1R,insulin growth factor receptor inhibitor,93.5,control,,Nc1ncnc2n(cc(-c3cccc(OCc4ccccc4)c3)c12)[C@H]1C[C@H](CN2CCCC2)C1
BR00117010,D17,train,2020_11_04_CPJUMP1,compound,U2OS,48,BRD-A72351335-001-04-5,trt,DMSO,misoprostol,PTGIR,PTGER2|PTGER3|PTGER4|PTGIR,prostanoid receptor agonist,61.9,trt,5282381.0,CCCCC(C)(O)C\C=C\[C@H]1[C@H](O)CC(=O)[C@@H]1CCCCCCC(=O)OC
BR00117010,D18,train,2020_11_04_CPJUMP1,compound,U2OS,48,BRD-K37385792-003-02-1,trt,DMSO,conivaptan,AVPR1A,AVPR1A|AVPR2,vasopressin receptor antagonist,97.6,trt,151171.0,Cc1nc2CCN(C(=O)c3ccc(NC(=O)c4ccccc4-c4ccccc4)cc3)c3ccccc3-c2[nH]1
BR00117010,D19,train,2020_11_04_CPJUMP1,compound,U2OS,48,BRD-A72483914-001-03-7,trt,DMSO,spiroxatrine,ADRA2B,ADRA1A|ADRA1B|ADRA1D|ADRA2A|ADRA2B|ADRA2C|HTR1A|HTR2B,serotonin receptor antagonist,93.5,trt,5268.0,O=C1NCN(c2ccccc2)C11CCN(CC2COc3ccccc3O2)CC1
BR00117010,D20,train,2020_11_04_CPJUMP1,compound,U2OS,48,BRD-K69122748-001-10-1,trt,DMSO,diacerein,IL1B,IL1B,interleukin inhibitor,57.2,trt,26248.0,CC(=O)Oc1cccc2C(=O)c3cc(cc(OC(C)=O)c3C(=O)c12)C(O)=O
BR00117010,D21,train,2020_11_04_CPJUMP1,compound,U2OS,48,DMSO,negcon,DMSO,,,,,,,,
BR00117010,D22,train,2020_11_04_CPJUMP1,compound,U2OS,48,DMSO,negcon,DMSO,,,,,,,,
BR00117010,D23,train,2020_11_04_CPJUMP1,compound,U2OS,48,BRD-K36927236-001-36-7,trt,DMSO,glyburide,SLCO2B1,ABCA1|ABCB11|ABCC8|ABCC9|CFTR|CPT1A|KCNJ1|KCNJ11|KCNJ5|KCNJ8|SLCO2B1,ATP channel blocker|insulin secretagogue|sulfonylurea,91.8,trt,3488.0,COc1ccc(Cl)cc1C(=O)NCCc1ccc(cc1)S(=O)(=O)NC(=O)NC1CCCCC1
BR00117010,D24,train,2020_11_04_CPJUMP1,compound,U2OS,48,BRD-K31170746-001-01-6,trt,DMSO,ANR-94,ADORA2A,ADORA2A,A1 adenosine receptor antagonist,97.4,trt,11805896.0,CCOc1nc2c(N)ncnc2n1CC
BR00117010,E01,train,2020_11_04_CPJUMP1,compound,U2OS,48,BRD-K57708067-001-01-3,trt,DMSO,TFC-007,HPGDS,HPGDS,prostaglandin inhibitor,95.4,trt,16040067.0,O=C(Nc1ccc(cc1)N1CCC(CC1)C(=O)N1CCOCC1)c1cnc(Oc2ccccc2)nc1
BR00117010,E02,train,2020_11_04_CPJUMP1,compound,U2OS,48,BRD-A48180038-003-24-3,trt,DMSO,trihexyphenidyl,CHRM3,CHRM1|CHRM2|CHRM3|CHRM4|CHRM5,acetylcholine receptor antagonist,92.1,trt,5572.0,OC(CCN1CCCCC1)(C1CCCCC1)c1ccccc1
BR00117010,E03,train,2020_11_04_CPJUMP1,compound,U2OS,48,BRD-K64054020-001-02-7,trt,DMSO,epoprostenol,PTGIS,P2RY12|PTGER1|PTGER4|PTGIR|PTGIS,prostacyclin analog,31.9,trt,5282411.0,CCCCC[C@H](O)\C=C\[C@H]1[C@H](O)C[C@@H]2O\C(C[C@H]12)=C/CCCC(O)=O
BR00117010,E04,train,2020_11_04_CPJUMP1,compound,U2OS,48,BRD-K91456750-001-01-9,trt,DMSO,sacubitril,MME,MME,neprilysin inhibitor,98.1,trt,9811834.0,CCOC(=O)[C@H](C)C[C@@H](Cc1ccc(cc1)-c1ccccc1)NC(=O)CCC(O)=O
BR00117010,E05,train,2020_11_04_CPJUMP1,compound,U2OS,48,BRD-K07881437-001-03-8,trt,DMSO,danusertib,RET,AURKA|AURKB|AURKC|FGFR1|NTRK1|RET|SLK,Aurora kinase inhibitor|growth factor receptor inhibitor,91.5,control,11442891.0,CO[C@@H](C(=O)N1Cc2[nH]nc(NC(=O)c3ccc(cc3)N3CCN(C)CC3)c2C1)c1ccccc1
BR00117010,E06,train,2020_11_04_CPJUMP1,compound,U2OS,48,BRD-K23363278-001-02-1,trt,DMSO,CYT-997,TUBB,TUBB,tubulin polymerization inhibitor,95.5,control,11351021.0,CCC[C@H](Nc1nc(ncc1C)-c1ccc(NC(=O)NCC)c(OC)c1)c1cccnc1
BR00117010,E07,train,2020_11_04_CPJUMP1,compound,U2OS,48,DMSO,negcon,DMSO,,,,,,,,
BR00117010,E08,train,2020_11_04_CPJUMP1,compound,U2OS,48,BRD-K02490038-236-03-8,trt,DMSO,BQ-788,EDNRB,EDNRB,endothelin receptor antagonist,56.0,trt,5311032.0,CCCC[C@@H](NC(=O)[C@@H](Cc1cn(C(=O)OC)c2ccccc12)NC(=O)[C@H](CC(C)(C)C)NC(=O)N1[C@@H](C)CCC[C@H]1C)C(O)=O
BR00117010,E09,train,2020_11_04_CPJUMP1,compound,U2OS,48,BRD-K54330070-001-19-6,trt,DMSO,SB-202190,MAPK14,AKT1|ALOX5|CHEK1|GSK3B|LCK|MAPK1|MAPK11|MAPK12|MAPK14|MAPK8|PRKCA|ROCK1|RPS6KB1|SGK1,p38 MAPK inhibitor,94.3,control,,Oc1ccc(cc1)-c1nc(c([nH]1)-c1ccncc1)-c1ccc(F)cc1
BR00117010,E10,train,2020_11_04_CPJUMP1,compound,U2OS,48,BRD-K25412176-001-01-9,trt,DMSO,GSK2110183,AKT1,AKT1|AKT2|AKT3,AKT inhibitor,65.4,control,46843057.0,Cn1ncc(Cl)c1-c1cc(sc1Cl)C(=O)N[C@H](CN)Cc1cccc(F)c1
BR00117010,E11,train,2020_11_04_CPJUMP1,compound,U2OS,48,BRD-K03155172-001-03-0,trt,DMSO,GSK3787,PPARD,PPARD,PPAR receptor antagonist,96.1,trt,2800647.0,FC(F)(F)c1ccc(nc1)S(=O)(=O)CCNC(=O)c1ccc(Cl)cc1
BR00117010,E12,train,2020_11_04_CPJUMP1,compound,U2OS,48,BRD-K07442505-001-03-6,trt,DMSO,BAM7,BAX,BAX,BAX activator,95.8,trt,5754137.0,CCOc1ccccc1N\N=C1C(=O)N(N=C\1C)c1nc(cs1)-c1ccccc1
BR00117010,E13,train,2020_11_04_CPJUMP1,compound,U2OS,48,BRD-K64800655-001-09-0,trt,DMSO,PHA-793887,CDK7,CDK1|CDK2|CDK4|CDK5|CDK7|CDK9,CDK inhibitor,0.0,control,46191454.0,CC(C)CC(=O)Nc1n[nH]c2c1CN(C(=O)C1CCN(C)CC1)C2(C)C
BR00117010,E14,train,2020_11_04_CPJUMP1,compound,U2OS,48,DMSO,negcon,DMSO,,,,,,,,
BR00117010,E15,train,2020_11_04_CPJUMP1,compound,U2OS,48,BRD-K26514105-001-01-7,trt,DMSO,GSK-37647,FFAR4,FFAR4,free fatty acid receptor agonist,97.2,trt,743974.0,COc1ccc(cc1)S(=O)(=O)Nc1c(C)cc(C)cc1C
BR00117010,E16,train,2020_11_04_CPJUMP1,compound,U2OS,48,BRD-K21528677-001-04-4,trt,DMSO,desonide,PLA2G1B,NR3C1|PLA2G1B,glucocorticoid receptor agonist,89.1,trt,5311066.0,CC1(C)O[C@@H]2C[C@H]3[C@@H]4CCC5=CC(=O)C=C[C@]5(C)[C@H]4[C@@H](O)C[C@]3(C)[C@@]2(O1)C(=O)CO
BR00117010,E17,train,2020_11_04_CPJUMP1,compound,U2OS,48,DMSO,negcon,DMSO,,,,,,,,
BR00117010,E18,train,2020_11_04_CPJUMP1,compound,U2OS,48,BRD-K91188791-001-17-5,trt,DMSO,aloxistatin,CTSG,CTSG,protease inhibitor,78.8,trt,65663.0,CCOC(=O)[C@H]1O[C@@H]1C(=O)N[C@@H](CC(C)C)C(=O)NCCC(C)C
BR00117010,E19,train,2020_11_04_CPJUMP1,compound,U2OS,48,BRD-K32821942-001-22-1,trt,DMSO,azathioprine,PPAT,HPRT1|IMPDH1|PPAT,dehydrogenase inhibitor,0.0,trt,2265.0,Cn1cnc(c1Sc1[nH]cnc2ncnc12)[N+]([O-])=O
BR00117010,E20,train,2020_11_04_CPJUMP1,compound,U2OS,48,BRD-K33882852-003-02-8,trt,DMSO,ZK-93423,GABRB2,GABRA1|GABRA2|GABRA3|GABRA5|GABRB2|GABRG2,benzodiazepine receptor agonist,94.9,control,121926.0,CCOC(=O)c1ncc2[nH]c3ccc(OCc4ccccc4)cc3c2c1COC
BR00117010,E21,train,2020_11_04_CPJUMP1,compound,U2OS,48,BRD-K64890080-001-02-1,trt,DMSO,BI-2536,PLK1,BRD4|PLK1|PLK2|PLK3,PLK inhibitor,0.0,control,11364421.0,CC[C@H]1N(C2CCCC2)c2nc(Nc3ccc(cc3OC)C(=O)NC3CCN(C)CC3)ncc2N(C)C1=O
BR00117010,E22,train,2020_11_04_CPJUMP1,compound,U2OS,48,BRD-K91535048-001-01-2,trt,DMSO,EI1,EZH2,EZH2,histone lysine methyltransferase inhibitor,94.0,control,72199293.0,CCC(CC)n1ccc2c(cc(cc12)C#N)C(=O)NCc1c(C)cc(C)[nH]c1=O
BR00117010,E23,train,2020_11_04_CPJUMP1,compound,U2OS,48,BRD-K67915505-001-01-2,trt,DMSO,NVP-HSP990,HSP90AB1,HSP90AA1|HSP90AB1,HSP inhibitor,94.4,trt,46216556.0,COc1cccc(n1)-c1cc(F)ccc1[C@H]1Cc2nc(N)nc(C)c2C(=O)N1
BR00117010,E24,train,2020_11_04_CPJUMP1,compound,U2OS,48,DMSO,negcon,DMSO,,,,,,,,
BR00117010,F01,train,2020_11_04_CPJUMP1,compound,U2OS,48,DMSO,negcon,DMSO,,,,,,,,
BR00117010,F02,train,2020_11_04_CPJUMP1,compound,U2OS,48,BRD-K12102668-001-25-5,trt,DMSO,nialamide,COMT,COMT|MAOA|MAOB,monoamine oxidase inhibitor,84.9,trt,4472.0,O=C(CCNNC(=O)c1ccncc1)NCc1ccccc1
BR00117010,F03,train,2020_11_04_CPJUMP1,compound,U2OS,48,DMSO,negcon,DMSO,,,,,,,,
BR00117010,F04,train,2020_11_04_CPJUMP1,compound,U2OS,48,BRD-K49223707-001-01-0,trt,DMSO,arundic-acid,S100B,PTGS2|S100B,astrocyte modulating agent,5.6,trt,208925.0,CCCCCC[C@@H](CCC)C(O)=O
BR00117010,F05,train,2020_11_04_CPJUMP1,compound,U2OS,48,BRD-K91822704-003-07-2,trt,DMSO,torcitabine,DCK,DCK|TK2,DNA polymerase inhibitor,0.0,trt,13711.0,Nc1ccn([C@H]2C[C@H](O)[C@@H](CO)O2)c(=O)n1
BR00117010,F06,train,2020_11_04_CPJUMP1,compound,U2OS,48,DMSO,negcon,DMSO,,,,,,,,
BR00117010,F07,train,2020_11_04_CPJUMP1,compound,U2OS,48,BRD-K68164687-001-01-6,trt,DMSO,epothilone-b,TUBB3,TUBA1A|TUBA1B|TUBA1C|TUBA3C|TUBA4A|TUBA8|TUBB|TUBB1|TUBB3|TUBB4A|TUBB4B,microtubule stabilizing agent|tubulin polymerization inhibitor,95.1,trt,129010071.0,C[C@H]1CCC[C@@]2(C)O[C@H]2C[C@@H](OC(=O)C[C@@H](O)C(C)(C)C(=O)[C@H](C)[C@H]1O)C(\C)=C\c1csc(C)n1
BR00117010,F08,train,2020_11_04_CPJUMP1,compound,U2OS,48,BRD-A00827783-001-24-6,trt,DMSO,dyphylline,PDE7A,ADORA1|ADORA2A|PDE3A|PDE4A|PDE4B|PDE4C|PDE4D|PDE7A|PDE7B,adenosine receptor antagonist|phosphodiesterase inhibitor,97.8,trt,3182.0,Cn1c2ncn(CC(O)CO)c2c(=O)n(C)c1=O
BR00117010,F09,train,2020_11_04_CPJUMP1,compound,U2OS,48,DMSO,negcon,DMSO,,,,,,,,
BR00117010,F10,train,2020_11_04_CPJUMP1,compound,U2OS,48,BRD-K59632282-052-03-1,trt,DMSO,quinidine,KCNK1,KCNA5|KCNA7|KCNH1|KCNH2|KCNH5|KCNK1|KCNK6|SCN5A|SLC29A4,sodium channel blocker,85.7,trt,441074.0,COc1ccc2nccc([C@H](O)[C@H]3C[C@@H]4CC[N@]3C[C@@H]4C=C)c2c1
BR00117010,F11,train,2020_11_04_CPJUMP1,compound,U2OS,48,BRD-K50055394-001-03-6,trt,DMSO,halopemide,PLD1,PLD1|PLD2,phospholipase inhibitor,96.3,trt,65490.0,Oc1nc2cc(Cl)ccc2n1C1CCN(CCNC(=O)c2ccc(F)cc2)CC1
BR00117010,F12,train,2020_11_04_CPJUMP1,compound,U2OS,48,BRD-A36217750-001-16-3,trt,DMSO,sulfinpyrazone,FPR1,ABCC1|ABCC2|FPR1|SLC22A12,uricosuric blocker,85.2,trt,5342.0,O=C1C(CCS(=O)c2ccccc2)C(=O)N(N1c1ccccc1)c1ccccc1
BR00117010,F13,train,2020_11_04_CPJUMP1,compound,U2OS,48,BRD-K93942811-001-01-3,trt,DMSO,ML-323,USP1,USP1,ubiquitin specific protease inhibitor,97.1,control,60167849.0,CC(C)c1ccccc1-c1ncc(C)c(NCc2ccc(cc2)-n2ccnn2)n1
BR00117010,F14,train,2020_11_04_CPJUMP1,compound,U2OS,48,BRD-A08187463-001-12-9,trt,DMSO,racecadotril,MME,MME,enkephalinase inhibitor,98.2,trt,107751.0,CC(=O)SCC(Cc1ccccc1)C(=O)NCC(=O)OCc1ccccc1
BR00117010,F15,train,2020_11_04_CPJUMP1,compound,U2OS,48,BRD-K84266862-001-03-2,trt,DMSO,BRL-50481,PDE7A,PDE7A|PDE7B,phosphodiesterase inhibitor,95.1,trt,2921148.0,CN(C)S(=O)(=O)c1cc(ccc1C)[N+]([O-])=O
BR00117010,F16,train,2020_11_04_CPJUMP1,compound,U2OS,48,BRD-K25412176-001-01-9,trt,DMSO,GSK2110183,AKT1,AKT1|AKT2|AKT3,AKT inhibitor,65.4,control,46843057.0,Cn1ncc(Cl)c1-c1cc(sc1Cl)C(=O)N[C@H](CN)Cc1cccc(F)c1
BR00117010,F17,train,2020_11_04_CPJUMP1,compound,U2OS,48,BRD-K36660044-001-24-2,trt,DMSO,bufexamac,HDAC6,HDAC10|HDAC6,cyclooxygenase inhibitor,79.7,trt,2466.0,CCCCOc1ccc(CC(=O)NO)cc1
BR00117010,F18,train,2020_11_04_CPJUMP1,compound,U2OS,48,BRD-K42352790-001-05-3,trt,DMSO,anandamide,GPR55,CACNA1G|CACNA1H|CACNA1I|CNR1|CNR2|GLRA1|GPR18|GPR55|KCNA2|KCNK3|KCNK9|TRPM8|TRPV1,cannabinoid receptor agonist,89.9,trt,5281969.0,CCCCC\C=C/C\C=C/C\C=C/C\C=C/CCCC(=O)NCCO
BR00117010,F19,train,2020_11_04_CPJUMP1,compound,U2OS,48,BRD-K49350383-001-13-7,trt,DMSO,thioguanine,IMPDH1,IMPDH1|IMPDH2,purine antagonist,0.0,control,2723601.0,Nc1nc2nc[nH]c2c(=S)[nH]1
BR00117010,F20,train,2020_11_04_CPJUMP1,compound,U2OS,48,BRD-K53234107-001-01-6,trt,DMSO,IWP-L6,PORCN,PORCN,porcupine inhibitor,94.5,trt,71601111.0,O=C(CSc1nc2CCSc2c(=O)n1-c1ccccc1)Nc1ccc(cn1)-c1ccccc1
BR00117010,F21,train,2020_11_04_CPJUMP1,compound,U2OS,48,BRD-K29322660-001-01-9,trt,DMSO,edoxaban,F10,F10,coagulation factor inhibitor,94.0,trt,49822384.0,CN(C)C(=O)[C@@H]1CC[C@H](NC(=O)C(=O)Nc2ccc(Cl)cn2)[C@H](C1)NC(=O)c1nc2CCN(C)Cc2s1
BR00117010,F22,train,2020_11_04_CPJUMP1,compound,U2OS,48,BRD-K41599323-001-02-3,trt,DMSO,lonafarnib,KRAS,FNTA|HRAS|KRAS|NRAS,farnesyltransferase inhibitor,96.7,control,148195.0,NC(=O)N1CCC(CC(=O)N2CCC(CC2)[C@H]2c3ncc(Br)cc3CCc3cc(Cl)cc(Br)c23)CC1
BR00117010,F23,train,2020_11_04_CPJUMP1,compound,U2OS,48,BRD-K44771174-066-01-0,trt,DMSO,ibutamoren,GHSR,GHR|GHSR,growth hormone secretagogue receptor agonist,94.0,trt,178024.0,CC(C)(N)C(=O)N[C@H](COCc1ccccc1)C(=O)N1CCC2(CN(c3ccccc23)S(C)(=O)=O)CC1
BR00117010,F24,train,2020_11_04_CPJUMP1,compound,U2OS,48,BRD-K14681867-001-01-6,trt,DMSO,somatostatin,SSTR2,OPRD1|OPRM1|SSTR1|SSTR2|SSTR3|SSTR4|SSTR5,somatostatin receptor agonist,58.0,trt,101826531.0,C[C@@H](O)[C@@H]1NC(=O)[C@H](CCCCN)NC(=O)[C@H](Cc2c[nH]c3ccccc23)NC(=O)[C@H](Cc2ccccc2)NC(=O)[C@H](Cc2ccccc2)NC(=O)[C@H](CC(N)=O)NC(=O)[C@H](CCCCN)NC(=O)[C@H](CSSC[C@H](NC(=O)[C@H](CO)NC(=O)[C@@H](NC(=O)[C@H](Cc2ccccc2)NC1=O)[C@@H](C)O)C(O)=O)NC(=O)CNC(=O)[C@H](C)N
BR00117010,G01,train,2020_11_04_CPJUMP1,compound,U2OS,48,BRD-K01666412-001-02-0,trt,DMSO,L-proline,P3H1,EPRS1|L3HYPDH|P3H1|P3H2|P3H3|P4HA1|P4HA2|PARS2|PPIA|PPIB|PPIC|PPIF|PPIG|PPIH|PRODH|PLPBP|PYCR1|PYCR2|PYCR3|SLC6A14|SLC6A7,glutamate receptor agonist,0.0,trt,145742.0,OC(=O)[C@@H]1CCCN1
BR00117010,G02,train,2020_11_04_CPJUMP1,compound,U2OS,48,BRD-K80451230-051-02-6,trt,DMSO,zamifenacin,CHRM3,CHRM3,acetylcholine receptor antagonist,96.9,trt,3086618.0,C(Cc1ccc2OCOc2c1)N1CCC[C@H](C1)OC(c1ccccc1)c1ccccc1
BR00117010,G03,train,2020_11_04_CPJUMP1,compound,U2OS,48,BRD-K60476892-001-16-1,trt,DMSO,YC-1,GUCY1B1,GUCY1A2|GUCY1A1|GUCY1B1|HIF1A,guanylyl cyclase activator,96.3,trt,5712.0,OCc1ccc(o1)-c1nn(Cc2ccccc2)c2ccccc12
BR00117010,G04,train,2020_11_04_CPJUMP1,compound,U2OS,48,DMSO,negcon,DMSO,,,,,,,,
BR00117010,G05,train,2020_11_04_CPJUMP1,compound,U2OS,48,BRD-K24283677-001-01-9,trt,DMSO,ME-0328,PARP3,PARP3,PPAR receptor antagonist,98.4,trt,71571526.0,C[C@H](NC(=O)CCc1nc2ccccc2c(=O)[nH]1)c1ccccc1
BR00117010,G06,train,2020_11_04_CPJUMP1,compound,U2OS,48,BRD-K03109492-001-02-2,trt,DMSO,NSC-663284,CDC25A,CDC25A|CDC25B|CDC25C,CDC inhibitor,0.0,trt,379077.0,ClC1=C(NCCN2CCOCC2)C(=O)c2ncccc2C1=O
BR00117010,G07,train,2020_11_04_CPJUMP1,compound,U2OS,48,BRD-K80666802-003-01-0,trt,DMSO,CYM-50358,S1PR4,S1PR4,sphingosine 1-phosphate receptor antagonist,96.4,trt,53358422.0,Cc1cc(CN)cc(C)c1NC(=O)c1ccc(o1)-c1cc(Cl)ccc1Cl
BR00117010,G08,train,2020_11_04_CPJUMP1,compound,U2OS,48,BRD-K70778732-003-27-5,trt,DMSO,trazodone,HTR2C,ADRA1A|ADRA2A|HRH1|HTR1A|HTR2A|HTR2B|HTR2C|SLC6A4,adrenergic receptor antagonist|serotonin receptor antagonist|serotonin reuptake inhibitor,97.3,trt,5533.0,Clc1cccc(c1)N1CCN(CCCn2nc3ccccn3c2=O)CC1
BR00117010,G09,train,2020_11_04_CPJUMP1,compound,U2OS,48,DMSO,negcon,DMSO,,,,,,,,
BR00117010,G10,train,2020_11_04_CPJUMP1,compound,U2OS,48,DMSO,negcon,DMSO,,,,,,,,
BR00117010,G11,train,2020_11_04_CPJUMP1,compound,U2OS,48,BRD-K10670311-001-17-1,trt,DMSO,sulfasalazine,PLA2G1B,ACAT1|ALOX5|CHUK|IKBKB|PLA2G1B|PPARG|PTGS1|PTGS2|SLC46A1|SLC7A11|TBXAS1,cyclooxygenase inhibitor,91.0,trt,,OC(=O)c1cc(ccc1O)\N=N\c1ccc(cc1)S(=O)(=O)Nc1ccccn1
BR00117010,G12,train,2020_11_04_CPJUMP1,compound,U2OS,48,BRD-K29791386-001-01-8,trt,DMSO,"2,5-furandimethanol",HBB,HBB,hemoglobin modulator,95.2,trt,74663.0,OCc1ccc(CO)o1
BR00117010,G13,train,2020_11_04_CPJUMP1,compound,U2OS,48,DMSO,negcon,DMSO,,,,,,,,
BR00117010,G14,train,2020_11_04_CPJUMP1,compound,U2OS,48,BRD-K48722258-300-11-0,trt,DMSO,dilazep,SLC29A1,SLC29A1,adenosine reuptake inhibitor,86.5,trt,3074.0,COc1cc(cc(OC)c1OC)C(=O)OCCCN1CCCN(CCCOC(=O)c2cc(OC)c(OC)c(OC)c2)CC1
BR00117010,G15,train,2020_11_04_CPJUMP1,compound,U2OS,48,BRD-A30815329-001-12-1,trt,DMSO,felodipine,TNNC1,CACNA1C|CACNA1D|CACNA1F|CACNA1H|CACNA1S|CACNA2D1|CACNA2D2|CACNB2|CALM1|CFTR|NR3C2|PDE1A|PDE1B|TNNC1|TNNC2,calcium channel blocker,95.4,trt,3333.0,CCOC(=O)C1=C(C)NC(C)=C(C1c1cccc(Cl)c1Cl)C(=O)OC
BR00117010,G16,train,2020_11_04_CPJUMP1,compound,U2OS,48,BRD-A99888680-001-05-3,trt,DMSO,paliperidone,HTR2C,ADRA1A|ADRA1B|ADRA2A|ADRA2B|ADRA2C|CYP2D6|CYP3A4|CYP3A5|DRD1|DRD2|DRD3|DRD4|HRH1|HTR1A|HTR1D|HTR2A|HTR2C,dopamine receptor antagonist|serotonin receptor antagonist,80.4,trt,115237.0,Cc1nc2C(O)CCCn2c(=O)c1CCN1CCC(CC1)c1noc2cc(F)ccc12
BR00117010,G17,train,2020_11_04_CPJUMP1,compound,U2OS,48,BRD-K50836978-001-03-3,trt,DMSO,purvalanol-a,CDK2,CDK1|CDK2|CDK4|CDK5|CSNK1G3|RPS6KA1|SRC,CDK inhibitor,97.3,control,456214.0,CC(C)[C@H](CO)Nc1nc(Nc2cccc(Cl)c2)c2ncn(C(C)C)c2n1
BR00117010,G18,train,2020_11_04_CPJUMP1,compound,U2OS,48,DMSO,negcon,DMSO,,,,,,,,
BR00117010,G19,train,2020_11_04_CPJUMP1,compound,U2OS,48,BRD-K77220725-003-01-5,trt,DMSO,Ro-1138452,PTGIR,PTGIR,prostanoid receptor antagonist,95.7,trt,9839644.0,CC(C)Oc1ccc(Cc2ccc(NC3=NCCN3)cc2)cc1
BR00117010,G20,train,2020_11_04_CPJUMP1,compound,U2OS,48,BRD-A89164055-001-03-3,trt,DMSO,sorbinil,AKR1B1,AKR1B1,aldose reductase inhibitor,0.0,trt,5252.0,Fc1ccc2OCCC3(NC(=O)NC3=O)c2c1
BR00117010,G21,train,2020_11_04_CPJUMP1,compound,U2OS,48,BRD-K89517477-001-01-4,trt,DMSO,TC-S-7004,DYRK1B,DYRK1A|DYRK1B,DYRK inhibitor,91.3,control,57523919.0,COc1ncc2cc(C(=O)Nc3cc(ccc3Cl)C(=O)NCc3cccc(Cl)c3)c(=O)[nH]c2n1
BR00117010,G22,train,2020_11_04_CPJUMP1,compound,U2OS,48,BRD-A24122750-001-03-7,trt,DMSO,saclofen,KCTD16,GABBR1|GABBR2|KCTD12|KCTD16|KCTD8,GABA receptor antagonist,93.0,trt,122150.0,NCC(CS(O)(=O)=O)c1ccc(Cl)cc1
BR00117010,G23,train,2020_11_04_CPJUMP1,compound,U2OS,48,BRD-K70463136-001-01-5,trt,DMSO,BAY-87-2243,HIF1A,HIF1A,hypoxia inducible factor inhibitor,92.6,trt,67377767.0,Cc1cc(nn1Cc1ccnc(c1)N1CCN(CC1)C1CC1)-c1nc(no1)-c1ccc(OC(F)(F)F)cc1
BR00117010,G24,train,2020_11_04_CPJUMP1,compound,U2OS,48,BRD-K16444452-001-09-1,trt,DMSO,ibudilast,PDE4D,IL1B|IL6|PDE3A|PDE4A|PDE4B|PDE4C|PDE4D|PDE5A,leukotriene receptor antagonist|phosphodiesterase inhibitor,68.5,trt,3671.0,CC(C)C(=O)c1c(nn2ccccc12)C(C)C
BR00117010,H01,train,2020_11_04_CPJUMP1,compound,U2OS,48,BRD-K05531427-001-01-7,trt,DMSO,briciclib,CCND1,CCND1,cyclin D inhibitor,94.8,trt,11248490.0,COc1cc(OC)c(\C=C\S(=O)(=O)Cc2ccc(OC)c(OP(O)(O)=O)c2)c(OC)c1
BR00117010,H02,train,2020_11_04_CPJUMP1,compound,U2OS,48,BRD-K77087341-001-02-4,trt,DMSO,2-Oleoylglycerol,GPR119,GPR119,glucose dependent insulinotropic receptor ligand,7.4,trt,5319879.0,CCCCCCCC\C=C/CCCCCCCC(=O)OC(CO)CO
BR00117010,H03,train,2020_11_04_CPJUMP1,compound,U2OS,48,BRD-K61688984-001-02-9,trt,DMSO,RGFP966,HDAC3,HDAC3,HDAC inhibitor,93.0,control,56650312.0,Nc1cc(F)ccc1NC(=O)\C=C\c1cnn(C\C=C\c2ccccc2)c1
BR00117010,H04,train,2020_11_04_CPJUMP1,compound,U2OS,48,DMSO,negcon,DMSO,,,,,,,,
BR00117010,H05,train,2020_11_04_CPJUMP1,compound,U2OS,48,BRD-K03406345-001-21-1,trt,DMSO,azacitidine,DNMT3A,DNMT1|DNMT3A,DNA methyltransferase inhibitor,0.0,control,9444.0,Nc1ncn([C@@H]2O[C@H](CO)[C@@H](O)[C@H]2O)c(=O)n1
BR00117010,H06,train,2020_11_04_CPJUMP1,compound,U2OS,48,BRD-K60150510-001-15-6,trt,DMSO,N6-cyclopentyladenosine,SLC29A1,ADORA1|ADORA2A|ADORA2B|ADORA3|SLC29A1,adenosine receptor agonist,96.7,trt,657378.0,OC[C@H]1O[C@H]([C@H](O)[C@@H]1O)n1cnc2c(NC3CCCC3)ncnc12
BR00117010,H07,train,2020_11_04_CPJUMP1,compound,U2OS,48,BRD-K16803204-001-01-6,trt,DMSO,filgotinib,JAK1,JAK1|JAK2|JAK3|TYK2,JAK inhibitor,89.6,control,49831257.0,O=C(Nc1nc2cccc(-c3ccc(CN4CCS(=O)(=O)CC4)cc3)n2n1)C1CC1
BR00117010,H08,train,2020_11_04_CPJUMP1,compound,U2OS,48,BRD-K76037122-001-02-5,trt,DMSO,guanidine,RNASE1,ALDH2|DLG4|GAMT|RNASE1,HSP inhibitor,1.9,trt,3520.0,NC(N)=N
BR00117010,H09,train,2020_11_04_CPJUMP1,compound,U2OS,48,BRD-K23913458-001-20-7,trt,DMSO,coumarin,CA14,CA1|CA12|CA14|CA2|CA4|CA6|CA9|CYP2A6,vitamin K antagonist,98.0,trt,323.0,O=c1ccc2ccccc2o1
BR00117010,H10,train,2020_11_04_CPJUMP1,compound,U2OS,48,DMSO,negcon,DMSO,,,,,,,,
BR00117010,H11,train,2020_11_04_CPJUMP1,compound,U2OS,48,BRD-K73789395-001-09-9,trt,DMSO,ZM-336372,BRAF,BRAF|LCK|MAPK14|RAF1,RAF inhibitor,62.0,control,5730.0,CN(C)c1cccc(c1)C(=O)Nc1ccc(C)c(NC(=O)c2ccc(O)cc2)c1
BR00117010,H12,train,2020_11_04_CPJUMP1,compound,U2OS,48,BRD-K76792669-001-08-1,trt,DMSO,citric-acid,RNASE1,AKR1B1|ANG|APRT|BHMT|C8G|CA4|CPB1|CS|CTDSP1|GNMT|HGS|HS3ST3A1|IL4I1|ITPA|LSM6|MDH2|MIF|PDE5A|PKD2L1|PLEKHA1|RNASE1|RNASE3|SRC|TNFSF13B|UCK2,coagulation factor inhibitor,0.0,trt,19782904.0,OC(=O)CC(O)(CC(O)=O)C(O)=O
BR00117010,H13,train,2020_11_04_CPJUMP1,compound,U2OS,48,DMSO,negcon,DMSO,,,,,,,,
BR00117010,H14,train,2020_11_04_CPJUMP1,compound,U2OS,48,BRD-K26970495-001-02-7,trt,DMSO,CCG-63802,RGS4,RGS4,G protein signaling inhibitor,0.0,trt,6057678.0,Cc1cccc(Oc2nc3c(C)cccn3c(=O)c2\C=C(/C#N)c2nc3ccccc3s2)c1
BR00117010,H15,train,2020_11_04_CPJUMP1,compound,U2OS,48,BRD-A74391928-051-03-9,trt,DMSO,ibutilide,KCNK1,CACNA1C|CACNA2D1|CACNB1|CACNG1|KCNH2|KCNH6|KCNH7|KCNJ11|KCNK1|KCNK6,potassium channel blocker,95.1,trt,60753.0,CCCCCCCN(CC)CCCC(O)c1ccc(NS(C)(=O)=O)cc1
BR00117010,H16,train,2020_11_04_CPJUMP1,compound,U2OS,48,BRD-K82818427-001-04-8,trt,DMSO,batimastat,MMP2,ADAM28|ADAMTS5|MMP12|MMP16|MMP2|MMP8,matrix metalloprotease inhibitor,86.5,trt,5362422.0,CNC(=O)[C@H](Cc1ccccc1)NC(=O)[C@H](CC(C)C)[C@H](CSc1cccs1)C(=O)NO
BR00117010,H17,train,2020_11_04_CPJUMP1,compound,U2OS,48,DMSO,negcon,DMSO,,,,,,,,
BR00117010,H18,train,2020_11_04_CPJUMP1,compound,U2OS,48,DMSO,negcon,DMSO,,,,,,,,
BR00117010,H19,train,2020_11_04_CPJUMP1,compound,U2OS,48,BRD-K26989966-001-04-3,trt,DMSO,UNC1999,EZH2,EZH2,histone lysine methyltransferase inhibitor,88.2,control,72551585.0,CCCc1cc(C)[nH]c(=O)c1CNC(=O)c1cc(cc2n(ncc12)C(C)C)-c1ccc(nc1)N1CCN(CC1)C(C)C
BR00117010,H20,train,2020_11_04_CPJUMP1,compound,U2OS,48,BRD-K83896451-001-06-7,trt,DMSO,glutamine-(l),PPAT,CTPS1|GLUL|GPRC6A|PPAT,,0.0,trt,5961.0,N[C@@H](CCC(N)=O)C(O)=O
BR00117010,H21,train,2020_11_04_CPJUMP1,compound,U2OS,48,BRD-K62810658-001-11-4,trt,DMSO,PD-98059,BRAF,AKT1|BRAF|CHEK1|GSK3B|LCK|MAP2K1|MAPK1|MAPK11|MAPK12|MAPK14|MAPK8|PRKCA|RAF1|ROCK1|RPS6KB1|SGK1,MEK inhibitor,96.3,control,4713.0,COc1cccc(-c2cc(=O)c3ccccc3o2)c1N
BR00117010,H22,train,2020_11_04_CPJUMP1,compound,U2OS,48,BRD-K01825690-065-01-9,trt,DMSO,enilconazole,CYP1A2,CYP19A1|CYP1A2|CYP2B6|CYP2C9|CYP2J2|CYP3A4|CYP3A5|NR1I2|PPARA|PTGER2,sterol demethylase inhibitor,91.6,trt,37175.0,Clc1ccc(C(Cn2ccnc2)OCC=C)c(Cl)c1
BR00117010,H23,train,2020_11_04_CPJUMP1,compound,U2OS,48,BRD-K75390981-300-04-9,trt,DMSO,N-alpha-Methylhistamine-dihydrochloride,HRH4,HRH4,histamine receptor agonist,88.4,trt,912.0,CNCCc1cnc[nH]1
BR00117010,H24,train,2020_11_04_CPJUMP1,compound,U2OS,48,BRD-K38272302-001-02-7,trt,DMSO,GK921,TGM2,TGM2,transglutaminase inhibitor,95.4,trt,56682080.0,C(CN1CCCC1)Oc1nc2cccnc2nc1C#Cc1ccccc1
BR00117010,I01,train,2020_11_04_CPJUMP1,compound,U2OS,48,BRD-A84687895-001-03-2,trt,DMSO,nilvadipine,CACNA2D3,CACNA1C|CACNA1D|CACNA1S|CACNA2D1|CACNA2D3|CACNB2,calcium channel blocker,82.0,trt,4494.0,COC(=O)C1=C(NC(C)=C(C1c1cccc(c1)[N+]([O-])=O)C(=O)OC(C)C)C#N
BR00117010,I02,train,2020_11_04_CPJUMP1,compound,U2OS,48,DMSO,negcon,DMSO,,,,,,,,
BR00117010,I03,train,2020_11_04_CPJUMP1,compound,U2OS,48,BRD-K15819326-001-01-6,trt,DMSO,AC-710,CSF1R,CSF1R|FLT3|KIT|PDGFRA|PDGFRB,PDGFR tyrosine kinase receptor inhibitor,98.5,trt,54760053.0,CCN1C(C)(C)CC(CC1(C)C)Oc1ccc(nc1)C(=O)Nc1ccc(NC(=O)Nc2cc(on2)C(C)(C)C)cc1
BR00117010,I04,train,2020_11_04_CPJUMP1,compound,U2OS,48,BRD-A93477898-001-04-2,trt,DMSO,PETCM,CASP3,CASP3,caspase activator,73.4,trt,224859.0,OC(Cc1ccncc1)C(Cl)(Cl)Cl
BR00117010,I05,train,2020_11_04_CPJUMP1,compound,U2OS,48,BRD-K86525559-001-07-8,trt,DMSO,AZD7762,CHEK2,CHEK1|CHEK2,CHK inhibitor,87.8,control,11152667.0,NC(=O)Nc1cc(sc1C(=O)N[C@H]1CCCNC1)-c1cccc(F)c1
BR00117010,I06,train,2020_11_04_CPJUMP1,compound,U2OS,48,BRD-K64800655-001-09-0,trt,DMSO,PHA-793887,CDK7,CDK1|CDK2|CDK4|CDK5|CDK7|CDK9,CDK inhibitor,0.0,control,46191454.0,CC(C)CC(=O)Nc1n[nH]c2c1CN(C(=O)C1CCN(C)CC1)C2(C)C
BR00117010,I07,train,2020_11_04_CPJUMP1,compound,U2OS,48,BRD-K36016295-001-05-2,trt,DMSO,KU-60019,ATM,ATM,ATM kinase inhibitor,81.9,trt,15953870.0,C[C@H]1CN(CC(=O)Nc2ccc3Sc4c(Cc3c2)cccc4-c2cc(=O)cc(o2)N2CCOCC2)C[C@@H](C)O1
BR00117010,I08,train,2020_11_04_CPJUMP1,compound,U2OS,48,BRD-K06674495-334-04-0,trt,DMSO,nafamostat,ASIC1,ASIC1|ASIC2|ASIC3|C1R|PRSS1|TPSAB1|TRPM7,serine protease inhibitor,20.4,trt,4413.0,NC(=N)Nc1ccc(cc1)C(=O)Oc1ccc2cc(ccc2c1)C(N)=N
BR00117010,I09,train,2020_11_04_CPJUMP1,compound,U2OS,48,DMSO,negcon,DMSO,,,,,,,,
BR00117010,I10,train,2020_11_04_CPJUMP1,compound,U2OS,48,DMSO,negcon,DMSO,,,,,,,,
BR00117010,I11,train,2020_11_04_CPJUMP1,compound,U2OS,48,BRD-K50498985-001-03-3,trt,DMSO,taladegib,DHH,DHH|IHH|SMO,smoothened receptor antagonist,97.2,trt,49848070.0,CN(C1CCN(CC1)c1nnc(-c2ccnn2C)c2ccccc12)C(=O)c1ccc(F)cc1C(F)(F)F
BR00117010,I12,train,2020_11_04_CPJUMP1,compound,U2OS,48,BRD-K52960356-001-13-0,trt,DMSO,acetohexamide,KCNJ1,ABCC8|KCNJ1|KCNJ10|KCNJ11,ATP channel blocker,0.4,trt,1989.0,CC(=O)c1ccc(cc1)S(=O)(=O)NC(=O)NC1CCCCC1
BR00117010,I13,train,2020_11_04_CPJUMP1,compound,U2OS,48,BRD-A69651145-003-11-4,trt,DMSO,minocycline,IL1B,ALOX5|CASP1|CASP3|CYCS|IL1B|MMP9|VEGFA,bacterial 30S ribosomal subunit inhibitor,68.1,trt,54575046.0,CN(C)[C@H]1[C@@H]2C[C@@H]3Cc4c(ccc(O)c4C(=O)C3C(=O)[C@]2(O)C(=O)C(C(N)=O)C1=O)N(C)C
BR00117010,I14,train,2020_11_04_CPJUMP1,compound,U2OS,48,BRD-K64890080-001-02-1,trt,DMSO,BI-2536,PLK1,BRD4|PLK1|PLK2|PLK3,PLK inhibitor,0.0,control,11364421.0,CC[C@H]1N(C2CCCC2)c2nc(Nc3ccc(cc3OC)C(=O)NC3CCN(C)CC3)ncc2N(C)C1=O
BR00117010,I15,train,2020_11_04_CPJUMP1,compound,U2OS,48,BRD-K84783599-001-01-0,trt,DMSO,riociguat,GUCY1B1,GUCY1A2|GUCY1A1|GUCY1B2|GUCY1B1,guanylate cyclase stimulant,97.4,trt,11304743.0,COC(=O)N(C)c1c(N)nc(nc1N)-c1nn(Cc2ccccc2F)c2ncccc12
BR00117010,I16,train,2020_11_04_CPJUMP1,compound,U2OS,48,BRD-K76908866-001-07-6,trt,DMSO,CP-724714,ERBB2,ERBB2,EGFR inhibitor|protein tyrosine kinase inhibitor,96.2,control,9874913.0,COCC(=O)NC\C=C\c1ccc2ncnc(Nc3ccc(Oc4ccc(C)nc4)c(C)c3)c2c1
BR00117010,I17,train,2020_11_04_CPJUMP1,compound,U2OS,48,BRD-K38852836-001-04-9,trt,DMSO,ganetespib,HSP90AA1,HSP90AA1,HSP inhibitor,81.0,control,,CC(C)c1cc(-c2n[nH]c(=O)n2-c2ccc3n(C)ccc3c2)c(O)cc1O
BR00117010,I18,train,2020_11_04_CPJUMP1,compound,U2OS,48,BRD-K80935598-001-01-1,trt,DMSO,AZ191,DYRK1B,DYRK1B,DYRK inhibitor,85.4,control,72716071.0,COc1cc(ccc1Nc1nccc(n1)-c1cn(C)c2cnccc12)N1CCN(C)CC1
BR00117010,I19,train,2020_11_04_CPJUMP1,compound,U2OS,48,BRD-A18763547-300-06-3,trt,DMSO,BAX-channel-blocker,BAX,BAX,cytochrome C release inhibitor,95.3,trt,2729027.0,OC(CN1CCNCC1)Cn1c2ccc(Br)cc2c2cc(Br)ccc12
BR00117010,I20,train,2020_11_04_CPJUMP1,compound,U2OS,48,BRD-K32730239-001-01-0,trt,DMSO,SU3327,MAPK8,MAPK8,JNK inhibitor,86.4,trt,11837140.0,Nc1nnc(Sc2ncc(s2)[N+]([O-])=O)s1
BR00117010,I21,train,2020_11_04_CPJUMP1,compound,U2OS,48,DMSO,negcon,DMSO,,,,,,,,
BR00117010,I22,train,2020_11_04_CPJUMP1,compound,U2OS,48,DMSO,negcon,DMSO,,,,,,,,
BR00117010,I23,train,2020_11_04_CPJUMP1,compound,U2OS,48,BRD-A64173453-015-03-1,trt,DMSO,octreotide,SSTR2,SSTR1|SSTR2|SSTR3|SSTR5,somatostatin receptor agonist,94.8,trt,383414.0,CC(O)C(CO)NC(=O)C1CSSCC(NC(=O)C(N)Cc2ccccc2)C(=O)NC(Cc2ccccc2)C(=O)NC(Cc2c[nH]c3ccccc23)C(=O)NC(CCCCN)C(=O)NC(C(C)O)C(=O)N1
BR00117010,I24,train,2020_11_04_CPJUMP1,compound,U2OS,48,BRD-K09338665-001-08-9,trt,DMSO,1-octanol,GJB4,GJA1|GJA10|GJA3|GJA4|GJA5|GJA8|GJA9|GJB1|GJB2|GJB3|GJB4|GJB5|GJB6|GJB7|GJC1|GJC2|GJC3|GJD2|GJD3|GJD4|GJE1,,0.0,trt,957.0,CCCCCCCCO
BR00117010,J01,train,2020_11_04_CPJUMP1,compound,U2OS,48,BRD-K64034691-001-01-9,trt,DMSO,acalabrutinib,BTK,BTK,Bruton's tyrosine kinase (BTK) inhibitor,71.5,trt,71226662.0,CC#CC(=O)N1CCC[C@H]1c1nc(-c2ccc(cc2)C(=O)Nc2ccccn2)c2c(N)nccn12
BR00117010,J02,train,2020_11_04_CPJUMP1,compound,U2OS,48,BRD-K38512030-001-01-7,trt,DMSO,rifamycin,SLCO2B1,SLCO1A2|SLCO1B1|SLCO1B3|SLCO2B1,DNA directed RNA polymerase inhibitor,12.2,trt,6324616.0,CO[C@H]1\C=C\O[C@@]2(C)Oc3c(C2=O)c2c(O)cc(NC(=O)\C(C)=C/C=C/[C@H](C)[C@H](O)[C@@H](C)[C@@H](O)[C@@H](C)[C@H](OC(C)=O)[C@@H]1C)c(O)c2c(O)c3C
BR00117010,J03,train,2020_11_04_CPJUMP1,compound,U2OS,48,BRD-K74514084-003-09-2,trt,DMSO,pazopanib,FGF1,CSF1R|FGF1|FGFR1|FGFR3|FLT1|FLT4|ITK|KDR|KIT|PDGFRA|PDGFRB|SH2B3,KIT inhibitor|PDGFR tyrosine kinase receptor inhibitor|VEGFR inhibitor,97.8,trt,10113978.0,CN(c1ccc2c(C)n(C)nc2c1)c1ccnc(Nc2ccc(C)c(c2)S(N)(=O)=O)n1
BR00117010,J04,train,2020_11_04_CPJUMP1,compound,U2OS,48,BRD-K19333160-001-01-3,trt,DMSO,RKI-1447,PAK1,CDC42BPA|DMPK|LIMK1|MYLK|PAK1|PKN1|ROCK1|ROCK2,rho associated kinase inhibitor,93.9,control,60138149.0,Oc1cccc(CNC(=O)Nc2nc(cs2)-c2ccncc2)c1
BR00117010,J05,train,2020_11_04_CPJUMP1,compound,U2OS,48,BRD-K97091514-001-11-4,trt,DMSO,vitamin-E,PRKCB,ALOX5|DGKA|NR1I2|PPP2CA|PPP2CB|PRKCA|PRKCB|SEC14L2|SEC14L3|SEC14L4,PKC inhibitor|LDL oxidation inhibitor,0.0,trt,14985.0,CC(C)CCC[C@@H](C)CCC[C@@H](C)CCC[C@]1(C)CCc2c(C)c(O)c(C)c(C)c2O1
BR00117010,J06,train,2020_11_04_CPJUMP1,compound,U2OS,48,BRD-K41599323-001-02-3,trt,DMSO,lonafarnib,KRAS,FNTA|HRAS|KRAS|NRAS,farnesyltransferase inhibitor,96.7,control,148195.0,NC(=O)N1CCC(CC(=O)N2CCC(CC2)[C@H]2c3ncc(Br)cc3CCc3cc(Cl)cc(Br)c23)CC1
BR00117010,J07,train,2020_11_04_CPJUMP1,compound,U2OS,48,BRD-K47738867-001-01-5,trt,DMSO,ethyl-pyruvate,TNF,HMGB1|TNF,tumor necrosis factor production inhibitor,0.0,trt,12041.0,CCOC(=O)C(C)=O
BR00117010,J08,train,2020_11_04_CPJUMP1,compound,U2OS,48,BRD-A91822151-001-05-0,trt,DMSO,picrotin,GLRA3,GABRA1|GABRR1|GLRA1|GLRA2|GLRA3|GLRB,GABA receptor antagonist,58.4,trt,4815.0,CC(C)(O)C1C2OC(=O)C1C1(O)CC3OC33C(=O)OC2C13C
BR00117010,J09,train,2020_11_04_CPJUMP1,compound,U2OS,48,BRD-K19477839-001-07-6,trt,DMSO,SGX523,MET,MET,hepatocyte growth factor receptor inhibitor,97.7,control,24779724.0,Cn1cc(cn1)-c1ccc2nnc(Sc3ccc4ncccc4c3)n2n1
BR00117010,J10,train,2020_11_04_CPJUMP1,compound,U2OS,48,BRD-K95785537-001-22-3,trt,DMSO,PP-2,LYN,ABL1|LCK|LYN|RIPK2|SRC,src inhibitor,96.6,trt,4878.0,CC(C)(C)n1nc(-c2ccc(Cl)cc2)c2c(N)ncnc12
BR00117010,J11,train,2020_11_04_CPJUMP1,compound,U2OS,48,BRD-A63444178-001-01-5,trt,DMSO,ME-0328,PARP3,PARP3,PPAR receptor antagonist,97.1,trt,51147633.0,CC(NC(=O)CCc1nc(=O)c2ccccc2[nH]1)c1ccccc1
BR00117010,J12,train,2020_11_04_CPJUMP1,compound,U2OS,48,BRD-K31476763-001-01-5,trt,DMSO,AZD9668,ELANE,ELANE,elastase inhibitor,95.8,trt,46861623.0,Cc1c(cc(C(=O)NCc2ccc(cn2)S(C)(=O)=O)c(=O)n1-c1cccc(c1)C(F)(F)F)-c1ccnn1C
BR00117010,J13,train,2020_11_04_CPJUMP1,compound,U2OS,48,BRD-K61918008-001-07-1,trt,DMSO,NQDI-1,CASP3,CASP3,caspase inhibitor,0.0,trt,5522952.0,CCOC(=O)c1c(O)nc2cccc3C(=O)c4ccccc4-c1c23
BR00117010,J14,train,2020_11_04_CPJUMP1,compound,U2OS,48,DMSO,negcon,DMSO,,,,,,,,
BR00117010,J15,train,2020_11_04_CPJUMP1,compound,U2OS,48,BRD-K09295674-001-09-8,trt,DMSO,carzenide,CA14,CA1|CA12|CA14|CA2|CA6|CA9,,0.0,trt,8739.0,NS(=O)(=O)c1ccc(cc1)C(O)=O
BR00117010,J16,train,2020_11_04_CPJUMP1,compound,U2OS,48,BRD-K25311561-001-10-7,trt,DMSO,KU-55933,ATM,ATM|PRKDC,ATM kinase inhibitor,97.7,trt,5278396.0,O=c1cc(oc(c1)-c1cccc2Sc3ccccc3Sc12)N1CCOCC1
BR00117010,J17,train,2020_11_04_CPJUMP1,compound,U2OS,48,BRD-K24696047-001-02-3,trt,DMSO,NVP-AEW541,IGF1R,IGF1R|INSR,IGF-1 inhibitor,95.3,control,,Nc1ncnc2n(cc(-c3cccc(OCc4ccccc4)c3)c12)[C@@H]1C[C@H](CN2CCC2)C1
BR00117010,J18,train,2020_11_04_CPJUMP1,compound,U2OS,48,BRD-K78692225-001-24-5,trt,DMSO,leflunomide,PTK2B,AHR|DHODH|PTK2B,dihydroorotate dehydrogenase inhibitor|PDGFR tyrosine kinase receptor inhibitor,87.4,trt,3899.0,Cc1oncc1C(=O)Nc1ccc(cc1)C(F)(F)F
BR00117010,J19,train,2020_11_04_CPJUMP1,compound,U2OS,48,DMSO,negcon,DMSO,,,,,,,,
BR00117010,J20,train,2020_11_04_CPJUMP1,compound,U2OS,48,BRD-K03406345-001-21-1,trt,DMSO,azacitidine,DNMT3A,DNMT1|DNMT3A,DNA methyltransferase inhibitor,0.0,control,9444.0,Nc1ncn([C@@H]2O[C@H](CO)[C@@H](O)[C@H]2O)c(=O)n1
BR00117010,J21,train,2020_11_04_CPJUMP1,compound,U2OS,48,BRD-K03601870-001-01-2,trt,DMSO,ixabepilone,TUBB4B,TUBA1A|TUBA1B|TUBA1C|TUBA3C|TUBA3D|TUBA3E|TUBA4A|TUBB|TUBB1|TUBB2A|TUBB2B|TUBB3|TUBB4A|TUBB4B|TUBB6|TUBB8,microtubule stabilizing agent,93.2,trt,6445540.0,C[C@H]1CCC[C@@]2(C)O[C@H]2C[C@H](NC(=O)C[C@H](O)C(C)(C)C(=O)[C@H](C)[C@H]1O)C(\C)=C\c1csc(C)n1
BR00117010,J22,train,2020_11_04_CPJUMP1,compound,U2OS,48,BRD-K66430217-001-03-8,trt,DMSO,KH-CB19,CLK1,CLK1|CLK3|DYRK1A,CDC inhibitor,44.5,control,44237094.0,CCOC(=O)c1c(\C(=C/N)C#N)c2ccc(Cl)c(Cl)c2n1C
BR00117010,J23,train,2020_11_04_CPJUMP1,compound,U2OS,48,DMSO,negcon,DMSO,,,,,,,,
BR00117010,J24,train,2020_11_04_CPJUMP1,compound,U2OS,48,BRD-K02554563-001-01-6,trt,DMSO,PF-05190457,GHSR,GHSR,growth hormone secretagogue receptor inverse agonist,92.4,trt,58438464.0,Cc1cn2cc(CC(=O)N3CCC4(CN(C4)[C@@H]4CCc5cc(ccc45)-c4cc(C)ncn4)CC3)nc2s1
BR00117010,K01,train,2020_11_04_CPJUMP1,compound,U2OS,48,BRD-K59831625-001-03-9,trt,DMSO,LDN-212854,ABL1,ABL1|ACVR1|RIPK2,bone morphogenic protein inhibitor,93.3,trt,60182388.0,C1CN(CCN1)c1ccc(cc1)-c1cnc2c(cnn2c1)-c1cccc2ncccc12
BR00117010,K02,train,2020_11_04_CPJUMP1,compound,U2OS,48,BRD-K55567017-001-12-3,trt,DMSO,formononetin,ADH1C,ADH1C|SLC5A2,alcohol dehydrogenase inhibitor,95.8,trt,5280378.0,COc1ccc(cc1)-c1coc2cc(O)ccc2c1=O
BR00117010,K03,train,2020_11_04_CPJUMP1,compound,U2OS,48,BRD-K07762753-001-05-1,trt,DMSO,aminopurvalanol-a,CDK2,CDK1|CDK2|CDK5|CDK6,CDK inhibitor|tyrosine kinase inhibitor,95.8,control,6604931.0,CC(C)[C@H](CO)Nc1nc(Nc2cc(N)cc(Cl)c2)c2ncn(C(C)C)c2n1
BR00117010,K04,train,2020_11_04_CPJUMP1,compound,U2OS,48,BRD-K53972329-001-01-3,trt,DMSO,ruxolitinib,JAK1,JAK1|JAK2|JAK3|TYK2,JAK inhibitor,97.4,control,25126798.0,N#CC[C@H](C1CCCC1)n1cc(cn1)-c1ncnc2[nH]ccc12
BR00117010,K05,train,2020_11_04_CPJUMP1,compound,U2OS,48,DMSO,negcon,DMSO,,,,,,,,
BR00117010,K06,train,2020_11_04_CPJUMP1,compound,U2OS,48,DMSO,negcon,DMSO,,,,,,,,
BR00117010,K07,train,2020_11_04_CPJUMP1,compound,U2OS,48,BRD-K16810791-001-01-0,trt,DMSO,LGK-974,PORCN,PORCN,porcupine inhibitor,95.7,trt,46926973.0,Cc1cc(ccn1)-c1ncc(CC(=O)Nc2ccc(cn2)-c2cnccn2)cc1C
BR00117010,K08,train,2020_11_04_CPJUMP1,compound,U2OS,48,BRD-K43236057-001-07-1,trt,DMSO,polydatin,ICAM1,ICAM1,ICAM1 expression inhibitor,0.0,trt,5281718.0,OC[C@H]1O[C@@H](Oc2cc(O)cc(\C=C\c3ccc(O)cc3)c2)[C@H](O)[C@@H](O)[C@@H]1O
BR00117010,K09,train,2020_11_04_CPJUMP1,compound,U2OS,48,BRD-A51831848-001-01-7,trt,DMSO,enflurane,ATP5F1D,ATP2C1|ATP5F1D|GABRA1|GABRA2|GABRA3|GABRA4|GABRA5|GABRA6|GABRB1|GABRB2|GABRB3|GABRD|GABRE|GABRG1|GABRG2|GABRG3|GABRP|GABRQ|GLRA1|GLRB|GRIA1|KCNA1|KCNK10|KCNK18|KCNK2|KCNK3|KCNK9|KCNN4,membrane permeability inhibitor,0.0,trt,3226.0,FC(F)OC(F)(F)C(F)Cl
BR00117010,K10,train,2020_11_04_CPJUMP1,compound,U2OS,48,BRD-K13094524-001-04-2,trt,DMSO,PFI-1,BRD4,BRD4,bromodomain inhibitor,7.6,control,71271629.0,COc1ccccc1S(=O)(=O)Nc1ccc2NC(=O)N(C)Cc2c1
BR00117010,K11,train,2020_11_04_CPJUMP1,compound,U2OS,48,BRD-K86525559-001-07-8,trt,DMSO,AZD7762,CHEK2,CHEK1|CHEK2,CHK inhibitor,87.8,control,11152667.0,NC(=O)Nc1cc(sc1C(=O)N[C@H]1CCCNC1)-c1cccc(F)c1
BR00117010,K12,train,2020_11_04_CPJUMP1,compound,U2OS,48,BRD-K16761703-001-03-8,trt,DMSO,sotrastaurin,PRKCE,PRKCA|PRKCB|PRKCD|PRKCE|PRKCH|PRKCQ,PKC inhibitor,96.6,trt,10296883.0,CN1CCN(CC1)c1nc(C2=C(C(=O)NC2=O)c2c[nH]c3ccccc23)c2ccccc2n1
BR00117010,K13,train,2020_11_04_CPJUMP1,compound,U2OS,48,DMSO,negcon,DMSO,,,,,,,,
BR00117010,K14,train,2020_11_04_CPJUMP1,compound,U2OS,48,BRD-K36055864-001-20-0,trt,DMSO,cycloheximide,RPL3,RPL3,protein synthesis inhibitor,79.6,trt,6197.0,C[C@H]1C[C@H](C)C(=O)[C@@H](C1)[C@H](O)CC1CC(=O)NC(=O)C1
BR00117010,K15,train,2020_11_04_CPJUMP1,compound,U2OS,48,BRD-K25243230-001-01-2,trt,DMSO,oxytocin,AVPR1A,AVPR1A|AVPR1B|AVPR2|OXTR,oxytocin receptor agonist,55.5,trt,439302.0,CC[C@H](C)[C@@H]1NC(=O)[C@H](Cc2ccc(O)cc2)NC(=O)[C@@H](N)CSSC[C@H](NC(=O)[C@H](CC(N)=O)NC(=O)[C@H](CCC(N)=O)NC1=O)C(=O)N1CCC[C@H]1C(=O)N[C@@H](CC(C)C)C(=O)NCC(N)=O
BR00117010,K16,train,2020_11_04_CPJUMP1,compound,U2OS,48,DMSO,negcon,DMSO,,,,,,,,
BR00117010,K17,train,2020_11_04_CPJUMP1,compound,U2OS,48,BRD-K00259736-001-16-4,trt,DMSO,colchicine,TUBB3,GLRA1|GLRA2|TUBA1A|TUBA1B|TUBA1C|TUBA3C|TUBA3D|TUBA3E|TUBA4A|TUBB|TUBB1|TUBB2A|TUBB2B|TUBB3|TUBB4A|TUBB4B|TUBB6|TUBB8,microtubule inhibitor,94.3,trt,6167.0,COc1cc2CC[C@H](NC(C)=O)c3cc(=O)c(OC)ccc3-c2c(OC)c1OC
BR00117010,K18,train,2020_11_04_CPJUMP1,compound,U2OS,48,BRD-K04210847-001-21-9,trt,DMSO,afimoxifene,PLD1,ESR1|ESR2|ESRRG|PLD1|PRKCD|PRKCE|PRKCQ|PRKCZ,estrogen receptor antagonist,47.2,trt,449459.0,CC\C(c1ccccc1)=C(/c1ccc(O)cc1)c1ccc(OCCN(C)C)cc1
BR00117010,K19,train,2020_11_04_CPJUMP1,compound,U2OS,48,DMSO,negcon,DMSO,,,,,,,,
BR00117010,K20,train,2020_11_04_CPJUMP1,compound,U2OS,48,BRD-K33882852-003-02-8,trt,DMSO,ZK-93423,GABRB2,GABRA1|GABRA2|GABRA3|GABRA5|GABRB2|GABRG2,benzodiazepine receptor agonist,94.9,control,121926.0,CCOC(=O)c1ncc2[nH]c3ccc(OCc4ccccc4)cc3c2c1COC
BR00117010,K21,train,2020_11_04_CPJUMP1,compound,U2OS,48,BRD-K20986415-001-02-6,trt,DMSO,RGB-286638,CDK9,CDK1|CDK2|CDK3|CDK4|CDK5|CDK6|CDK7|CDK9|FLT3|GSK3B|JAK2|MAP3K7|MAPK9,CDK inhibitor,91.9,trt,11285002.0,COCCN1CCN(Cc2ccc(cc2)-c2n[nH]c3-c4cccc(NC(=O)NN5CCOCC5)c4C(=O)c23)CC1
BR00117010,K22,train,2020_11_04_CPJUMP1,compound,U2OS,48,BRD-K87691185-001-01-2,trt,DMSO,FPS-ZM1,AGER,AGER,RAGE receptor antagonist,94.4,trt,24752728.0,Clc1ccc(cc1)C(=O)N(Cc1ccccc1)C1CCCCC1
BR00117010,K23,train,2020_11_04_CPJUMP1,compound,U2OS,48,BRD-K56740996-001-02-1,trt,DMSO,flindokalner,KCNMA1,KCNMA1|KCNN4|KCNQ2|KCNQ4|KCNQ5,potassium channel agonist,98.3,trt,214350.0,COc1ccc(Cl)cc1[C@]1(F)C(=O)Nc2cc(ccc12)C(F)(F)F
BR00117010,K24,train,2020_11_04_CPJUMP1,compound,U2OS,48,BRD-K99616396-316-05-3,trt,DMSO,motesanib,KDR,FLT1|FLT4|KDR|KIT,KIT inhibitor|PDGFR tyrosine kinase receptor inhibitor|VEGFR inhibitor,59.5,trt,11667893.0,CC1(C)CNc2cc(NC(=O)c3cccnc3NCc3ccncc3)ccc12
BR00117010,L01,train,2020_11_04_CPJUMP1,compound,U2OS,48,BRD-K43570081-001-02-4,trt,DMSO,geldanamycin,HSP90AB1,HSP90AA1|HSP90AB1,HSP inhibitor,2.6,trt,13017912.0,CO[C@H]1C[C@H](C)CC2=C(OC)C(=O)C=C(NC(=O)\C(C)=C\C=C\[C@H](OC)[C@@H](OC(N)=O)\C(C)=C\[C@H](C)[C@H]1O)C2=O
BR00117010,L02,train,2020_11_04_CPJUMP1,compound,U2OS,48,DMSO,negcon,DMSO,,,,,,,,
BR00117010,L03,train,2020_11_04_CPJUMP1,compound,U2OS,48,BRD-K32292990-001-03-6,trt,DMSO,CGP-53353,PRKCB,EGFR|PRKCB,EGFR inhibitor|PKC inhibitor,95.7,trt,6711154.0,Fc1ccc(Nc2cc3C(=O)NC(=O)c3cc2Nc2ccc(F)cc2)cc1
BR00117010,L04,train,2020_11_04_CPJUMP1,compound,U2OS,48,BRD-K45293975-001-02-0,trt,DMSO,7-hydroxystaurosporine,PDPK1,CHEK1|MARK3|PDPK1,CDK inhibitor|CHK inhibitor|PKC inhibitor,3.5,trt,3078519.0,CN[C@@H]1C[C@H]2O[C@@](C)([C@@H]1OC)n1c3ccccc3c3c4[C@H](O)NC(=O)c4c4c5ccccc5n2c4c13
BR00117010,L05,train,2020_11_04_CPJUMP1,compound,U2OS,48,DMSO,negcon,DMSO,,,,,,,,
BR00117010,L06,train,2020_11_04_CPJUMP1,compound,U2OS,48,DMSO,negcon,DMSO,,,,,,,,
BR00117010,L07,train,2020_11_04_CPJUMP1,compound,U2OS,48,BRD-K37355418-236-01-6,trt,DMSO,efaproxiral,HBB,HBA1|HBB,haemoglobin oxygen release stimulant,97.3,trt,122335.0,Cc1cc(C)cc(NC(=O)Cc2ccc(OC(C)(C)C(O)=O)cc2)c1
BR00117010,L08,train,2020_11_04_CPJUMP1,compound,U2OS,48,BRD-A37704979-001-12-3,trt,DMSO,SB-203580,MAPK14,AKT1|ALOX5|CHEK1|CYP2D6|CYP3A4|GAK|GSK3B|LCK|MAPK1|MAPK10|MAPK11|MAPK12|MAPK14|MAPK8|MAPK9|PRKCA|RAF1|RIPK2|ROCK1|RPS6KB1|SGK1|SRC|TNF,p38 MAPK inhibitor,98.9,control,176155.0,CS(=O)c1ccc(cc1)-c1nc(c([nH]1)-c1ccncc1)-c1ccc(F)cc1
BR00117010,L09,train,2020_11_04_CPJUMP1,compound,U2OS,48,BRD-K58550667-001-08-7,trt,DMSO,FK-866,NAMPT,NAMPT,niacinamide phosphoribosyltransferase inhibitor,93.7,control,6914657.0,O=C(NCCCCC1CCN(CC1)C(=O)c1ccccc1)\C=C\c1cccnc1
BR00117010,L10,train,2020_11_04_CPJUMP1,compound,U2OS,48,BRD-A91008255-003-24-8,trt,DMSO,bepridil,TNNC1,ATP1A1|CACNA1A|CACNA1H|CACNA2D2|CALM1|KCNQ1|KCNQ4|PDE1A|PDE1B|TNNC1,calcium channel blocker,92.9,trt,2351.0,CC(C)COCC(CN(Cc1ccccc1)c1ccccc1)N1CCCC1
BR00117010,L11,train,2020_11_04_CPJUMP1,compound,U2OS,48,BRD-K59325863-001-04-4,trt,DMSO,delanzomib,CTSG,CMA1|CTSG|CYP3A4|ELANE,proteasome inhibitor,88.1,trt,24800541.0,CC(C)C[C@H](NC(=O)[C@@H](NC(=O)c1cccc(n1)-c1ccccc1)[C@@H](C)O)B(O)O
BR00117010,L12,train,2020_11_04_CPJUMP1,compound,U2OS,48,BRD-K42191735-001-08-7,trt,DMSO,buparlisib,PIK3CG,PIK3CA|PIK3CG,PI3K inhibitor,89.0,control,16654980.0,Nc1cc(c(cn1)-c1cc(nc(n1)N1CCOCC1)N1CCOCC1)C(F)(F)F
BR00117010,L13,train,2020_11_04_CPJUMP1,compound,U2OS,48,BRD-K10843433-001-23-5,trt,DMSO,phenylbutazone,PTGIS,PTGIS|PTGS1|PTGS2,cyclooxygenase inhibitor|prostanoid receptor antagonist,69.8,trt,4781.0,CCCCC1C(=O)N(N(C1=O)c1ccccc1)c1ccccc1
BR00117010,L14,train,2020_11_04_CPJUMP1,compound,U2OS,48,BRD-K97010173-001-04-1,trt,DMSO,deferasirox,CYP3A4,CYP3A4,chelating agent,71.2,trt,,OC(=O)c1ccc(cc1)-n1nc(nc1-c1ccccc1O)-c1ccccc1O
BR00117010,L15,train,2020_11_04_CPJUMP1,compound,U2OS,48,DMSO,negcon,DMSO,,,,,,,,
BR00117010,L16,train,2020_11_04_CPJUMP1,compound,U2OS,48,BRD-K86930074-001-05-0,trt,DMSO,cediranib,CSF1R,CSF1R|FLT1|FLT3|FLT4|KDR|KIT|PDGFRA|PDGFRB,KIT inhibitor|VEGFR inhibitor,76.1,trt,9933475.0,COc1cc2c(Oc3ccc4[nH]c(C)cc4c3F)ncnc2cc1OCCCN1CCCC1
BR00117010,L17,train,2020_11_04_CPJUMP1,compound,U2OS,48,BRD-A31564021-001-02-6,trt,DMSO,isoflurane,ATP5F1D,ATP2C1|ATP5F1D|CALM1|GABRA1|GABRA2|GABRA3|GABRA4|GABRA5|GABRA6|GABRB1|GABRB2|GABRB3|GABRD|GABRE|GABRG1|GABRG2|GABRG3|GABRP|GABRQ|GLRA1|GLRB|GRIA1|KCNA1|KCNK10|KCNK18|KCNK2|KCNK3|KCNK9,inhaled anaesthetic,0.0,trt,3763.0,FC(F)OC(Cl)C(F)(F)F
BR00117010,L18,train,2020_11_04_CPJUMP1,compound,U2OS,48,DMSO,negcon,DMSO,,,,,,,,
BR00117010,L19,train,2020_11_04_CPJUMP1,compound,U2OS,48,BRD-K08893438-001-06-4,trt,DMSO,CCG-50014,RGS4,RGS4|RGS8,G protein signaling inhibitor,74.6,trt,2733079.0,Cc1ccc(cc1)-n1sc(=O)n(Cc2ccc(F)cc2)c1=O
BR00117010,L20,train,2020_11_04_CPJUMP1,compound,U2OS,48,BRD-K93788137-001-04-1,trt,DMSO,PF-431396,PTK2B,PTK2|PTK2B,focal adhesion kinase inhibitor,96.5,trt,11598628.0,CN(c1ccccc1CNc1nc(Nc2ccc3NC(=O)Cc3c2)ncc1C(F)(F)F)S(C)(=O)=O
BR00117010,L21,train,2020_11_04_CPJUMP1,compound,U2OS,48,BRD-K14560436-001-01-4,trt,DMSO,TG-02,CDK9,CDK1|CDK2|CDK7|CDK9|FLT3|JAK2,CDK inhibitor|FLT3 inhibitor|JAK inhibitor,85.7,trt,16739650.0,CN1C\C=C\CCOc2cccc(c2)-c2ccnc(Nc3cccc(C1)c3)n2
BR00117010,L22,train,2020_11_04_CPJUMP1,compound,U2OS,48,BRD-K01826724-003-07-9,trt,DMSO,baclofen,KCTD16,GABBR1|GABBR2|KCTD12|KCTD16|KCTD8,benzodiazepine receptor agonist,0.0,trt,2284.0,NCC(CC(O)=O)c1ccc(Cl)cc1
BR00117010,L23,train,2020_11_04_CPJUMP1,compound,U2OS,48,BRD-A20697603-001-07-2,trt,DMSO,thiostrepton,FOXM1,FOXM1,FOXM1 inhibitor|protein synthesis inhibitor,41.0,trt,101290202.0,CCC(C)C1NC2C=Cc3c(cc(nc3C2O)C(=O)OC(C)C2NC(=O)c3csc(n3)C(NC(=O)C3CSC(=N3)\C(NC(=O)C(NC(=O)c3csc(n3)C3(CCC(=NC3c3csc2n3)c2nc(cs2)C(=O)NC(=C)C(=O)NC(=C)C(N)=O)NC(=O)C(C)NC(=O)C(=C)NC(=O)C(C)NC1=O)C(C)O)=C/C)C(C)(O)C(C)O)C(C)O
BR00117010,L24,train,2020_11_04_CPJUMP1,compound,U2OS,48,BRD-K44067360-001-29-5,trt,DMSO,flufenamic-acid,GJB4,AKR1C3|ANO1|AR|GJA1|GJA10|GJA3|GJA4|GJA5|GJA8|GJA9|GJB1|GJB2|GJB3|GJB4|GJB5|GJB6|GJB7|GJC1|GJC2|GJC3|GJD2|GJD3|GJD4|GJE1|PANX1|PANX2|PANX3|PKD2L1|PTGS1|PTGS2|TRPC5|TRPM2|TRPM5,chloride channel blocker,97.0,trt,3371.0,OC(=O)c1ccccc1Nc1cccc(c1)C(F)(F)F
BR00117010,M01,train,2020_11_04_CPJUMP1,compound,U2OS,48,DMSO,negcon,DMSO,,,,,,,,
BR00117010,M02,train,2020_11_04_CPJUMP1,compound,U2OS,48,BRD-K47557313-001-02-7,trt,DMSO,LY2109761,TGFBR1,TGFBR1|TGFBR2,TGF beta receptor inhibitor,91.9,trt,11655119.0,C(CN1CCOCC1)Oc1ccc2c(ccnc2c1)-c1c(nn2CCCc12)-c1ccccn1
BR00117010,M03,train,2020_11_04_CPJUMP1,compound,U2OS,48,BRD-K67637637-003-11-8,trt,DMSO,olopatadine,S100B,HRH1|S100A1|S100A12|S100A13|S100A2|S100B,histamine receptor antagonist,98.4,trt,25271818.0,CN(C)CC\C=C1\c2ccccc2COc2ccc(CC(O)=O)cc12
BR00117010,M04,train,2020_11_04_CPJUMP1,compound,U2OS,48,DMSO,negcon,DMSO,,,,,,,,
BR00117010,M05,train,2020_11_04_CPJUMP1,compound,U2OS,48,BRD-K20897876-001-11-8,trt,DMSO,castanospermine,GAA,GAA|GBA,glucosidase inhibitor,0.0,trt,54445.0,O[C@H]1CCN2C[C@H](O)[C@@H](O)[C@H](O)[C@@H]12
BR00117010,M06,train,2020_11_04_CPJUMP1,compound,U2OS,48,BRD-K77627880-001-04-0,trt,DMSO,A205804,ICAM1,ICAM1|SELE,ICAM1 expression inhibitor,96.8,trt,9839311.0,Cc1ccc(Sc2cncc3sc(cc23)C(N)=O)cc1
BR00117010,M07,train,2020_11_04_CPJUMP1,compound,U2OS,48,BRD-K72063794-003-01-0,trt,DMSO,VU591,KCNJ1,KCNJ1,potassium channel blocker,95.3,trt,44123657.0,[O-][N+](=O)c1ccc2nc(COCc3nc4ccc(cc4[nH]3)[N+]([O-])=O)[nH]c2c1
BR00117010,M08,train,2020_11_04_CPJUMP1,compound,U2OS,48,BRD-K30177383-001-01-0,trt,DMSO,dalbavancin,PNLIP,PNLIP,bacterial cell wall synthesis inhibitor,79.3,trt,16134627.0,CN[C@@H]1c2ccc(O)c(Oc3cc(O)c(Cl)c(c3)[C@@H]3NC(=O)[C@@H](Cc4ccc(Oc5cc6cc(Oc7ccc(cc7Cl)[C@@H](O)[C@@H]7NC(=O)[C@H](NC(=O)[C@@H]6NC3=O)c3ccc(O)c(c3)-c3c(O[C@H]6O[C@H](CO)[C@@H](O)[C@H](O)[C@@H]6O)cc(O)cc3[C@H](NC7=O)C(=O)NCCCN(C)C)c5O[C@@H]3O[C@@H]([C@@H](O)[C@H](O)[C@H]3NC(=O)CCCCCCCCC(C)C)C(O)=O)cc4)NC1=O)c2
BR00117010,M09,train,2020_11_04_CPJUMP1,compound,U2OS,48,BRD-K45746021-003-01-9,trt,DMSO,CC-401,MAPK8,MAPK8,JNK inhibitor,96.8,trt,10430360.0,C(CN1CCCCC1)Oc1cccc(c1)-c1n[nH]c2ccc(cc12)-c1ncn[nH]1
BR00117010,M10,train,2020_11_04_CPJUMP1,compound,U2OS,48,BRD-K38852836-001-04-9,trt,DMSO,ganetespib,HSP90AA1,HSP90AA1,HSP inhibitor,81.0,control,,CC(C)c1cc(-c2n[nH]c(=O)n2-c2ccc3n(C)ccc3c2)c(O)cc1O
BR00117010,M11,train,2020_11_04_CPJUMP1,compound,U2OS,48,BRD-K93779381-001-01-9,trt,DMSO,ingenol-mebutate,PRKCE,PRKCA|PRKCB|PRKCD|PRKCE|PRKCG,PKC activator,87.5,trt,6918670.0,C\C=C(\C)C(=O)O[C@H]1C(C)=C[C@@]23[C@H](C)C[C@@H]4[C@H]([C@H](C=C(CO)[C@@H](O)[C@]12O)C3=O)C4(C)C
BR00117010,M12,train,2020_11_04_CPJUMP1,compound,U2OS,48,BRD-K78126613-001-27-7,trt,DMSO,menadione,F10,AOX1|BGLAP|F10|F2|F7|F9|GGCX|NQO1|NQO2|PROC|PROS1|PROZ|VKORC1|VKORC1L1,mitochondrial DNA polymerase inhibitor|phosphatase inhibitor,0.0,trt,4055.0,CC1=CC(=O)c2ccccc2C1=O
BR00117010,M13,train,2020_11_04_CPJUMP1,compound,U2OS,48,BRD-K94863486-001-02-2,trt,DMSO,cetilistat,PNLIP,PNLIP,triacylglycerol lipase inhibitor,77.9,trt,9952916.0,CCCCCCCCCCCCCCCCOc1nc2ccc(C)cc2c(=O)o1
BR00117010,M14,train,2020_11_04_CPJUMP1,compound,U2OS,48,BRD-K63430059-001-16-4,trt,DMSO,methoxsalen,CYP1A2,CYP1A1|CYP1A2|CYP2A13|CYP2A6|CYP3A4,DNA synthesis inhibitor,97.7,trt,4114.0,COc1c2occc2cc2ccc(=O)oc12
BR00117010,M15,train,2020_11_04_CPJUMP1,compound,U2OS,48,BRD-K13533483-001-16-2,trt,DMSO,cyclosporine,FPR1,ABCB11|CAMLG|FPR1|PPIA|PPIF|PPP3R2|SLC10A1|SLCO1B1|SLCO1B3,calcineurin inhibitor,97.8,trt,5284373.0,CC[C@@H]1NC(=O)[C@H]([C@H](O)[C@H](C)C\C=C\C)N(C)C(=O)[C@H](C(C)C)N(C)C(=O)[C@H](CC(C)C)N(C)C(=O)[C@H](CC(C)C)N(C)C(=O)[C@@H](C)NC(=O)[C@H](C)NC(=O)[C@H](CC(C)C)N(C)C(=O)[C@@H](NC(=O)[C@H](CC(C)C)N(C)C(=O)CN(C)C1=O)C(C)C
BR00117010,M16,train,2020_11_04_CPJUMP1,compound,U2OS,48,BRD-K81197548-003-01-4,trt,DMSO,NSC-632839,USP1,SENP2|USP1|USP2|USP7,ubiquitin specific protease inhibitor,93.4,control,5351363.0,Cc1ccc(cc1)\C=C1/CNC\C(C1=O)=C/c1ccc(C)cc1
BR00117010,M17,train,2020_11_04_CPJUMP1,compound,U2OS,48,DMSO,negcon,DMSO,,,,,,,,
BR00117010,M18,train,2020_11_04_CPJUMP1,compound,U2OS,48,BRD-K97072811-001-11-4,trt,DMSO,TG-003,CLK1,CLK1|CLK4|DYRK1A|DYRK1B,CLK inhibitor,93.8,control,1893668.0,CCN1\C(Sc2ccc(OC)cc12)=C\C(C)=O
BR00117010,M19,train,2020_11_04_CPJUMP1,compound,U2OS,48,BRD-K52075715-001-06-7,trt,DMSO,oxibendazole,TUBB4B,TUBB|TUBB4B,tubulin polymerization inhibitor,90.9,trt,4622.0,CCCOc1ccc2nc(NC(=O)OC)[nH]c2c1
BR00117010,M20,train,2020_11_04_CPJUMP1,compound,U2OS,48,BRD-K12502280-001-11-4,trt,DMSO,TG-101348,BRD4,BRD4|JAK1|JAK2|JAK3|TYK2,FLT3 inhibitor|JAK inhibitor,80.1,control,16722836.0,Cc1cnc(Nc2ccc(OCCN3CCCC3)cc2)nc1Nc1cccc(c1)S(=O)(=O)NC(C)(C)C
BR00117010,M21,train,2020_11_04_CPJUMP1,compound,U2OS,48,BRD-A63310107-001-04-8,trt,DMSO,miglitol,GAA,GAA|GANAB|GANC|MGAM,glucosidase inhibitor,0.0,trt,6710690.0,OCCN1C[C@@H](O)[C@@H](O)C(O)C1CO
BR00117010,M22,train,2020_11_04_CPJUMP1,compound,U2OS,48,DMSO,negcon,DMSO,,,,,,,,
BR00117010,M23,train,2020_11_04_CPJUMP1,compound,U2OS,48,DMSO,negcon,DMSO,,,,,,,,
BR00117010,M24,train,2020_11_04_CPJUMP1,compound,U2OS,48,BRD-K17849083-001-32-9,trt,DMSO,tranilast,HPGDS,HPGDS|HRH1,angiogenesis inhibitor,97.3,trt,5282230.0,COc1ccc(\C=C\C(=O)Nc2ccccc2C(O)=O)cc1OC
BR00117010,N01,train,2020_11_04_CPJUMP1,compound,U2OS,48,BRD-K70821460-300-02-4,trt,DMSO,4-methylhistamine,HRH4,HRH4,histamine receptor agonist,78.0,trt,37463.0,Cc1nc[nH]c1CCN
BR00117010,N02,train,2020_11_04_CPJUMP1,compound,U2OS,48,BRD-K51485109-001-01-4,trt,DMSO,LDN-27219,TGM2,TGM2,tissue transglutaminase inhibitor,90.3,trt,1150683.0,NNC(=O)CSc1nc2scc(-c3ccccc3)c2c(=O)n1-c1ccccc1
BR00117010,N03,train,2020_11_04_CPJUMP1,compound,U2OS,48,BRD-K91370081-001-25-1,trt,DMSO,anisomycin,RPL23A,SNU13|RPL10L|RPL11|RPL13A|RPL15|RPL19|RPL23|RPL23A|RPL26L1|RPL3|RPL37|RPL8|RSL24D1,DNA synthesis inhibitor,81.5,trt,253602.0,COc1ccc(C[C@H]2NC[C@H](O)[C@H]2OC(C)=O)cc1
BR00117010,N04,train,2020_11_04_CPJUMP1,compound,U2OS,48,BRD-K49350383-001-13-7,trt,DMSO,thioguanine,IMPDH1,IMPDH1|IMPDH2,purine antagonist,0.0,control,2723601.0,Nc1nc2nc[nH]c2c(=S)[nH]1
BR00117010,N05,train,2020_11_04_CPJUMP1,compound,U2OS,48,BRD-K11558771-001-13-9,trt,DMSO,droxinostat,HDAC6,HDAC6|HDAC8,HDAC inhibitor,70.7,trt,568416.0,Cc1cc(Cl)ccc1OCCCC(=O)NO
BR00117010,N06,train,2020_11_04_CPJUMP1,compound,U2OS,48,BRD-K91283740-003-01-6,trt,DMSO,UNC2025,FLT3,FLT3|MERTK,MER tyrosine kinase inhibitor|FLT3 inhibitor,95.7,control,,CCCCNc1ncc2c(cn([C@H]3CC[C@H](O)CC3)c2n1)-c1ccc(CN2CCN(C)CC2)cc1
BR00117010,N07,train,2020_11_04_CPJUMP1,compound,U2OS,48,DMSO,negcon,DMSO,,,,,,,,
BR00117010,N08,train,2020_11_04_CPJUMP1,compound,U2OS,48,DMSO,negcon,DMSO,,,,,,,,
BR00117010,N09,train,2020_11_04_CPJUMP1,compound,U2OS,48,BRD-K21728777-001-02-3,trt,DMSO,AMG900,AURKB,AURKA|AURKB|AURKC,Aurora kinase inhibitor,92.7,control,24856041.0,Cc1csc(c1)-c1nnc(Nc2ccc(Oc3ncccc3-c3ccnc(N)n3)cc2)c2ccccc12
BR00117010,N10,train,2020_11_04_CPJUMP1,compound,U2OS,48,BRD-A23124853-001-01-4,trt,DMSO,PF-06463922,ALK,ALK|FES|ROS1,ALK tyrosine kinase receptor inhibitor,96.8,trt,78162481.0,CC1Oc2cc(cnc2N)-c2c(CN(C)C(=O)c3ccc(F)cc13)nn(C)c2C#N
BR00117010,N11,train,2020_11_04_CPJUMP1,compound,U2OS,48,BRD-K55966568-001-09-6,trt,DMSO,orantinib,AURKB,AURKA|AURKB|EGFR|FGFR1|FGFR2|KDR|PDGFRA|PDGFRB,FGFR inhibitor|PDGFR tyrosine kinase receptor inhibitor|VEGFR inhibitor,95.1,control,5329099.0,Cc1[nH]c(\C=C2/C(=O)Nc3ccccc23)c(C)c1CCC(O)=O
BR00117010,N12,train,2020_11_04_CPJUMP1,compound,U2OS,48,BRD-K71106091-001-09-5,trt,DMSO,fludarabine-phosphate,DCK,DCK|POLA1|POLD1|POLE|RRM1|RRM2|RRM2B,ribonucleotide reductase inhibitor,0.0,trt,30751.0,Nc1nc(F)nc2n(cnc12)[C@@H]1O[C@H](COP(O)(O)=O)[C@@H](O)[C@@H]1O
BR00117010,N13,train,2020_11_04_CPJUMP1,compound,U2OS,48,BRD-K22149900-001-06-2,trt,DMSO,ceritinib,ALK,ALK|FLT3|IGF1R|INSR|TSSK1B,ALK tyrosine kinase receptor inhibitor,52.2,trt,57379345.0,CC(C)Oc1cc(C2CCNCC2)c(C)cc1Nc1ncc(Cl)c(Nc2ccccc2S(=O)(=O)C(C)C)n1
BR00117010,N14,train,2020_11_04_CPJUMP1,compound,U2OS,48,BRD-K28132190-001-02-0,trt,DMSO,NVS-PAK1-1,PAK1,PAK1,p21 activated kinase inhibitor,98.4,control,122187564.0,CC(C)NC(=O)N1CC[C@@H](C1)NC1=Nc2cc(F)ccc2N(CC(F)F)c2ccc(Cl)cc12
BR00117010,N15,train,2020_11_04_CPJUMP1,compound,U2OS,48,BRD-K76674262-001-03-3,trt,DMSO,homoharringtonine,RPL3,RPL3,protein synthesis inhibitor,77.6,trt,285033.0,COC(=O)C[C@](O)(CCCC(C)(C)O)C(=O)O[C@H]1[C@H]2c3cc4OCOc4cc3CCN3CCC[C@]23C=C1OC
BR00117010,N16,train,2020_11_04_CPJUMP1,compound,U2OS,48,BRD-K36461289-001-05-8,trt,DMSO,picrotoxinin,GLRA3,GLRA1|GLRA2|GLRA3|GLRB|HTR3A|HTR3B,GABA receptor antagonist,44.1,trt,7098683.0,CC(=C)[C@@H]1[C@H]2OC(=O)[C@H]1[C@]1(O)C[C@H]3O[C@]33C(=O)O[C@H]2[C@]13C
BR00117010,N17,train,2020_11_04_CPJUMP1,compound,U2OS,48,DMSO,negcon,DMSO,,,,,,,,
BR00117010,N18,train,2020_11_04_CPJUMP1,compound,U2OS,48,BRD-K07881437-001-03-8,trt,DMSO,danusertib,RET,AURKA|AURKB|AURKC|FGFR1|NTRK1|RET|SLK,Aurora kinase inhibitor|growth factor receptor inhibitor,91.5,control,11442891.0,CO[C@@H](C(=O)N1Cc2[nH]nc(NC(=O)c3ccc(cc3)N3CCN(C)CC3)c2C1)c1ccccc1
BR00117010,N19,train,2020_11_04_CPJUMP1,compound,U2OS,48,BRD-K61397605-001-01-8,trt,DMSO,romidepsin,HDAC3,HDAC1|HDAC2|HDAC3|HDAC4|HDAC5|HDAC6|HDAC7|HDAC8|HDAC9,HDAC inhibitor,92.7,control,5352062.0,C\C=C1/NC(=O)[C@H]2CSSCC\C=C\[C@H](CC(=O)N[C@H](C(C)C)C(=O)N2)OC(=O)[C@@H](NC1=O)C(C)C
BR00117010,N20,train,2020_11_04_CPJUMP1,compound,U2OS,48,BRD-K61642990-001-01-0,trt,DMSO,FERb-033,ERBB2,ERBB2,EGFR inhibitor,0.0,control,,O\N=C\c1ccc(-c2ccc(O)c(F)c2)c(Cl)c1O
BR00117010,N21,train,2020_11_04_CPJUMP1,compound,U2OS,48,BRD-K37764012-001-03-3,trt,DMSO,PF-03758309,PAK4,PAK4,p21 activated kinase inhibitor,93.3,control,25227462.0,CN(C)C[C@@H](NC(=O)N1Cc2c(Nc3nc(C)nc4ccsc34)n[nH]c2C1(C)C)c1ccccc1
BR00117010,N22,train,2020_11_04_CPJUMP1,compound,U2OS,48,DMSO,negcon,DMSO,,,,,,,,
BR00117010,N23,train,2020_11_04_CPJUMP1,compound,U2OS,48,BRD-K47978074-001-03-2,trt,DMSO,trometamol,VEGFA,AMD1|CANT1|DCN|NEIL1|VEGFA,,0.0,trt,6503.0,NC(CO)(CO)CO
BR00117010,N24,train,2020_11_04_CPJUMP1,compound,U2OS,48,BRD-K22134346-001-22-3,trt,DMSO,simvastatin,ITGB2,HMGCR|ITGB2,HMGCR inhibitor,0.0,trt,54454.0,CCC(C)(C)C(=O)O[C@H]1C[C@@H](C)C=C2C=C[C@H](C)[C@H](CC[C@@H]3C[C@@H](O)CC(=O)O3)[C@@H]12
BR00117010,O01,train,2020_11_04_CPJUMP1,compound,U2OS,48,BRD-K16542329-001-16-8,trt,DMSO,zaprinast,PDE4D,GPR35|PDE1A|PDE4D|PDE5A|PDE9A,phosphodiesterase inhibitor,98.0,trt,5722.0,CCCOc1ccccc1-c1nc2[nH]nnc2c(=O)[nH]1
BR00117010,O02,train,2020_11_04_CPJUMP1,compound,U2OS,48,BRD-A10188456-001-04-9,trt,DMSO,dexamethasone,ANXA1,ANXA1|NOS2|NR0B1|NR3C1|NR3C2,glucocorticoid receptor agonist,79.3,trt,5702035.0,C[C@@H]1CC2C3CCC4=CC(=O)C=C[C@]4(C)[C@@]3(F)[C@@H](O)C[C@]2(C)[C@@]1(O)C(=O)CO
BR00117010,O03,train,2020_11_04_CPJUMP1,compound,U2OS,48,BRD-K93632104-001-17-2,trt,DMSO,salicylic-acid,AKR1C1,AKR1C1|PTGS1|PTGS2,cyclooxygenase inhibitor,0.0,trt,118212070.0,OC(=O)c1ccccc1O
BR00117010,O04,train,2020_11_04_CPJUMP1,compound,U2OS,48,BRD-A69636825-003-04-7,trt,DMSO,diltiazem,CACNG1,CACNA1C|CACNA1S|CACNA2D1|CACNG1|HTR3A|KCNA5,calcium channel blocker,98.7,trt,3076.0,COc1ccc(cc1)C1Sc2ccccc2N(CCN(C)C)C(=O)C1OC(C)=O
BR00117010,O05,train,2020_11_04_CPJUMP1,compound,U2OS,48,BRD-K19227686-001-18-6,trt,DMSO,phenolphthalein,UGT1A9,UGT1A9,indicator dye,98.4,trt,4764.0,Oc1ccc(cc1)C1(OC(=O)c2ccccc12)c1ccc(O)cc1
BR00117010,O06,train,2020_11_04_CPJUMP1,compound,U2OS,48,BRD-K98763141-001-30-8,trt,DMSO,niflumic-acid,UGT1A9,ANO1|CLCN1|CLCNKA|CLCNKB|KCNQ1|PLA2G1B|PLA2G4A|PTGS1|PTGS2|UGT1A9,cyclooxygenase inhibitor,95.6,trt,4488.0,OC(=O)c1cccnc1Nc1cccc(c1)C(F)(F)F
BR00117010,O07,train,2020_11_04_CPJUMP1,compound,U2OS,48,DMSO,negcon,DMSO,,,,,,,,
BR00117010,O08,train,2020_11_04_CPJUMP1,compound,U2OS,48,BRD-A15397381-001-02-5,trt,DMSO,L-Cystine,SLC7A11,CTNS|SLC3A1|SLC7A11|SLC7A9,,0.0,trt,24798687.0,NC(CSSCC(N)C(O)=O)C(O)=O
BR00117010,O09,train,2020_11_04_CPJUMP1,compound,U2OS,48,BRD-K46625559-001-01-8,trt,DMSO,ozanimod,S1PR1,S1PR1,sphingosine 1 phosphate receptor agonist,96.3,trt,52938427.0,CC(C)Oc1ccc(cc1C#N)-c1nc(no1)-c1cccc2[C@H](CCc12)NCCO
BR00117010,O10,train,2020_11_04_CPJUMP1,compound,U2OS,48,BRD-A10739734-003-09-8,trt,DMSO,efaroxan,ADORA2A,ADORA2A,adrenergic receptor antagonist,94.5,trt,72016.0,CCC1(Cc2ccccc2O1)C1=NCCN1
BR00117010,O11,train,2020_11_04_CPJUMP1,compound,U2OS,48,BRD-K11796549-001-05-2,trt,DMSO,NBQX,GRIN2A,GRIA1|GRIA2|GRIA3|GRIA4|GRIK1|GRIN1|GRIN2A|GRIN2B,glutamate receptor antagonist,0.0,trt,3272524.0,NS(=O)(=O)c1cccc2c1c(cc1[nH]c(=O)c(=O)[nH]c21)[N+]([O-])=O
BR00117010,O12,train,2020_11_04_CPJUMP1,compound,U2OS,48,BRD-K26521938-001-07-2,trt,DMSO,dinoprostone,CATSPER4,CATSPER1|CATSPER2|CATSPER3|CATSPER4|PTGDR|PTGDR2|PTGER1|PTGER2|PTGER3|PTGER4|PTGFR|TBXA2R,prostanoid receptor agonist,34.1,trt,5280360.0,CCCCC[C@H](O)\C=C\[C@H]1[C@H](O)CC(=O)[C@@H]1C\C=C/CCCC(O)=O
BR00117010,O13,train,2020_11_04_CPJUMP1,compound,U2OS,48,BRD-A07207424-001-14-0,trt,DMSO,Ro-20-1724,PDE3A,PDE3A|PDE4A|PDE4B|PDE4C|PDE4D,phosphodiesterase inhibitor,94.9,trt,5087.0,CCCCOc1cc(CC2CNC(=O)N2)ccc1OC
BR00117010,O14,train,2020_11_04_CPJUMP1,compound,U2OS,48,BRD-K72815923-034-02-0,trt,DMSO,xanomeline,CHRM2,CHRM1|CHRM2|CHRM3|CHRM4|CHRM5|HTR1A|HTR1B|HTR1D|HTR1E|HTR1F|HTR2A|HTR2B|HTR2C|HTR6|HTR7,acetylcholine receptor agonist,82.8,trt,60809.0,CCCCCCOc1nsnc1C1=CCCN(C)C1
BR00117010,O15,train,2020_11_04_CPJUMP1,compound,U2OS,48,BRD-K01825589-310-02-9,trt,DMSO,terazosin,KCNH7,ADRA1A|ADRA1B|ADRA1D|KCNH2|KCNH6|KCNH7,adrenergic receptor antagonist,97.6,trt,5401.0,COc1cc2nc(nc(N)c2cc1OC)N1CCN(CC1)C(=O)C1CCCO1
BR00117010,O16,train,2020_11_04_CPJUMP1,compound,U2OS,48,BRD-K68567222-001-01-2,trt,DMSO,BVT-948,PTPN2,PTPN1|PTPN11|PTPN2,tyrosine phosphatase inhibitor,79.7,trt,6604934.0,CC1(C)C(=O)NC2=C1C(=O)C(=O)c1ccccc21
BR00117010,O17,train,2020_11_04_CPJUMP1,compound,U2OS,48,BRD-K01825660-322-01-9,trt,DMSO,nicotine,TBXAS1,CHAT|CHRNA10|CHRNA2|CHRNA3|CHRNA4|CHRNA5|CHRNA6|CHRNA7|CHRNA9|CHRNB2|CHRNB3|CHRNB4|CYP19A1|TBXAS1|TRPA1,acetylcholine receptor agonist,79.6,trt,942.0,CN1CCCC1c1cccnc1
BR00117010,O18,train,2020_11_04_CPJUMP1,compound,U2OS,48,DMSO,negcon,DMSO,,,,,,,,
BR00117010,O19,train,2020_11_04_CPJUMP1,compound,U2OS,48,BRD-K08953028-001-09-6,trt,DMSO,U-0521,COMT,COMT,catechol O methyltransferase inhibitor,78.1,trt,21632.0,CC(C)C(=O)c1ccc(O)c(O)c1
BR00117010,O20,train,2020_11_04_CPJUMP1,compound,U2OS,48,BRD-K20093108-001-02-3,trt,DMSO,BMS-587101,ITGB2,ITGAL|ITGB2,integrin antagonist,90.8,trt,11635371.0,CN1C(=O)N(C(=O)[C@]11CN(Cc2cc(cs2)C(O)=O)C[C@H]1c1ccc(cc1)C#N)c1cc(Cl)cc(Cl)c1
BR00117010,O21,train,2020_11_04_CPJUMP1,compound,U2OS,48,BRD-A58048407-001-20-4,trt,DMSO,nimodipine,CACNB4,AHR|CACNA1C|CACNA1D|CACNA1F|CACNA1S|CACNB1|CACNB2|CACNB3|CACNB4|CFTR|NR3C2,calcium channel blocker,95.4,trt,4497.0,COCCOC(=O)C1=C(C)NC(C)=C(C1c1cccc(c1)[N+]([O-])=O)C(=O)OC(C)C
BR00117010,O22,train,2020_11_04_CPJUMP1,compound,U2OS,48,BRD-K80970344-201-08-6,trt,DMSO,pyrrolidine-dithiocarbamate,HSD11B1,HSD11B1|RELA,NFkB pathway inhibitor,77.3,trt,65351.0,SC(=S)N1CCCC1
BR00117010,O23,train,2020_11_04_CPJUMP1,compound,U2OS,48,BRD-K18289362-001-02-2,trt,DMSO,PF-915275,HSD11B1,HSD11B1,11-beta hydroxysteroid dehydrogenase inhibitor,97.9,trt,23725123.0,Nc1cccc(NS(=O)(=O)c2ccc(cc2)-c2ccc(cc2)C#N)n1
BR00117010,O24,train,2020_11_04_CPJUMP1,compound,U2OS,48,BRD-K43330982-001-02-3,trt,DMSO,JTE-013,S1PR2,P2RY10|S1PR2,lysophospholipid receptor antagonist,30.2,trt,10223146.0,CC(C)c1cc(NNC(=O)Nc2cc(Cl)nc(Cl)c2)nc2n(C)nc(C)c12
BR00117010,P01,train,2020_11_04_CPJUMP1,compound,U2OS,48,BRD-K05878375-236-05-7,trt,DMSO,sodium-butyrate,FFAR2,BCHE|FFAR2|FFAR3|HDAC1|HDAC2|HDAC3|HDAC8,HDAC inhibitor,0.0,trt,264.0,CCCC(O)=O
BR00117010,P02,train,2020_11_04_CPJUMP1,compound,U2OS,48,BRD-K91543828-001-02-0,trt,DMSO,pentostatin,ADA,ADA,adenosine deaminase inhibitor|ribonucleotide reductase inhibitor,0.0,trt,439693.0,OC[C@H]1O[C@H](C[C@@H]1O)n1cnc2[C@H](O)CNC=Nc12
BR00117010,P03,train,2020_11_04_CPJUMP1,compound,U2OS,48,BRD-K48830578-001-01-9,trt,DMSO,OMDM-2,GPR119,GPR119,FAAH inhibitor,87.6,trt,6604915.0,CCCCCCCC\C=C/CCCCCCCC(=O)N[C@@H](CO)Cc1ccc(O)cc1
BR00117010,P04,train,2020_11_04_CPJUMP1,compound,U2OS,48,BRD-A72767275-003-01-6,trt,DMSO,nalmefene,OPRM1,OPRD1|OPRK1|OPRM1,opioid receptor antagonist,86.5,trt,4422.0,Oc1ccc2CC3N(CC4CC4)CCC45C(Oc1c24)C(=C)CCC35O
BR00117010,P05,train,2020_11_04_CPJUMP1,compound,U2OS,48,DMSO,negcon,DMSO,,,,,,,,
BR00117010,P06,train,2020_11_04_CPJUMP1,compound,U2OS,48,BRD-K70586315-001-02-4,trt,DMSO,1-EBIO,KCNN1,KCNN1|KCNN2|KCNN3|KCNN4,potassium channel activator,94.9,trt,82320.0,CCn1c2ccccc2[nH]c1=O
BR00117010,P07,train,2020_11_04_CPJUMP1,compound,U2OS,48,BRD-K40109029-001-02-9,trt,DMSO,SB-505124,TGFBR1,TGFBR1,ALK tyrosine kinase receptor inhibitor,95.4,trt,9858940.0,Cc1cccc(n1)-c1[nH]c(nc1-c1ccc2OCOc2c1)C(C)(C)C
BR00117010,P08,train,2020_11_04_CPJUMP1,compound,U2OS,48,BRD-A83029242-001-06-1,trt,DMSO,prasugrel,P2RY12,P2RY12,purinergic receptor antagonist,77.4,trt,6918456.0,CC(=O)Oc1cc2CN(CCc2s1)C(C(=O)C1CC1)c1ccccc1F
BR00117010,P09,train,2020_11_04_CPJUMP1,compound,U2OS,48,BRD-K57313110-001-06-8,trt,DMSO,pidolic-acid,VEGFA,ADAM28|AMY1A|AMY2A|AMY2B|ANG|CCL8|HCRT|IGLC1|KRTAP5-2|TFF2|VEGFA,,0.0,trt,7405.0,OC(=O)[C@@H]1CCC(=O)N1
BR00117010,P10,train,2020_11_04_CPJUMP1,compound,U2OS,48,DMSO,negcon,DMSO,,,,,,,,
BR00117010,P11,train,2020_11_04_CPJUMP1,compound,U2OS,48,BRD-K15502390-001-20-9,trt,DMSO,nevirapine,CYP2A6,CYP1A2|CYP2A6|CYP2B6|CYP2C9|CYP2D6|CYP3A4|CYP3A5,non-nucleoside reverse transcriptase inhibitor,95.9,trt,4463.0,Cc1ccnc2c1NC(=O)c1cccnc1N2C1CC1
BR00117010,P12,train,2020_11_04_CPJUMP1,compound,U2OS,48,BRD-K92049597-001-20-8,trt,DMSO,triamterene,SCNN1G,SCNN1A|SCNN1B|SCNN1D|SCNN1G,sodium channel blocker,94.6,trt,5546.0,Nc1nc(N)c2nc(-c3ccccc3)c(N)nc2n1
BR00117010,P13,train,2020_11_04_CPJUMP1,compound,U2OS,48,BRD-K16730910-001-07-3,trt,DMSO,regorafenib,DDR2,ABL1|BRAF|DDR2|EPHA2|FGFR1|FGFR2|FLT1|FLT4|FRK|KDR|KIT|MAPK11|NTRK1|PDGFRA|PDGFRB|RAF1|RET|TEK,FGFR inhibitor|KIT inhibitor|PDGFR tyrosine kinase receptor inhibitor|RAF inhibitor|RET tyrosine kinase inhibitor|VEGFR inhibitor,93.5,trt,11167602.0,CNC(=O)c1cc(Oc2ccc(NC(=O)Nc3ccc(Cl)c(c3)C(F)(F)F)c(F)c2)ccn1
BR00117010,P14,train,2020_11_04_CPJUMP1,compound,U2OS,48,BRD-A09722536-002-18-0,trt,DMSO,cyclophosphamide,CYP2A6,CYP2A6|CYP2B6|CYP2C18|CYP2C19|CYP2C8|CYP2C9|CYP2D6|CYP3A4|CYP3A5|CYP3A7,DNA alkylating agent,2.8,trt,2907.0,ClCCN(CCCl)P1(=O)NCCCO1
BR00117010,P15,train,2020_11_04_CPJUMP1,compound,U2OS,48,BRD-K18895904-001-16-1,trt,DMSO,olanzapine,CHRM2,ADRA1A|ADRA1B|ADRA2A|ADRA2B|ADRA2C|ADRB1|ADRB2|ADRB3|CHRM1|CHRM2|CHRM3|CHRM4|CHRM5|DRD1|DRD2|DRD3|DRD4|DRD5|GABRA1|GABRA2|GABRA3|GABRA4|GABRA5|GABRA6|GABRB1|GABRB2|GABRB3|GABRD|GABRE|GABRG1|GABRG2|GABRG3|GABRP|GABRQ|HRH1|HRH2|HRH4|HTR1A|HTR1B|HTR1D|HTR1E|HTR1F|HTR2A|HTR2B|HTR2C|HTR3A|HTR5A|HTR6|HTR7,dopamine receptor antagonist|serotonin receptor antagonist,91.8,trt,,CN1CCN(CC1)C1=Nc2ccccc2Nc2sc(C)cc12
BR00117010,P16,train,2020_11_04_CPJUMP1,compound,U2OS,48,BRD-A25569250-001-03-3,trt,DMSO,KI-16425,LPAR1,LPAR1|LPAR3,lysophosphatidic acid receptor antagonist,95.5,trt,10367662.0,CC(OC(=O)Nc1c(C)noc1-c1ccc(CSCCC(O)=O)cc1)c1ccccc1Cl
BR00117010,P17,train,2020_11_04_CPJUMP1,compound,U2OS,48,BRD-K29895144-001-01-0,trt,DMSO,SKLB1002,KDR,KDR,VEGFR inhibitor,97.3,trt,71461003.0,COc1cc2ncnc(Sc3nnc(C)s3)c2cc1OC
BR00117010,P18,train,2020_11_04_CPJUMP1,compound,U2OS,48,BRD-K67017579-001-28-1,trt,DMSO,cilostazol,PDE3A,PDE3A|PDE3B,phosphodiesterase inhibitor,96.2,trt,2754.0,O=C1CCc2cc(OCCCCc3nnnn3C3CCCCC3)ccc2N1
BR00117010,P19,train,2020_11_04_CPJUMP1,compound,U2OS,48,BRD-K77060810-001-01-5,trt,DMSO,AZD1283,P2RY12,P2RY12,purinergic receptor antagonist,94.0,trt,23649325.0,CCOC(=O)c1cc(C#N)c(nc1C)N1CCC(CC1)C(=O)NS(=O)(=O)Cc1ccccc1
BR00117010,P20,train,2020_11_04_CPJUMP1,compound,U2OS,48,BRD-K68982262-001-01-4,trt,DMSO,A-987306,CCR1,ADORA1|AVPR1A|CCR1|CHRM1|CHRM2|CHRM3|CHRM4|DRD3|HTR1A|HTR1B|HTR2A|HTR2B|HTR3A|TACR2,histamine receptor antagonist,92.2,trt,25109291.0,Nc1nc(N2CCNCC2)c2CCC3=C([C@@H]4CCCC[C@@H]4O3)c2n1
BR00117010,P21,train,2020_11_04_CPJUMP1,compound,U2OS,48,BRD-K24616672-003-20-1,trt,DMSO,procaine,HTR3A,CHRNA2|GRIN3A|HTR3A|KCNMA1|KCNMB1|KCNMB2|KCNMB3|KCNMB4|KCNN1|KCNN2|KCNN3|KCNN4|MAOA|MAOB|RYR1|RYR2|SCN10A|SLC6A3,HMGCR inhibitor,96.0,trt,4914.0,CCN(CC)CCOC(=O)c1ccc(N)cc1
BR00117010,P22,train,2020_11_04_CPJUMP1,compound,U2OS,48,BRD-A82396632-008-30-8,trt,DMSO,miconazole,KCNN1,KCNH2|KCNH6|KCNH7|KCNMA1|KCNMB1|KCNMB2|KCNMB3|KCNMB4|KCNN1|KCNN2|KCNN3|KCNN4|NOS2|NOS3|TRPM2|TRPV5,bacterial cell wall synthesis inhibitor,94.9,trt,4189.0,Clc1ccc(COC(Cn2ccnc2)c2ccc(Cl)cc2Cl)c(Cl)c1
BR00117010,P23,train,2020_11_04_CPJUMP1,compound,U2OS,48,BRD-K61250553-003-30-6,trt,DMSO,loperamide,OPRM1,CACNA1A|CALM1|OPRD1|OPRK1|OPRM1|POMC,opioid receptor agonist,97.5,trt,3955.0,CN(C)C(=O)C(CCN1CCC(O)(CC1)c1ccc(Cl)cc1)(c1ccccc1)c1ccccc1
BR00117010,P24,train,2020_11_04_CPJUMP1,compound,U2OS,48,BRD-K70358946-001-17-3,trt,DMSO,aripiprazole,HTR3A,ADRA1A|ADRA1B|ADRA2A|ADRA2B|ADRA2C|CHRM1|CHRM2|CHRM3|CHRM4|CHRM5|DRD1|DRD2|DRD3|DRD4|DRD5|HRH1|HTR1A|HTR1B|HTR1D|HTR1E|HTR2A|HTR2C|HTR3A|HTR6|HTR7,serotonin receptor agonist|serotonin receptor antagonist,96.6,trt,60795.0,Clc1cccc(N2CCN(CCCCOc3ccc4CCC(=O)Nc4c3)CC2)c1Cl
BR00117011,A01,train,2020_11_04_CPJUMP1,compound,U2OS,48,BRD-A86665761-001-01-1,trt,DMSO,gabapentin-enacarbil,CACNB4,CACNA1A|CACNA1B|CACNA1C|CACNA1D|CACNA1E|CACNA1F|CACNA1G|CACNA1H|CACNA1I|CACNA1S|CACNA2D1|CACNA2D2|CACNA2D3|CACNA2D4|CACNB1|CACNB2|CACNB3|CACNB4|CACNG1|CACNG2|CACNG3|CACNG4|CACNG5|CACNG6|CACNG7|CACNG8,adrenergic receptor agonist,7.6,trt,9883933.0,CC(C)C(=O)OC(C)OC(=O)NCC1(CC(O)=O)CCCCC1
BR00117011,A02,train,2020_11_04_CPJUMP1,compound,U2OS,48,DMSO,negcon,DMSO,,,,,,,,
BR00117011,A03,train,2020_11_04_CPJUMP1,compound,U2OS,48,BRD-A22032524-074-09-9,trt,DMSO,amlodipine,CACNA2D3,CA1|CACNA1B|CACNA1C|CACNA1D|CACNA1F|CACNA1S|CACNA2D1|CACNA2D3|CACNB1|CACNB2|SMPD1,calcium channel blocker,97.4,trt,2162.0,CCOC(=O)C1=C(COCCN)NC(C)=C(C1c1ccccc1Cl)C(=O)OC
BR00117011,A04,train,2020_11_04_CPJUMP1,compound,U2OS,48,BRD-A01078468-001-14-8,trt,DMSO,hexestrol,AKR1C1,AKR1C1|ESR1|ESR2,synthetic estrogen,84.3,trt,3606.0,CCC(C(CC)c1ccc(O)cc1)c1ccc(O)cc1
BR00117011,A05,train,2020_11_04_CPJUMP1,compound,U2OS,48,BRD-K48278478-001-01-2,trt,DMSO,quinine,KCNN4,GP9|KCNB2|KCNN4|SLC29A4,hemozoin biocrystallization inhibitor,88.7,trt,94175.0,COc1ccc2nccc([C@@H](O)[C@H]3C[C@@H]4CC[N@]3C[C@@H]4C=C)c2c1
BR00117011,A06,train,2020_11_04_CPJUMP1,compound,U2OS,48,BRD-K36574127-001-01-3,trt,DMSO,LOXO-101,NTRK1,NTRK1|NTRK2|NTRK3,tropomyosin receptor kinase inhibitor,94.6,trt,46188928.0,O[C@H]1CCN(C1)C(=O)Nc1cnn2ccc(nc12)N1CCC[C@@H]1c1cc(F)ccc1F
BR00117011,A07,train,2020_11_04_CPJUMP1,compound,U2OS,48,BRD-K74913225-001-14-0,trt,DMSO,brinzolamide,CA5A,CA1|CA12|CA14|CA2|CA4|CA5A|CA7,carbonic anhydrase inhibitor,0.0,trt,68844.0,CCN[C@H]1CN(CCCOC)S(=O)(=O)c2sc(cc12)S(N)(=O)=O
BR00117011,A08,train,2020_11_04_CPJUMP1,compound,U2OS,48,BRD-K94342292-001-01-3,trt,DMSO,NS-11021,KCNMA1,KCNMA1,calcium-activated potassium channel activator,0.0,trt,24825677.0,FC(F)(F)c1cc(NC(=S)Nc2ccc(Br)cc2-c2nnn[nH]2)cc(c1)C(F)(F)F
BR00117011,A09,train,2020_11_04_CPJUMP1,compound,U2OS,48,DMSO,negcon,DMSO,,,,,,,,
BR00117011,A10,train,2020_11_04_CPJUMP1,compound,U2OS,48,BRD-K19975102-001-01-2,trt,DMSO,GNF-5837,NTRK1,NTRK1|NTRK2|NTRK3,growth factor receptor inhibitor,75.8,trt,59397065.0,Cc1ccc(NC(=O)Nc2cc(ccc2F)C(F)(F)F)cc1Nc1ccc2c(NC(=O)\C2=C/c2ccc[nH]2)c1
BR00117011,A11,train,2020_11_04_CPJUMP1,compound,U2OS,48,BRD-K25244359-066-02-6,trt,DMSO,apatinib,CSK,CSK|KDR|KIT|RET,RET tyrosine kinase inhibitor,63.4,trt,11315474.0,O=C(Nc1ccc(cc1)C1(CCCC1)C#N)c1cccnc1NCc1ccncc1
BR00117011,A12,train,2020_11_04_CPJUMP1,compound,U2OS,48,BRD-K18131774-001-18-4,trt,DMSO,ethoxzolamide,CA5A,CA1|CA12|CA13|CA14|CA2|CA3|CA4|CA5A|CA5B|CA6|CA7|CA9,carbonic anhydrase inhibitor,79.2,trt,3295.0,CCOc1ccc2nc(sc2c1)S(N)(=O)=O
BR00117011,A13,train,2020_11_04_CPJUMP1,compound,U2OS,48,BRD-A85242401-001-11-5,trt,DMSO,ascorbic-acid,P3H1,ALKBH2|ALKBH3|BBOX1|DBH|EGLN1|EGLN2|EGLN3|KDM5D|LCT|OGFOD1|OGFOD2|P3H1|P3H2|P3H3|P4HA1|P4HTM|PAM|PHYH|PLOD1|PLOD2|PLOD3|SLC23A1|SLC23A2|TMLHE,antioxidant,0.0,trt,9888239.0,OC[C@H](O)[C@H]1OC(=O)C(=O)C1O
BR00117011,A14,train,2020_11_04_CPJUMP1,compound,U2OS,48,BRD-K06426971-001-02-7,trt,DMSO,ryuvidine,CDK4,CDK2|CDK4,histone lysine methyltransferase inhibitor,90.8,trt,481747.0,Cc1nc2c(s1)C(=O)C=C(Nc1ccc(C)cc1)C2=O
BR00117011,A15,train,2020_11_04_CPJUMP1,compound,U2OS,48,BRD-K47049295-300-03-1,trt,DMSO,BAN-ORL-24,OPRL1,OPRL1,nociceptin/orphanin FQ receptor antagonist,81.7,trt,10296561.0,O=C(NCCCN1CCC2(CC1)OCc1ccccc21)[C@H]1CCCN1Cc1ccccc1
BR00117011,A16,train,2020_11_04_CPJUMP1,compound,U2OS,48,BRD-K78122587-300-04-3,trt,DMSO,NNC-55-0396,CATSPER4,CATSPER1|CATSPER2|CATSPER3|CATSPER4,T-type calcium channel blocker,95.9,trt,9957280.0,CC(C)[C@H]1c2ccc(F)cc2CC[C@@]1(CCN(C)CCCc1nc2ccccc2[nH]1)OC(=O)C1CC1
BR00117011,A17,train,2020_11_04_CPJUMP1,compound,U2OS,48,DMSO,negcon,DMSO,,,,,,,,
BR00117011,A18,train,2020_11_04_CPJUMP1,compound,U2OS,48,BRD-K50199947-001-03-4,trt,DMSO,WH-4-023,LCK,LCK|SRC,src inhibitor,84.1,trt,11844351.0,COc1ccc(N(C(=O)Oc2c(C)cccc2C)c2ccnc(Nc3ccc(cc3)N3CCN(C)CC3)n2)c(OC)c1
BR00117011,A19,train,2020_11_04_CPJUMP1,compound,U2OS,48,BRD-K50720187-051-03-1,trt,DMSO,flupirtine,KCNQ2,ADRA2A|KCNQ1|KCNQ2,glutamate receptor antagonist,8.9,trt,53276.0,CCOC(=O)Nc1ccc(NCc2ccc(F)cc2)nc1N
BR00117011,A20,train,2020_11_04_CPJUMP1,compound,U2OS,48,BRD-K91825936-001-03-9,trt,DMSO,ZK811752,CCR1,CCR1,CC chemokine receptor antagonist,99.1,trt,512282.0,C[C@@H]1CN(Cc2ccc(F)cc2)CCN1C(=O)COc1ccc(Cl)cc1NC(N)=O
BR00117011,A21,train,2020_11_04_CPJUMP1,compound,U2OS,48,BRD-K38775274-001-22-1,trt,DMSO,dexamethasone,ANXA1,ANXA1|NOS2|NR0B1|NR3C1|NR3C2,glucocorticoid receptor agonist,87.6,trt,5743.0,C[C@@H]1C[C@H]2[C@@H]3CCC4=CC(=O)C=C[C@]4(C)[C@@]3(F)[C@@H](O)C[C@]2(C)[C@@]1(O)C(=O)CO
BR00117011,A22,train,2020_11_04_CPJUMP1,compound,U2OS,48,BRD-K47598052-001-14-1,trt,DMSO,PP-1,HCK,HCK|RET,src inhibitor,97.8,trt,1400.0,Cc1ccc(cc1)-c1nn(c2ncnc(N)c12)C(C)(C)C
BR00117011,A23,train,2020_11_04_CPJUMP1,compound,U2OS,48,BRD-K61845293-300-01-9,trt,DMSO,DDR1-IN-1,DDR2,DDR1|DDR2,discoidin domain receptor inhibitor,97.5,trt,72836888.0,CCN1CCN(Cc2ccc(cc2C(F)(F)F)C(=O)Nc2ccc(C)c(Oc3ccc4NC(=O)Cc4c3)c2)CC1
BR00117011,A24,train,2020_11_04_CPJUMP1,compound,U2OS,48,BRD-K87782578-001-01-4,trt,DMSO,AVL-292,BTK,BTK|YES1,Bruton's tyrosine kinase (BTK) inhibitor,91.8,trt,59174488.0,COCCOc1ccc(Nc2ncc(F)c(Nc3cccc(NC(=O)C=C)c3)n2)cc1
BR00117011,B01,train,2020_11_04_CPJUMP1,compound,U2OS,48,BRD-K26439554-001-01-3,trt,DMSO,H2L-5765834,LPAR1,LPAR1|LPAR3,lysophosphatidic acid receptor antagonist,83.2,trt,1365686.0,OC(=O)c1ccc2C(=O)N(C(=O)c2c1)c1cccc(Oc2ccc(cc2)[N+]([O-])=O)c1
BR00117011,B02,train,2020_11_04_CPJUMP1,compound,U2OS,48,BRD-K58049875-001-03-9,trt,DMSO,thiostrepton,FOXM1,FOXM1,FOXM1 inhibitor|protein synthesis inhibitor,55.7,trt,16154490.0,CC[C@H](C)[C@@H]1N[C@@H]2C=Cc3c(cc(nc3[C@H]2O)C(=O)O[C@H](C)[C@@H]2NC(=O)c3csc(n3)[C@@H](NC(=O)[C@H]3CSC(=N3)\C(NC(=O)[C@@H](NC(=O)c3csc(n3)[C@]3(CCC(=N[C@@H]3c3csc2n3)c2nc(cs2)C(=O)NC(=C)C(=O)NC(=C)C(N)=O)NC(=O)[C@H](C)NC(=O)C(=C)NC(=O)[C@H](C)NC1=O)[C@@H](C)O)=C\C)[C@](C)(O)[C@@H](C)O)[C@H](C)O
BR00117011,B03,train,2020_11_04_CPJUMP1,compound,U2OS,48,DMSO,negcon,DMSO,,,,,,,,
BR00117011,B04,train,2020_11_04_CPJUMP1,compound,U2OS,48,BRD-K72726508-001-02-1,trt,DMSO,arcyriaflavin-a,CCND1,CCND1|CDK4,CDK inhibitor,78.5,trt,5327723.0,O=C1NC(=O)c2c1c1c3ccccc3[nH]c1c1[nH]c3ccccc3c21
BR00117011,B05,train,2020_11_04_CPJUMP1,compound,U2OS,48,BRD-K29151923-001-01-5,trt,DMSO,CYM-5520,S1PR2,S1PR2,sphingosine 1 phosphate receptor agonist,95.6,trt,25110470.0,Cc1cc(C(=O)Cn2cc(ccc2=O)C#N)c(C)n1Cc1ccccc1
BR00117011,B06,train,2020_11_04_CPJUMP1,compound,U2OS,48,BRD-K66788707-001-14-3,trt,DMSO,fludarabine,ADA,ADA|RRM1|RRM2,ribonucleotide reductase inhibitor,93.2,trt,657237.0,Nc1nc(F)nc2n(cnc12)[C@@H]1O[C@H](CO)[C@@H](O)[C@@H]1O
BR00117011,B07,train,2020_11_04_CPJUMP1,compound,U2OS,48,BRD-K06890060-001-09-1,trt,DMSO,alda-1,ALDH2,ALDH2,aldehyde dehydrogenase activator,98.1,trt,831629.0,Clc1cccc(Cl)c1C(=O)NCc1ccc2OCOc2c1
BR00117011,B08,train,2020_11_04_CPJUMP1,compound,U2OS,48,BRD-K50398167-236-22-7,trt,DMSO,meclofenamic-acid,KCNQ2,ALOX5|CNR1|KCNQ2|KCNQ3|PTGS1|PTGS2,cyclooxygenase inhibitor|prostanoid receptor antagonist,93.7,trt,4037.0,Cc1ccc(Cl)c(Nc2ccccc2C(O)=O)c1Cl
BR00117011,B09,train,2020_11_04_CPJUMP1,compound,U2OS,48,BRD-K87632963-001-03-0,trt,DMSO,GNF-5,ABL1,ABL1|BCR,Bcr-Abl kinase inhibitor,98.0,trt,44129660.0,OCCNC(=O)c1cccc(c1)-c1ncnc(Nc2ccc(cc2)OC(F)(F)F)c1
BR00117011,B10,train,2020_11_04_CPJUMP1,compound,U2OS,48,BRD-K37602296-001-01-6,trt,DMSO,NS-309,KCNN4,KCNN1|KCNN2|KCNN3|KCNN4,calcium-activated potassium channel activator,94.9,trt,11637204.0,ON=C1C(=O)Nc2c1ccc(Cl)c2Cl
BR00117011,B11,train,2020_11_04_CPJUMP1,compound,U2OS,48,BRD-K09143580-001-01-0,trt,DMSO,AK-7,SIRT2,SIRT2,SIRT inhibitor,96.6,trt,1328033.0,Brc1cccc(NC(=O)c2cccc(c2)S(=O)(=O)N2CCCCCC2)c1
BR00117011,B12,train,2020_11_04_CPJUMP1,compound,U2OS,48,BRD-A22713669-001-04-3,trt,DMSO,BVT-948,PTPN2,PTPN1|PTPN11|PTPN2,tyrosine phosphatase inhibitor,89.3,trt,44483339.0,CC1(C)C2C(=NC1=O)c1ccccc1C(=O)C2=O
BR00117011,B13,train,2020_11_04_CPJUMP1,compound,U2OS,48,BRD-K16472653-001-01-6,trt,DMSO,SirReal-2,SIRT2,SIRT2,SIRT inhibitor,97.8,trt,1096292.0,Cc1cc(C)nc(SCC(=O)Nc2ncc(Cc3cccc4ccccc34)s2)n1
BR00117011,B14,train,2020_11_04_CPJUMP1,compound,U2OS,48,DMSO,negcon,DMSO,,,,,,,,
BR00117011,B15,train,2020_11_04_CPJUMP1,compound,U2OS,48,BRD-K34581968-001-05-3,trt,DMSO,BMS-536924,LCK,AKT1|CCNE1|CDK2|CYP3A4|ERBB2|IGF1R|KDR|LCK|MAPK1|MET|PDGFRA|PDGFRB,IGF-1 inhibitor,92.3,trt,,Cc1cc(cc2[nH]c(nc12)-c1c(NC[C@@H](O)c2cccc(Cl)c2)cc[nH]c1=O)N1CCOCC1
BR00117011,B16,train,2020_11_04_CPJUMP1,compound,U2OS,48,BRD-K81801188-001-02-8,trt,DMSO,PP-121,HCK,ABL1|EGFR|HCK|KDR|MTOR|PDGFRA|PIK3CA|PIK3CB|PIK3CD|PIK3CG|PRKDC|SRC,protein tyrosine kinase inhibitor,94.2,trt,24905142.0,C1CCC(C1)n1nc(-c2cnc3[nH]ccc3c2)c2c(N)ncnc12
BR00117011,B17,train,2020_11_04_CPJUMP1,compound,U2OS,48,BRD-K73276278-305-01-1,trt,DMSO,MCOPPB,OPRL1,OPRL1,nociceptin/orphanin FQ (NOP) receptor agonist,96.6,trt,24800108.0,CC1(CCCCCCC1)N1CCC(CC1)n1c(nc2ccccc12)[C@@H]1CCCNC1
BR00117011,B18,train,2020_11_04_CPJUMP1,compound,U2OS,48,BRD-K53061490-003-13-9,trt,DMSO,ozagrel,TBXAS1,TBXAS1,thromboxane synthase inhibitor,0.0,trt,5282440.0,OC(=O)\C=C\c1ccc(Cn2ccnc2)cc1
BR00117011,B19,train,2020_11_04_CPJUMP1,compound,U2OS,48,BRD-A43005764-003-01-5,trt,DMSO,CYM-5442,S1PR1,S1PR1,sphingosine 1 phosphate receptor agonist,97.7,trt,25110406.0,CCOc1ccc(cc1OCC)-c1nc(no1)-c1cccc2C(CCc12)NCCO
BR00117011,B20,train,2020_11_04_CPJUMP1,compound,U2OS,48,BRD-K60659193-001-01-0,trt,DMSO,CVT-10216,ALDH2,ALDH2,aldehyde dehydrogenase inhibitor,95.0,trt,23661666.0,CS(=O)(=O)Nc1ccc(cc1)-c1coc2cc(OCc3cccc(c3)C(O)=O)ccc2c1=O
BR00117011,B21,train,2020_11_04_CPJUMP1,compound,U2OS,48,BRD-K09787262-001-02-7,trt,DMSO,TCN201,GRIN2A,GRIN2A,glutamate receptor antagonist,98.3,trt,4787937.0,Fc1ccc(cc1Cl)S(=O)(=O)NCc1ccc(cc1)C(=O)NNC(=O)c1ccccc1
BR00117011,B22,train,2020_11_04_CPJUMP1,compound,U2OS,48,BRD-K56810756-003-07-7,trt,DMSO,fomepizole,ADH1C,ADH1A|ADH1B|ADH1C|AKR1A1|CAT,alcohol dehydrogenase inhibitor,96.3,trt,3406.0,Cc1cn[nH]c1
BR00117011,B23,train,2020_11_04_CPJUMP1,compound,U2OS,48,BRD-K87158025-003-08-7,trt,DMSO,benzamil,SCNN1G,ASIC1|PKD2L1|SCNN1A|SCNN1B|SCNN1D|SCNN1G|SLC8A1,sodium channel blocker,97.0,trt,108107.0,NC(NCc1ccccc1)=NC(=O)c1nc(Cl)c(N)nc1N
BR00117011,B24,train,2020_11_04_CPJUMP1,compound,U2OS,48,BRD-A18992208-003-02-7,trt,DMSO,lercanidipine,CACNG1,CACNA2D1|CACNG1,calcium channel blocker,96.6,trt,65866.0,COC(=O)C1=C(C)NC(C)=C(C1c1cccc(c1)[N+]([O-])=O)C(=O)OC(C)(C)CN(C)CCC(c1ccccc1)c1ccccc1
BR00117011,C01,train,2020_11_04_CPJUMP1,compound,U2OS,48,BRD-A54139254-001-09-2,trt,DMSO,4-CMTB,FFAR2,FFAR2,free fatty acid receptor agonist,94.0,trt,4307629.0,CC(C)C(C(=O)Nc1nccs1)c1ccc(Cl)cc1
BR00117011,C02,train,2020_11_04_CPJUMP1,compound,U2OS,48,BRD-K44432556-001-05-5,trt,DMSO,ML-228,HIF1A,HIF1A,hypoxia inducible factor activator,0.0,trt,46742353.0,C(Nc1nc(nnc1-c1ccccc1)-c1ccccn1)c1ccc(cc1)-c1ccccc1
BR00117011,C03,train,2020_11_04_CPJUMP1,compound,U2OS,48,DMSO,negcon,DMSO,,,,,,,,
BR00117011,C04,train,2020_11_04_CPJUMP1,compound,U2OS,48,BRD-K36740062-001-06-6,trt,DMSO,GSK1070916,CYP3A4,AURKA|AURKB|AURKC|CYP2D6|CYP3A4,Aurora kinase inhibitor,94.6,trt,46885626.0,CCn1cc(c(n1)-c1ccc(NC(=O)N(C)C)cc1)-c1ccnc2[nH]c(cc12)-c1cccc(CN(C)C)c1
BR00117011,C05,train,2020_11_04_CPJUMP1,compound,U2OS,48,BRD-K27539181-001-08-5,trt,DMSO,ML-193,GPR55,GPR55,G protein-coupled receptor antagonist,97.0,trt,1261822.0,Cc1noc(NS(=O)(=O)c2ccc(NC(=O)c3cc(nc4c(C)cc(C)cc34)-c3ccccn3)cc2)c1C
BR00117011,C06,train,2020_11_04_CPJUMP1,compound,U2OS,48,DMSO,negcon,DMSO,,,,,,,,
BR00117011,C07,train,2020_11_04_CPJUMP1,compound,U2OS,48,BRD-K51265828-001-01-0,trt,DMSO,M-25,DHH,DHH|IHH|SMO,smoothened receptor antagonist,98.7,trt,44250034.0,CCCC(CCC)C(=O)NCc1ccc2n(ncc2c1)-c1ccccc1OC
BR00117011,C08,train,2020_11_04_CPJUMP1,compound,U2OS,48,BRD-K51899933-001-02-6,trt,DMSO,azeliragon,AGER,AGER,RAGE receptor antagonist,82.6,trt,11180124.0,CCCCc1nc(cn1-c1ccc(Oc2ccc(Cl)cc2)cc1)-c1ccc(OCCCN(CC)CC)cc1
BR00117011,C09,train,2020_11_04_CPJUMP1,compound,U2OS,48,BRD-K23363278-001-02-1,trt,DMSO,CYT-997,TUBB,TUBB,tubulin polymerization inhibitor,95.5,control,11351021.0,CCC[C@H](Nc1nc(ncc1C)-c1ccc(NC(=O)NCC)c(OC)c1)c1cccnc1
BR00117011,C10,train,2020_11_04_CPJUMP1,compound,U2OS,48,BRD-K90497590-001-05-9,trt,DMSO,AR-12,PDPK1,PDPK1,phosphoinositide dependent kinase inhibitor,93.8,trt,10027278.0,NCC(=O)Nc1ccc(cc1)-n1nc(cc1-c1ccc2c(ccc3ccccc23)c1)C(F)(F)F
BR00117011,C11,train,2020_11_04_CPJUMP1,compound,U2OS,48,BRD-K69877120-001-01-7,trt,DMSO,CYM-50260,S1PR4,S1PR4,sphingosine 1 phosphate receptor agonist,92.0,trt,44620894.0,FCc1ccc(OCCOc2ccc(Cl)cc2Cl)c(Cl)n1
BR00117011,C12,train,2020_11_04_CPJUMP1,compound,U2OS,48,DMSO,negcon,DMSO,,,,,,,,
BR00117011,C13,train,2020_11_04_CPJUMP1,compound,U2OS,48,BRD-K90747162-001-01-4,trt,DMSO,KG-5,FLT3,BRAF|FLT3|KIT|PDGFRB,RAF inhibitor,97.6,control,53328059.0,CSc1nc(N)cc(Oc2ccc(cc2)-c2nnc(Nc3cccc(c3)C(F)(F)F)[nH]2)n1
BR00117011,C14,train,2020_11_04_CPJUMP1,compound,U2OS,48,BRD-K81405859-300-01-4,trt,DMSO,JTE-607,TNF,IL10|IL1B|IL6|TNF,cytokine production inhibitor,94.7,trt,9938545.0,CCOC(=O)[C@H](Cc1ccccc1)NC(=O)c1cc(Cl)c(OCCN2CCN(C)CC2)c(Cl)c1O
BR00117011,C15,train,2020_11_04_CPJUMP1,compound,U2OS,48,DMSO,negcon,DMSO,,,,,,,,
BR00117011,C16,train,2020_11_04_CPJUMP1,compound,U2OS,48,BRD-K51662849-001-05-4,trt,DMSO,ilomastat,MMP2,ACAN|ADAM28|MMP1|MMP12|MMP13|MMP14|MMP2|MMP3|MMP8|MMP9,matrix metalloprotease inhibitor,73.8,trt,132519.0,CNC(=O)[C@H](Cc1c[nH]c2ccccc12)NC(=O)[C@H](CC(C)C)CC(=O)NO
BR00117011,C17,train,2020_11_04_CPJUMP1,compound,U2OS,48,BRD-A65597028-003-08-1,trt,DMSO,RX-821002,ADRA2B,ADRA1A|ADRA1B|ADRA1D|ADRA2A|ADRA2B|ADRA2C,adrenergic receptor antagonist,90.9,trt,108094.0,COC1(COc2ccccc2O1)C1=NCCN1
BR00117011,C18,train,2020_11_04_CPJUMP1,compound,U2OS,48,DMSO,negcon,DMSO,,,,,,,,
BR00117011,C19,train,2020_11_04_CPJUMP1,compound,U2OS,48,BRD-K24282351-001-01-4,trt,DMSO,TUG-891,FFAR4,FFAR4,free fatty acid receptor agonist,98.2,trt,57522038.0,Cc1ccc(cc1)-c1ccc(F)cc1COc1ccc(CCC(O)=O)cc1
BR00117011,C20,train,2020_11_04_CPJUMP1,compound,U2OS,48,BRD-K44227013-001-08-0,trt,DMSO,ponatinib,LYN,ABL1|BCR|FGFR1|FGFR2|FGFR3|FGFR4|FLT3|KDR|KIT|LCK|LYN|PDGFRA|RET|SRC|TEK,Bcr-Abl kinase inhibitor|FLT3 inhibitor|PDGFR tyrosine kinase receptor inhibitor,93.4,trt,24826799.0,CN1CCN(Cc2ccc(NC(=O)c3ccc(C)c(c3)C#Cc3cnc4cccnn34)cc2C(F)(F)F)CC1
BR00117011,C21,train,2020_11_04_CPJUMP1,compound,U2OS,48,DMSO,negcon,DMSO,,,,,,,,
BR00117011,C22,train,2020_11_04_CPJUMP1,compound,U2OS,48,BRD-K01824976-300-02-9,trt,DMSO,puromycin,RPL23A,SNU13|RPL10L|RPL11|RPL13A|RPL15|RPL19|RPL23|RPL23A|RPL26L1|RPL3|RPL37|RPL8|RSL24D1,protein synthesis inhibitor,90.9,trt,5702164.0,COc1ccc(C[C@H](N)C(=O)N[C@@H]2[C@@H](CO)OC([C@@H]2O)n2cnc3c(ncnc23)N(C)C)cc1
BR00117011,C23,train,2020_11_04_CPJUMP1,compound,U2OS,48,BRD-K50495309-001-02-0,trt,DMSO,SRC-kinase-inhibitor-I,CSK,CSK|LCK|RIPK2,src inhibitor,97.0,trt,1474853.0,COc1cc2ncnc(Nc3ccc(Oc4ccccc4)cc3)c2cc1OC
BR00117011,C24,train,2020_11_04_CPJUMP1,compound,U2OS,48,BRD-K59058747-001-19-1,trt,DMSO,acetylcysteine,SLC7A11,ACY1|CHUK|GRIN1|GRIN2A|GRIN2B|GRIN2D|GRIN3A|GSS|IKBKB|RELA|SLC7A11,mucolytic agent,0.0,trt,12035.0,CC(=O)N[C@@H](CS)C(O)=O
BR00117011,D01,train,2020_11_04_CPJUMP1,compound,U2OS,48,BRD-K62949423-001-03-1,trt,DMSO,NSC-625987,CDK4,CDK2|CDK4,CDK inhibitor,14.1,trt,3004085.0,COc1ccc(OC)c2c1[nH]c1ccccc1c2=S
BR00117011,D02,train,2020_11_04_CPJUMP1,compound,U2OS,48,BRD-K22482860-001-20-6,trt,DMSO,dalfampridine,KCNH7,KCNA1|KCNA10|KCNA2|KCNA3|KCNA4|KCNA5|KCNA6|KCNA7|KCNB1|KCNB2|KCNC1|KCNC2|KCNC3|KCNC4|KCND1|KCND2|KCND3|KCNF1|KCNG1|KCNG2|KCNG3|KCNG4|KCNH1|KCNH2|KCNH3|KCNH4|KCNH5|KCNH6|KCNH7|KCNH8|KCNJ13|KCNJ5|KCNQ1|KCNQ2|KCNQ3|KCNQ4|KCNQ5|KCNS1|KCNS2|KCNS3|KCNV1|KCNV2,potassium channel blocker,89.8,trt,1727.0,Nc1ccncc1
BR00117011,D03,train,2020_11_04_CPJUMP1,compound,U2OS,48,BRD-K68143200-001-11-7,trt,DMSO,NSC-95397,CDC25A,CDC25A|CDC25B,CDC inhibitor,0.0,trt,262093.0,OCCSC1=C(SCCO)C(=O)c2ccccc2C1=O
BR00117011,D04,train,2020_11_04_CPJUMP1,compound,U2OS,48,BRD-K35498378-001-06-1,trt,DMSO,alrestatin,AKR1B1,AKR1B1,aldose reductase inhibitor,96.6,trt,2120.0,OC(=O)CN1C(=O)c2cccc3cccc(C1=O)c23
BR00117011,D05,train,2020_11_04_CPJUMP1,compound,U2OS,48,BRD-K37764012-001-03-3,trt,DMSO,PF-03758309,PAK4,PAK4,p21 activated kinase inhibitor,93.3,control,25227462.0,CN(C)C[C@@H](NC(=O)N1Cc2c(Nc3nc(C)nc4ccsc34)n[nH]c2C1(C)C)c1ccccc1
BR00117011,D06,train,2020_11_04_CPJUMP1,compound,U2OS,48,BRD-K98357249-001-02-9,trt,DMSO,IRL-2500,EDNRB,EDNRB,endothelin receptor antagonist,96.2,trt,5311192.0,CN([C@H](Cc1ccc(cc1)-c1ccccc1)C(=O)N[C@@H](Cc1c[nH]c2ccccc12)C(O)=O)C(=O)c1cc(C)cc(C)c1
BR00117011,D07,train,2020_11_04_CPJUMP1,compound,U2OS,48,BRD-K73319509-001-08-0,trt,DMSO,PF-04217903,MET,MET,c-Met inhibitor,95.5,control,17754438.0,OCCn1cc(cn1)-c1cnc2nnn(Cc3ccc4ncccc4c3)c2n1
BR00117011,D08,train,2020_11_04_CPJUMP1,compound,U2OS,48,BRD-K58550667-001-08-7,trt,DMSO,FK-866,NAMPT,NAMPT,niacinamide phosphoribosyltransferase inhibitor,93.7,control,6914657.0,O=C(NCCCCC1CCN(CC1)C(=O)c1ccccc1)\C=C\c1cccnc1
BR00117011,D09,train,2020_11_04_CPJUMP1,compound,U2OS,48,BRD-K29530284-001-06-2,trt,DMSO,amlexanox,FGF1,FGF1|IL3|PDE4A|PDE4B|PDE4C|PDE4D|S100A12|S100A13,histamine receptor modulator,97.9,trt,2161.0,CC(C)c1ccc2oc3nc(N)c(cc3c(=O)c2c1)C(O)=O
BR00117011,D10,train,2020_11_04_CPJUMP1,compound,U2OS,48,BRD-K37864785-001-01-0,trt,DMSO,GW-311616,ELANE,ELANE,leukocyte elastase inhibitor|elastase inhibitor,96.3,trt,9800961.0,CC(C)[C@H]1[C@H]2[C@@H](CCN2C(=O)\C=C\CN2CCCCC2)N(C1=O)S(C)(=O)=O
BR00117011,D11,train,2020_11_04_CPJUMP1,compound,U2OS,48,BRD-K42191735-001-08-7,trt,DMSO,buparlisib,PIK3CG,PIK3CA|PIK3CG,PI3K inhibitor,89.0,control,16654980.0,Nc1cc(c(cn1)-c1cc(nc(n1)N1CCOCC1)N1CCOCC1)C(F)(F)F
BR00117011,D12,train,2020_11_04_CPJUMP1,compound,U2OS,48,BRD-K97181089-003-24-7,trt,DMSO,amiloride,ASIC1,AOC1|ASIC1|ASIC2|ASIC3|PKD2|PKD2L1|PLAU|SCNN1A|SCNN1B|SCNN1D|SCNN1G|SLC9A1|TRPC7|TRPV2,sodium channel blocker,96.7,trt,16231.0,NC(=N)NC(=O)c1nc(Cl)c(N)nc1N
BR00117011,D13,train,2020_11_04_CPJUMP1,compound,U2OS,48,BRD-K75748943-300-01-3,trt,DMSO,DG-172,PPARD,PPARD,PPAR receptor inverse agonist,81.7,trt,57342889.0,CN1CCN(CC1)c1ccc(cc1)\C=C(/C#N)c1ccccc1Br
BR00117011,D14,train,2020_11_04_CPJUMP1,compound,U2OS,48,DMSO,negcon,DMSO,,,,,,,,
BR00117011,D15,train,2020_11_04_CPJUMP1,compound,U2OS,48,DMSO,negcon,DMSO,,,,,,,,
BR00117011,D16,train,2020_11_04_CPJUMP1,compound,U2OS,48,BRD-K15179513-001-04-2,trt,DMSO,NVP-ADW742,IGF1R,IGF1R,insulin growth factor receptor inhibitor,93.5,control,,Nc1ncnc2n(cc(-c3cccc(OCc4ccccc4)c3)c12)[C@H]1C[C@H](CN2CCCC2)C1
BR00117011,D17,train,2020_11_04_CPJUMP1,compound,U2OS,48,BRD-A72351335-001-04-5,trt,DMSO,misoprostol,PTGIR,PTGER2|PTGER3|PTGER4|PTGIR,prostanoid receptor agonist,61.9,trt,5282381.0,CCCCC(C)(O)C\C=C\[C@H]1[C@H](O)CC(=O)[C@@H]1CCCCCCC(=O)OC
BR00117011,D18,train,2020_11_04_CPJUMP1,compound,U2OS,48,BRD-K37385792-003-02-1,trt,DMSO,conivaptan,AVPR1A,AVPR1A|AVPR2,vasopressin receptor antagonist,97.6,trt,151171.0,Cc1nc2CCN(C(=O)c3ccc(NC(=O)c4ccccc4-c4ccccc4)cc3)c3ccccc3-c2[nH]1
BR00117011,D19,train,2020_11_04_CPJUMP1,compound,U2OS,48,BRD-A72483914-001-03-7,trt,DMSO,spiroxatrine,ADRA2B,ADRA1A|ADRA1B|ADRA1D|ADRA2A|ADRA2B|ADRA2C|HTR1A|HTR2B,serotonin receptor antagonist,93.5,trt,5268.0,O=C1NCN(c2ccccc2)C11CCN(CC2COc3ccccc3O2)CC1
BR00117011,D20,train,2020_11_04_CPJUMP1,compound,U2OS,48,BRD-K69122748-001-10-1,trt,DMSO,diacerein,IL1B,IL1B,interleukin inhibitor,57.2,trt,26248.0,CC(=O)Oc1cccc2C(=O)c3cc(cc(OC(C)=O)c3C(=O)c12)C(O)=O
BR00117011,D21,train,2020_11_04_CPJUMP1,compound,U2OS,48,DMSO,negcon,DMSO,,,,,,,,
BR00117011,D22,train,2020_11_04_CPJUMP1,compound,U2OS,48,DMSO,negcon,DMSO,,,,,,,,
BR00117011,D23,train,2020_11_04_CPJUMP1,compound,U2OS,48,BRD-K36927236-001-36-7,trt,DMSO,glyburide,SLCO2B1,ABCA1|ABCB11|ABCC8|ABCC9|CFTR|CPT1A|KCNJ1|KCNJ11|KCNJ5|KCNJ8|SLCO2B1,ATP channel blocker|insulin secretagogue|sulfonylurea,91.8,trt,3488.0,COc1ccc(Cl)cc1C(=O)NCCc1ccc(cc1)S(=O)(=O)NC(=O)NC1CCCCC1
BR00117011,D24,train,2020_11_04_CPJUMP1,compound,U2OS,48,BRD-K31170746-001-01-6,trt,DMSO,ANR-94,ADORA2A,ADORA2A,A1 adenosine receptor antagonist,97.4,trt,11805896.0,CCOc1nc2c(N)ncnc2n1CC
BR00117011,E01,train,2020_11_04_CPJUMP1,compound,U2OS,48,BRD-K57708067-001-01-3,trt,DMSO,TFC-007,HPGDS,HPGDS,prostaglandin inhibitor,95.4,trt,16040067.0,O=C(Nc1ccc(cc1)N1CCC(CC1)C(=O)N1CCOCC1)c1cnc(Oc2ccccc2)nc1
BR00117011,E02,train,2020_11_04_CPJUMP1,compound,U2OS,48,BRD-A48180038-003-24-3,trt,DMSO,trihexyphenidyl,CHRM3,CHRM1|CHRM2|CHRM3|CHRM4|CHRM5,acetylcholine receptor antagonist,92.1,trt,5572.0,OC(CCN1CCCCC1)(C1CCCCC1)c1ccccc1
BR00117011,E03,train,2020_11_04_CPJUMP1,compound,U2OS,48,BRD-K64054020-001-02-7,trt,DMSO,epoprostenol,PTGIS,P2RY12|PTGER1|PTGER4|PTGIR|PTGIS,prostacyclin analog,31.9,trt,5282411.0,CCCCC[C@H](O)\C=C\[C@H]1[C@H](O)C[C@@H]2O\C(C[C@H]12)=C/CCCC(O)=O
BR00117011,E04,train,2020_11_04_CPJUMP1,compound,U2OS,48,BRD-K91456750-001-01-9,trt,DMSO,sacubitril,MME,MME,neprilysin inhibitor,98.1,trt,9811834.0,CCOC(=O)[C@H](C)C[C@@H](Cc1ccc(cc1)-c1ccccc1)NC(=O)CCC(O)=O
BR00117011,E05,train,2020_11_04_CPJUMP1,compound,U2OS,48,BRD-K07881437-001-03-8,trt,DMSO,danusertib,RET,AURKA|AURKB|AURKC|FGFR1|NTRK1|RET|SLK,Aurora kinase inhibitor|growth factor receptor inhibitor,91.5,control,11442891.0,CO[C@@H](C(=O)N1Cc2[nH]nc(NC(=O)c3ccc(cc3)N3CCN(C)CC3)c2C1)c1ccccc1
BR00117011,E06,train,2020_11_04_CPJUMP1,compound,U2OS,48,BRD-K23363278-001-02-1,trt,DMSO,CYT-997,TUBB,TUBB,tubulin polymerization inhibitor,95.5,control,11351021.0,CCC[C@H](Nc1nc(ncc1C)-c1ccc(NC(=O)NCC)c(OC)c1)c1cccnc1
BR00117011,E07,train,2020_11_04_CPJUMP1,compound,U2OS,48,DMSO,negcon,DMSO,,,,,,,,
BR00117011,E08,train,2020_11_04_CPJUMP1,compound,U2OS,48,BRD-K02490038-236-03-8,trt,DMSO,BQ-788,EDNRB,EDNRB,endothelin receptor antagonist,56.0,trt,5311032.0,CCCC[C@@H](NC(=O)[C@@H](Cc1cn(C(=O)OC)c2ccccc12)NC(=O)[C@H](CC(C)(C)C)NC(=O)N1[C@@H](C)CCC[C@H]1C)C(O)=O
BR00117011,E09,train,2020_11_04_CPJUMP1,compound,U2OS,48,BRD-K54330070-001-19-6,trt,DMSO,SB-202190,MAPK14,AKT1|ALOX5|CHEK1|GSK3B|LCK|MAPK1|MAPK11|MAPK12|MAPK14|MAPK8|PRKCA|ROCK1|RPS6KB1|SGK1,p38 MAPK inhibitor,94.3,control,,Oc1ccc(cc1)-c1nc(c([nH]1)-c1ccncc1)-c1ccc(F)cc1
BR00117011,E10,train,2020_11_04_CPJUMP1,compound,U2OS,48,BRD-K25412176-001-01-9,trt,DMSO,GSK2110183,AKT1,AKT1|AKT2|AKT3,AKT inhibitor,65.4,control,46843057.0,Cn1ncc(Cl)c1-c1cc(sc1Cl)C(=O)N[C@H](CN)Cc1cccc(F)c1
BR00117011,E11,train,2020_11_04_CPJUMP1,compound,U2OS,48,BRD-K03155172-001-03-0,trt,DMSO,GSK3787,PPARD,PPARD,PPAR receptor antagonist,96.1,trt,2800647.0,FC(F)(F)c1ccc(nc1)S(=O)(=O)CCNC(=O)c1ccc(Cl)cc1
BR00117011,E12,train,2020_11_04_CPJUMP1,compound,U2OS,48,BRD-K07442505-001-03-6,trt,DMSO,BAM7,BAX,BAX,BAX activator,95.8,trt,5754137.0,CCOc1ccccc1N\N=C1C(=O)N(N=C\1C)c1nc(cs1)-c1ccccc1
BR00117011,E13,train,2020_11_04_CPJUMP1,compound,U2OS,48,BRD-K64800655-001-09-0,trt,DMSO,PHA-793887,CDK7,CDK1|CDK2|CDK4|CDK5|CDK7|CDK9,CDK inhibitor,0.0,control,46191454.0,CC(C)CC(=O)Nc1n[nH]c2c1CN(C(=O)C1CCN(C)CC1)C2(C)C
BR00117011,E14,train,2020_11_04_CPJUMP1,compound,U2OS,48,DMSO,negcon,DMSO,,,,,,,,
BR00117011,E15,train,2020_11_04_CPJUMP1,compound,U2OS,48,BRD-K26514105-001-01-7,trt,DMSO,GSK-37647,FFAR4,FFAR4,free fatty acid receptor agonist,97.2,trt,743974.0,COc1ccc(cc1)S(=O)(=O)Nc1c(C)cc(C)cc1C
BR00117011,E16,train,2020_11_04_CPJUMP1,compound,U2OS,48,BRD-K21528677-001-04-4,trt,DMSO,desonide,PLA2G1B,NR3C1|PLA2G1B,glucocorticoid receptor agonist,89.1,trt,5311066.0,CC1(C)O[C@@H]2C[C@H]3[C@@H]4CCC5=CC(=O)C=C[C@]5(C)[C@H]4[C@@H](O)C[C@]3(C)[C@@]2(O1)C(=O)CO
BR00117011,E17,train,2020_11_04_CPJUMP1,compound,U2OS,48,DMSO,negcon,DMSO,,,,,,,,
BR00117011,E18,train,2020_11_04_CPJUMP1,compound,U2OS,48,BRD-K91188791-001-17-5,trt,DMSO,aloxistatin,CTSG,CTSG,protease inhibitor,78.8,trt,65663.0,CCOC(=O)[C@H]1O[C@@H]1C(=O)N[C@@H](CC(C)C)C(=O)NCCC(C)C
BR00117011,E19,train,2020_11_04_CPJUMP1,compound,U2OS,48,BRD-K32821942-001-22-1,trt,DMSO,azathioprine,PPAT,HPRT1|IMPDH1|PPAT,dehydrogenase inhibitor,0.0,trt,2265.0,Cn1cnc(c1Sc1[nH]cnc2ncnc12)[N+]([O-])=O
BR00117011,E20,train,2020_11_04_CPJUMP1,compound,U2OS,48,BRD-K33882852-003-02-8,trt,DMSO,ZK-93423,GABRB2,GABRA1|GABRA2|GABRA3|GABRA5|GABRB2|GABRG2,benzodiazepine receptor agonist,94.9,control,121926.0,CCOC(=O)c1ncc2[nH]c3ccc(OCc4ccccc4)cc3c2c1COC
BR00117011,E21,train,2020_11_04_CPJUMP1,compound,U2OS,48,BRD-K64890080-001-02-1,trt,DMSO,BI-2536,PLK1,BRD4|PLK1|PLK2|PLK3,PLK inhibitor,0.0,control,11364421.0,CC[C@H]1N(C2CCCC2)c2nc(Nc3ccc(cc3OC)C(=O)NC3CCN(C)CC3)ncc2N(C)C1=O
BR00117011,E22,train,2020_11_04_CPJUMP1,compound,U2OS,48,BRD-K91535048-001-01-2,trt,DMSO,EI1,EZH2,EZH2,histone lysine methyltransferase inhibitor,94.0,control,72199293.0,CCC(CC)n1ccc2c(cc(cc12)C#N)C(=O)NCc1c(C)cc(C)[nH]c1=O
BR00117011,E23,train,2020_11_04_CPJUMP1,compound,U2OS,48,BRD-K67915505-001-01-2,trt,DMSO,NVP-HSP990,HSP90AB1,HSP90AA1|HSP90AB1,HSP inhibitor,94.4,trt,46216556.0,COc1cccc(n1)-c1cc(F)ccc1[C@H]1Cc2nc(N)nc(C)c2C(=O)N1
BR00117011,E24,train,2020_11_04_CPJUMP1,compound,U2OS,48,DMSO,negcon,DMSO,,,,,,,,
BR00117011,F01,train,2020_11_04_CPJUMP1,compound,U2OS,48,DMSO,negcon,DMSO,,,,,,,,
BR00117011,F02,train,2020_11_04_CPJUMP1,compound,U2OS,48,BRD-K12102668-001-25-5,trt,DMSO,nialamide,COMT,COMT|MAOA|MAOB,monoamine oxidase inhibitor,84.9,trt,4472.0,O=C(CCNNC(=O)c1ccncc1)NCc1ccccc1
BR00117011,F03,train,2020_11_04_CPJUMP1,compound,U2OS,48,DMSO,negcon,DMSO,,,,,,,,
BR00117011,F04,train,2020_11_04_CPJUMP1,compound,U2OS,48,BRD-K49223707-001-01-0,trt,DMSO,arundic-acid,S100B,PTGS2|S100B,astrocyte modulating agent,5.6,trt,208925.0,CCCCCC[C@@H](CCC)C(O)=O
BR00117011,F05,train,2020_11_04_CPJUMP1,compound,U2OS,48,BRD-K91822704-003-07-2,trt,DMSO,torcitabine,DCK,DCK|TK2,DNA polymerase inhibitor,0.0,trt,13711.0,Nc1ccn([C@H]2C[C@H](O)[C@@H](CO)O2)c(=O)n1
BR00117011,F06,train,2020_11_04_CPJUMP1,compound,U2OS,48,DMSO,negcon,DMSO,,,,,,,,
BR00117011,F07,train,2020_11_04_CPJUMP1,compound,U2OS,48,BRD-K68164687-001-01-6,trt,DMSO,epothilone-b,TUBB3,TUBA1A|TUBA1B|TUBA1C|TUBA3C|TUBA4A|TUBA8|TUBB|TUBB1|TUBB3|TUBB4A|TUBB4B,microtubule stabilizing agent|tubulin polymerization inhibitor,95.1,trt,129010071.0,C[C@H]1CCC[C@@]2(C)O[C@H]2C[C@@H](OC(=O)C[C@@H](O)C(C)(C)C(=O)[C@H](C)[C@H]1O)C(\C)=C\c1csc(C)n1
BR00117011,F08,train,2020_11_04_CPJUMP1,compound,U2OS,48,BRD-A00827783-001-24-6,trt,DMSO,dyphylline,PDE7A,ADORA1|ADORA2A|PDE3A|PDE4A|PDE4B|PDE4C|PDE4D|PDE7A|PDE7B,adenosine receptor antagonist|phosphodiesterase inhibitor,97.8,trt,3182.0,Cn1c2ncn(CC(O)CO)c2c(=O)n(C)c1=O
BR00117011,F09,train,2020_11_04_CPJUMP1,compound,U2OS,48,DMSO,negcon,DMSO,,,,,,,,
BR00117011,F10,train,2020_11_04_CPJUMP1,compound,U2OS,48,BRD-K59632282-052-03-1,trt,DMSO,quinidine,KCNK1,KCNA5|KCNA7|KCNH1|KCNH2|KCNH5|KCNK1|KCNK6|SCN5A|SLC29A4,sodium channel blocker,85.7,trt,441074.0,COc1ccc2nccc([C@H](O)[C@H]3C[C@@H]4CC[N@]3C[C@@H]4C=C)c2c1
BR00117011,F11,train,2020_11_04_CPJUMP1,compound,U2OS,48,BRD-K50055394-001-03-6,trt,DMSO,halopemide,PLD1,PLD1|PLD2,phospholipase inhibitor,96.3,trt,65490.0,Oc1nc2cc(Cl)ccc2n1C1CCN(CCNC(=O)c2ccc(F)cc2)CC1
BR00117011,F12,train,2020_11_04_CPJUMP1,compound,U2OS,48,BRD-A36217750-001-16-3,trt,DMSO,sulfinpyrazone,FPR1,ABCC1|ABCC2|FPR1|SLC22A12,uricosuric blocker,85.2,trt,5342.0,O=C1C(CCS(=O)c2ccccc2)C(=O)N(N1c1ccccc1)c1ccccc1
BR00117011,F13,train,2020_11_04_CPJUMP1,compound,U2OS,48,BRD-K93942811-001-01-3,trt,DMSO,ML-323,USP1,USP1,ubiquitin specific protease inhibitor,97.1,control,60167849.0,CC(C)c1ccccc1-c1ncc(C)c(NCc2ccc(cc2)-n2ccnn2)n1
BR00117011,F14,train,2020_11_04_CPJUMP1,compound,U2OS,48,BRD-A08187463-001-12-9,trt,DMSO,racecadotril,MME,MME,enkephalinase inhibitor,98.2,trt,107751.0,CC(=O)SCC(Cc1ccccc1)C(=O)NCC(=O)OCc1ccccc1
BR00117011,F15,train,2020_11_04_CPJUMP1,compound,U2OS,48,BRD-K84266862-001-03-2,trt,DMSO,BRL-50481,PDE7A,PDE7A|PDE7B,phosphodiesterase inhibitor,95.1,trt,2921148.0,CN(C)S(=O)(=O)c1cc(ccc1C)[N+]([O-])=O
BR00117011,F16,train,2020_11_04_CPJUMP1,compound,U2OS,48,BRD-K25412176-001-01-9,trt,DMSO,GSK2110183,AKT1,AKT1|AKT2|AKT3,AKT inhibitor,65.4,control,46843057.0,Cn1ncc(Cl)c1-c1cc(sc1Cl)C(=O)N[C@H](CN)Cc1cccc(F)c1
BR00117011,F17,train,2020_11_04_CPJUMP1,compound,U2OS,48,BRD-K36660044-001-24-2,trt,DMSO,bufexamac,HDAC6,HDAC10|HDAC6,cyclooxygenase inhibitor,79.7,trt,2466.0,CCCCOc1ccc(CC(=O)NO)cc1
BR00117011,F18,train,2020_11_04_CPJUMP1,compound,U2OS,48,BRD-K42352790-001-05-3,trt,DMSO,anandamide,GPR55,CACNA1G|CACNA1H|CACNA1I|CNR1|CNR2|GLRA1|GPR18|GPR55|KCNA2|KCNK3|KCNK9|TRPM8|TRPV1,cannabinoid receptor agonist,89.9,trt,5281969.0,CCCCC\C=C/C\C=C/C\C=C/C\C=C/CCCC(=O)NCCO
BR00117011,F19,train,2020_11_04_CPJUMP1,compound,U2OS,48,BRD-K49350383-001-13-7,trt,DMSO,thioguanine,IMPDH1,IMPDH1|IMPDH2,purine antagonist,0.0,control,2723601.0,Nc1nc2nc[nH]c2c(=S)[nH]1
BR00117011,F20,train,2020_11_04_CPJUMP1,compound,U2OS,48,BRD-K53234107-001-01-6,trt,DMSO,IWP-L6,PORCN,PORCN,porcupine inhibitor,94.5,trt,71601111.0,O=C(CSc1nc2CCSc2c(=O)n1-c1ccccc1)Nc1ccc(cn1)-c1ccccc1
BR00117011,F21,train,2020_11_04_CPJUMP1,compound,U2OS,48,BRD-K29322660-001-01-9,trt,DMSO,edoxaban,F10,F10,coagulation factor inhibitor,94.0,trt,49822384.0,CN(C)C(=O)[C@@H]1CC[C@H](NC(=O)C(=O)Nc2ccc(Cl)cn2)[C@H](C1)NC(=O)c1nc2CCN(C)Cc2s1
BR00117011,F22,train,2020_11_04_CPJUMP1,compound,U2OS,48,BRD-K41599323-001-02-3,trt,DMSO,lonafarnib,KRAS,FNTA|HRAS|KRAS|NRAS,farnesyltransferase inhibitor,96.7,control,148195.0,NC(=O)N1CCC(CC(=O)N2CCC(CC2)[C@H]2c3ncc(Br)cc3CCc3cc(Cl)cc(Br)c23)CC1
BR00117011,F23,train,2020_11_04_CPJUMP1,compound,U2OS,48,BRD-K44771174-066-01-0,trt,DMSO,ibutamoren,GHSR,GHR|GHSR,growth hormone secretagogue receptor agonist,94.0,trt,178024.0,CC(C)(N)C(=O)N[C@H](COCc1ccccc1)C(=O)N1CCC2(CN(c3ccccc23)S(C)(=O)=O)CC1
BR00117011,F24,train,2020_11_04_CPJUMP1,compound,U2OS,48,BRD-K14681867-001-01-6,trt,DMSO,somatostatin,SSTR2,OPRD1|OPRM1|SSTR1|SSTR2|SSTR3|SSTR4|SSTR5,somatostatin receptor agonist,58.0,trt,101826531.0,C[C@@H](O)[C@@H]1NC(=O)[C@H](CCCCN)NC(=O)[C@H](Cc2c[nH]c3ccccc23)NC(=O)[C@H](Cc2ccccc2)NC(=O)[C@H](Cc2ccccc2)NC(=O)[C@H](CC(N)=O)NC(=O)[C@H](CCCCN)NC(=O)[C@H](CSSC[C@H](NC(=O)[C@H](CO)NC(=O)[C@@H](NC(=O)[C@H](Cc2ccccc2)NC1=O)[C@@H](C)O)C(O)=O)NC(=O)CNC(=O)[C@H](C)N
BR00117011,G01,train,2020_11_04_CPJUMP1,compound,U2OS,48,BRD-K01666412-001-02-0,trt,DMSO,L-proline,P3H1,EPRS1|L3HYPDH|P3H1|P3H2|P3H3|P4HA1|P4HA2|PARS2|PPIA|PPIB|PPIC|PPIF|PPIG|PPIH|PRODH|PLPBP|PYCR1|PYCR2|PYCR3|SLC6A14|SLC6A7,glutamate receptor agonist,0.0,trt,145742.0,OC(=O)[C@@H]1CCCN1
BR00117011,G02,train,2020_11_04_CPJUMP1,compound,U2OS,48,BRD-K80451230-051-02-6,trt,DMSO,zamifenacin,CHRM3,CHRM3,acetylcholine receptor antagonist,96.9,trt,3086618.0,C(Cc1ccc2OCOc2c1)N1CCC[C@H](C1)OC(c1ccccc1)c1ccccc1
BR00117011,G03,train,2020_11_04_CPJUMP1,compound,U2OS,48,BRD-K60476892-001-16-1,trt,DMSO,YC-1,GUCY1B1,GUCY1A2|GUCY1A1|GUCY1B1|HIF1A,guanylyl cyclase activator,96.3,trt,5712.0,OCc1ccc(o1)-c1nn(Cc2ccccc2)c2ccccc12
BR00117011,G04,train,2020_11_04_CPJUMP1,compound,U2OS,48,DMSO,negcon,DMSO,,,,,,,,
BR00117011,G05,train,2020_11_04_CPJUMP1,compound,U2OS,48,BRD-K24283677-001-01-9,trt,DMSO,ME-0328,PARP3,PARP3,PPAR receptor antagonist,98.4,trt,71571526.0,C[C@H](NC(=O)CCc1nc2ccccc2c(=O)[nH]1)c1ccccc1
BR00117011,G06,train,2020_11_04_CPJUMP1,compound,U2OS,48,BRD-K03109492-001-02-2,trt,DMSO,NSC-663284,CDC25A,CDC25A|CDC25B|CDC25C,CDC inhibitor,0.0,trt,379077.0,ClC1=C(NCCN2CCOCC2)C(=O)c2ncccc2C1=O
BR00117011,G07,train,2020_11_04_CPJUMP1,compound,U2OS,48,BRD-K80666802-003-01-0,trt,DMSO,CYM-50358,S1PR4,S1PR4,sphingosine 1-phosphate receptor antagonist,96.4,trt,53358422.0,Cc1cc(CN)cc(C)c1NC(=O)c1ccc(o1)-c1cc(Cl)ccc1Cl
BR00117011,G08,train,2020_11_04_CPJUMP1,compound,U2OS,48,BRD-K70778732-003-27-5,trt,DMSO,trazodone,HTR2C,ADRA1A|ADRA2A|HRH1|HTR1A|HTR2A|HTR2B|HTR2C|SLC6A4,adrenergic receptor antagonist|serotonin receptor antagonist|serotonin reuptake inhibitor,97.3,trt,5533.0,Clc1cccc(c1)N1CCN(CCCn2nc3ccccn3c2=O)CC1
BR00117011,G09,train,2020_11_04_CPJUMP1,compound,U2OS,48,DMSO,negcon,DMSO,,,,,,,,
BR00117011,G10,train,2020_11_04_CPJUMP1,compound,U2OS,48,DMSO,negcon,DMSO,,,,,,,,
BR00117011,G11,train,2020_11_04_CPJUMP1,compound,U2OS,48,BRD-K10670311-001-17-1,trt,DMSO,sulfasalazine,PLA2G1B,ACAT1|ALOX5|CHUK|IKBKB|PLA2G1B|PPARG|PTGS1|PTGS2|SLC46A1|SLC7A11|TBXAS1,cyclooxygenase inhibitor,91.0,trt,,OC(=O)c1cc(ccc1O)\N=N\c1ccc(cc1)S(=O)(=O)Nc1ccccn1
BR00117011,G12,train,2020_11_04_CPJUMP1,compound,U2OS,48,BRD-K29791386-001-01-8,trt,DMSO,"2,5-furandimethanol",HBB,HBB,hemoglobin modulator,95.2,trt,74663.0,OCc1ccc(CO)o1
BR00117011,G13,train,2020_11_04_CPJUMP1,compound,U2OS,48,DMSO,negcon,DMSO,,,,,,,,
BR00117011,G14,train,2020_11_04_CPJUMP1,compound,U2OS,48,BRD-K48722258-300-11-0,trt,DMSO,dilazep,SLC29A1,SLC29A1,adenosine reuptake inhibitor,86.5,trt,3074.0,COc1cc(cc(OC)c1OC)C(=O)OCCCN1CCCN(CCCOC(=O)c2cc(OC)c(OC)c(OC)c2)CC1
BR00117011,G15,train,2020_11_04_CPJUMP1,compound,U2OS,48,BRD-A30815329-001-12-1,trt,DMSO,felodipine,TNNC1,CACNA1C|CACNA1D|CACNA1F|CACNA1H|CACNA1S|CACNA2D1|CACNA2D2|CACNB2|CALM1|CFTR|NR3C2|PDE1A|PDE1B|TNNC1|TNNC2,calcium channel blocker,95.4,trt,3333.0,CCOC(=O)C1=C(C)NC(C)=C(C1c1cccc(Cl)c1Cl)C(=O)OC
BR00117011,G16,train,2020_11_04_CPJUMP1,compound,U2OS,48,BRD-A99888680-001-05-3,trt,DMSO,paliperidone,HTR2C,ADRA1A|ADRA1B|ADRA2A|ADRA2B|ADRA2C|CYP2D6|CYP3A4|CYP3A5|DRD1|DRD2|DRD3|DRD4|HRH1|HTR1A|HTR1D|HTR2A|HTR2C,dopamine receptor antagonist|serotonin receptor antagonist,80.4,trt,115237.0,Cc1nc2C(O)CCCn2c(=O)c1CCN1CCC(CC1)c1noc2cc(F)ccc12
BR00117011,G17,train,2020_11_04_CPJUMP1,compound,U2OS,48,BRD-K50836978-001-03-3,trt,DMSO,purvalanol-a,CDK2,CDK1|CDK2|CDK4|CDK5|CSNK1G3|RPS6KA1|SRC,CDK inhibitor,97.3,control,456214.0,CC(C)[C@H](CO)Nc1nc(Nc2cccc(Cl)c2)c2ncn(C(C)C)c2n1
BR00117011,G18,train,2020_11_04_CPJUMP1,compound,U2OS,48,DMSO,negcon,DMSO,,,,,,,,
BR00117011,G19,train,2020_11_04_CPJUMP1,compound,U2OS,48,BRD-K77220725-003-01-5,trt,DMSO,Ro-1138452,PTGIR,PTGIR,prostanoid receptor antagonist,95.7,trt,9839644.0,CC(C)Oc1ccc(Cc2ccc(NC3=NCCN3)cc2)cc1
BR00117011,G20,train,2020_11_04_CPJUMP1,compound,U2OS,48,BRD-A89164055-001-03-3,trt,DMSO,sorbinil,AKR1B1,AKR1B1,aldose reductase inhibitor,0.0,trt,5252.0,Fc1ccc2OCCC3(NC(=O)NC3=O)c2c1
BR00117011,G21,train,2020_11_04_CPJUMP1,compound,U2OS,48,BRD-K89517477-001-01-4,trt,DMSO,TC-S-7004,DYRK1B,DYRK1A|DYRK1B,DYRK inhibitor,91.3,control,57523919.0,COc1ncc2cc(C(=O)Nc3cc(ccc3Cl)C(=O)NCc3cccc(Cl)c3)c(=O)[nH]c2n1
BR00117011,G22,train,2020_11_04_CPJUMP1,compound,U2OS,48,BRD-A24122750-001-03-7,trt,DMSO,saclofen,KCTD16,GABBR1|GABBR2|KCTD12|KCTD16|KCTD8,GABA receptor antagonist,93.0,trt,122150.0,NCC(CS(O)(=O)=O)c1ccc(Cl)cc1
BR00117011,G23,train,2020_11_04_CPJUMP1,compound,U2OS,48,BRD-K70463136-001-01-5,trt,DMSO,BAY-87-2243,HIF1A,HIF1A,hypoxia inducible factor inhibitor,92.6,trt,67377767.0,Cc1cc(nn1Cc1ccnc(c1)N1CCN(CC1)C1CC1)-c1nc(no1)-c1ccc(OC(F)(F)F)cc1
BR00117011,G24,train,2020_11_04_CPJUMP1,compound,U2OS,48,BRD-K16444452-001-09-1,trt,DMSO,ibudilast,PDE4D,IL1B|IL6|PDE3A|PDE4A|PDE4B|PDE4C|PDE4D|PDE5A,leukotriene receptor antagonist|phosphodiesterase inhibitor,68.5,trt,3671.0,CC(C)C(=O)c1c(nn2ccccc12)C(C)C
BR00117011,H01,train,2020_11_04_CPJUMP1,compound,U2OS,48,BRD-K05531427-001-01-7,trt,DMSO,briciclib,CCND1,CCND1,cyclin D inhibitor,94.8,trt,11248490.0,COc1cc(OC)c(\C=C\S(=O)(=O)Cc2ccc(OC)c(OP(O)(O)=O)c2)c(OC)c1
BR00117011,H02,train,2020_11_04_CPJUMP1,compound,U2OS,48,BRD-K77087341-001-02-4,trt,DMSO,2-Oleoylglycerol,GPR119,GPR119,glucose dependent insulinotropic receptor ligand,7.4,trt,5319879.0,CCCCCCCC\C=C/CCCCCCCC(=O)OC(CO)CO
BR00117011,H03,train,2020_11_04_CPJUMP1,compound,U2OS,48,BRD-K61688984-001-02-9,trt,DMSO,RGFP966,HDAC3,HDAC3,HDAC inhibitor,93.0,control,56650312.0,Nc1cc(F)ccc1NC(=O)\C=C\c1cnn(C\C=C\c2ccccc2)c1
BR00117011,H04,train,2020_11_04_CPJUMP1,compound,U2OS,48,DMSO,negcon,DMSO,,,,,,,,
BR00117011,H05,train,2020_11_04_CPJUMP1,compound,U2OS,48,BRD-K03406345-001-21-1,trt,DMSO,azacitidine,DNMT3A,DNMT1|DNMT3A,DNA methyltransferase inhibitor,0.0,control,9444.0,Nc1ncn([C@@H]2O[C@H](CO)[C@@H](O)[C@H]2O)c(=O)n1
BR00117011,H06,train,2020_11_04_CPJUMP1,compound,U2OS,48,BRD-K60150510-001-15-6,trt,DMSO,N6-cyclopentyladenosine,SLC29A1,ADORA1|ADORA2A|ADORA2B|ADORA3|SLC29A1,adenosine receptor agonist,96.7,trt,657378.0,OC[C@H]1O[C@H]([C@H](O)[C@@H]1O)n1cnc2c(NC3CCCC3)ncnc12
BR00117011,H07,train,2020_11_04_CPJUMP1,compound,U2OS,48,BRD-K16803204-001-01-6,trt,DMSO,filgotinib,JAK1,JAK1|JAK2|JAK3|TYK2,JAK inhibitor,89.6,control,49831257.0,O=C(Nc1nc2cccc(-c3ccc(CN4CCS(=O)(=O)CC4)cc3)n2n1)C1CC1
BR00117011,H08,train,2020_11_04_CPJUMP1,compound,U2OS,48,BRD-K76037122-001-02-5,trt,DMSO,guanidine,RNASE1,ALDH2|DLG4|GAMT|RNASE1,HSP inhibitor,1.9,trt,3520.0,NC(N)=N
BR00117011,H09,train,2020_11_04_CPJUMP1,compound,U2OS,48,BRD-K23913458-001-20-7,trt,DMSO,coumarin,CA14,CA1|CA12|CA14|CA2|CA4|CA6|CA9|CYP2A6,vitamin K antagonist,98.0,trt,323.0,O=c1ccc2ccccc2o1
BR00117011,H10,train,2020_11_04_CPJUMP1,compound,U2OS,48,DMSO,negcon,DMSO,,,,,,,,
BR00117011,H11,train,2020_11_04_CPJUMP1,compound,U2OS,48,BRD-K73789395-001-09-9,trt,DMSO,ZM-336372,BRAF,BRAF|LCK|MAPK14|RAF1,RAF inhibitor,62.0,control,5730.0,CN(C)c1cccc(c1)C(=O)Nc1ccc(C)c(NC(=O)c2ccc(O)cc2)c1
BR00117011,H12,train,2020_11_04_CPJUMP1,compound,U2OS,48,BRD-K76792669-001-08-1,trt,DMSO,citric-acid,RNASE1,AKR1B1|ANG|APRT|BHMT|C8G|CA4|CPB1|CS|CTDSP1|GNMT|HGS|HS3ST3A1|IL4I1|ITPA|LSM6|MDH2|MIF|PDE5A|PKD2L1|PLEKHA1|RNASE1|RNASE3|SRC|TNFSF13B|UCK2,coagulation factor inhibitor,0.0,trt,19782904.0,OC(=O)CC(O)(CC(O)=O)C(O)=O
BR00117011,H13,train,2020_11_04_CPJUMP1,compound,U2OS,48,DMSO,negcon,DMSO,,,,,,,,
BR00117011,H14,train,2020_11_04_CPJUMP1,compound,U2OS,48,BRD-K26970495-001-02-7,trt,DMSO,CCG-63802,RGS4,RGS4,G protein signaling inhibitor,0.0,trt,6057678.0,Cc1cccc(Oc2nc3c(C)cccn3c(=O)c2\C=C(/C#N)c2nc3ccccc3s2)c1
BR00117011,H15,train,2020_11_04_CPJUMP1,compound,U2OS,48,BRD-A74391928-051-03-9,trt,DMSO,ibutilide,KCNK1,CACNA1C|CACNA2D1|CACNB1|CACNG1|KCNH2|KCNH6|KCNH7|KCNJ11|KCNK1|KCNK6,potassium channel blocker,95.1,trt,60753.0,CCCCCCCN(CC)CCCC(O)c1ccc(NS(C)(=O)=O)cc1
BR00117011,H16,train,2020_11_04_CPJUMP1,compound,U2OS,48,BRD-K82818427-001-04-8,trt,DMSO,batimastat,MMP2,ADAM28|ADAMTS5|MMP12|MMP16|MMP2|MMP8,matrix metalloprotease inhibitor,86.5,trt,5362422.0,CNC(=O)[C@H](Cc1ccccc1)NC(=O)[C@H](CC(C)C)[C@H](CSc1cccs1)C(=O)NO
BR00117011,H17,train,2020_11_04_CPJUMP1,compound,U2OS,48,DMSO,negcon,DMSO,,,,,,,,
BR00117011,H18,train,2020_11_04_CPJUMP1,compound,U2OS,48,DMSO,negcon,DMSO,,,,,,,,
BR00117011,H19,train,2020_11_04_CPJUMP1,compound,U2OS,48,BRD-K26989966-001-04-3,trt,DMSO,UNC1999,EZH2,EZH2,histone lysine methyltransferase inhibitor,88.2,control,72551585.0,CCCc1cc(C)[nH]c(=O)c1CNC(=O)c1cc(cc2n(ncc12)C(C)C)-c1ccc(nc1)N1CCN(CC1)C(C)C
BR00117011,H20,train,2020_11_04_CPJUMP1,compound,U2OS,48,BRD-K83896451-001-06-7,trt,DMSO,glutamine-(l),PPAT,CTPS1|GLUL|GPRC6A|PPAT,,0.0,trt,5961.0,N[C@@H](CCC(N)=O)C(O)=O
BR00117011,H21,train,2020_11_04_CPJUMP1,compound,U2OS,48,BRD-K62810658-001-11-4,trt,DMSO,PD-98059,BRAF,AKT1|BRAF|CHEK1|GSK3B|LCK|MAP2K1|MAPK1|MAPK11|MAPK12|MAPK14|MAPK8|PRKCA|RAF1|ROCK1|RPS6KB1|SGK1,MEK inhibitor,96.3,control,4713.0,COc1cccc(-c2cc(=O)c3ccccc3o2)c1N
BR00117011,H22,train,2020_11_04_CPJUMP1,compound,U2OS,48,BRD-K01825690-065-01-9,trt,DMSO,enilconazole,CYP1A2,CYP19A1|CYP1A2|CYP2B6|CYP2C9|CYP2J2|CYP3A4|CYP3A5|NR1I2|PPARA|PTGER2,sterol demethylase inhibitor,91.6,trt,37175.0,Clc1ccc(C(Cn2ccnc2)OCC=C)c(Cl)c1
BR00117011,H23,train,2020_11_04_CPJUMP1,compound,U2OS,48,BRD-K75390981-300-04-9,trt,DMSO,N-alpha-Methylhistamine-dihydrochloride,HRH4,HRH4,histamine receptor agonist,88.4,trt,912.0,CNCCc1cnc[nH]1
BR00117011,H24,train,2020_11_04_CPJUMP1,compound,U2OS,48,BRD-K38272302-001-02-7,trt,DMSO,GK921,TGM2,TGM2,transglutaminase inhibitor,95.4,trt,56682080.0,C(CN1CCCC1)Oc1nc2cccnc2nc1C#Cc1ccccc1
BR00117011,I01,train,2020_11_04_CPJUMP1,compound,U2OS,48,BRD-A84687895-001-03-2,trt,DMSO,nilvadipine,CACNA2D3,CACNA1C|CACNA1D|CACNA1S|CACNA2D1|CACNA2D3|CACNB2,calcium channel blocker,82.0,trt,4494.0,COC(=O)C1=C(NC(C)=C(C1c1cccc(c1)[N+]([O-])=O)C(=O)OC(C)C)C#N
BR00117011,I02,train,2020_11_04_CPJUMP1,compound,U2OS,48,DMSO,negcon,DMSO,,,,,,,,
BR00117011,I03,train,2020_11_04_CPJUMP1,compound,U2OS,48,BRD-K15819326-001-01-6,trt,DMSO,AC-710,CSF1R,CSF1R|FLT3|KIT|PDGFRA|PDGFRB,PDGFR tyrosine kinase receptor inhibitor,98.5,trt,54760053.0,CCN1C(C)(C)CC(CC1(C)C)Oc1ccc(nc1)C(=O)Nc1ccc(NC(=O)Nc2cc(on2)C(C)(C)C)cc1
BR00117011,I04,train,2020_11_04_CPJUMP1,compound,U2OS,48,BRD-A93477898-001-04-2,trt,DMSO,PETCM,CASP3,CASP3,caspase activator,73.4,trt,224859.0,OC(Cc1ccncc1)C(Cl)(Cl)Cl
BR00117011,I05,train,2020_11_04_CPJUMP1,compound,U2OS,48,BRD-K86525559-001-07-8,trt,DMSO,AZD7762,CHEK2,CHEK1|CHEK2,CHK inhibitor,87.8,control,11152667.0,NC(=O)Nc1cc(sc1C(=O)N[C@H]1CCCNC1)-c1cccc(F)c1
BR00117011,I06,train,2020_11_04_CPJUMP1,compound,U2OS,48,BRD-K64800655-001-09-0,trt,DMSO,PHA-793887,CDK7,CDK1|CDK2|CDK4|CDK5|CDK7|CDK9,CDK inhibitor,0.0,control,46191454.0,CC(C)CC(=O)Nc1n[nH]c2c1CN(C(=O)C1CCN(C)CC1)C2(C)C
BR00117011,I07,train,2020_11_04_CPJUMP1,compound,U2OS,48,BRD-K36016295-001-05-2,trt,DMSO,KU-60019,ATM,ATM,ATM kinase inhibitor,81.9,trt,15953870.0,C[C@H]1CN(CC(=O)Nc2ccc3Sc4c(Cc3c2)cccc4-c2cc(=O)cc(o2)N2CCOCC2)C[C@@H](C)O1
BR00117011,I08,train,2020_11_04_CPJUMP1,compound,U2OS,48,BRD-K06674495-334-04-0,trt,DMSO,nafamostat,ASIC1,ASIC1|ASIC2|ASIC3|C1R|PRSS1|TPSAB1|TRPM7,serine protease inhibitor,20.4,trt,4413.0,NC(=N)Nc1ccc(cc1)C(=O)Oc1ccc2cc(ccc2c1)C(N)=N
BR00117011,I09,train,2020_11_04_CPJUMP1,compound,U2OS,48,DMSO,negcon,DMSO,,,,,,,,
BR00117011,I10,train,2020_11_04_CPJUMP1,compound,U2OS,48,DMSO,negcon,DMSO,,,,,,,,
BR00117011,I11,train,2020_11_04_CPJUMP1,compound,U2OS,48,BRD-K50498985-001-03-3,trt,DMSO,taladegib,DHH,DHH|IHH|SMO,smoothened receptor antagonist,97.2,trt,49848070.0,CN(C1CCN(CC1)c1nnc(-c2ccnn2C)c2ccccc12)C(=O)c1ccc(F)cc1C(F)(F)F
BR00117011,I12,train,2020_11_04_CPJUMP1,compound,U2OS,48,BRD-K52960356-001-13-0,trt,DMSO,acetohexamide,KCNJ1,ABCC8|KCNJ1|KCNJ10|KCNJ11,ATP channel blocker,0.4,trt,1989.0,CC(=O)c1ccc(cc1)S(=O)(=O)NC(=O)NC1CCCCC1
BR00117011,I13,train,2020_11_04_CPJUMP1,compound,U2OS,48,BRD-A69651145-003-11-4,trt,DMSO,minocycline,IL1B,ALOX5|CASP1|CASP3|CYCS|IL1B|MMP9|VEGFA,bacterial 30S ribosomal subunit inhibitor,68.1,trt,54575046.0,CN(C)[C@H]1[C@@H]2C[C@@H]3Cc4c(ccc(O)c4C(=O)C3C(=O)[C@]2(O)C(=O)C(C(N)=O)C1=O)N(C)C
BR00117011,I14,train,2020_11_04_CPJUMP1,compound,U2OS,48,BRD-K64890080-001-02-1,trt,DMSO,BI-2536,PLK1,BRD4|PLK1|PLK2|PLK3,PLK inhibitor,0.0,control,11364421.0,CC[C@H]1N(C2CCCC2)c2nc(Nc3ccc(cc3OC)C(=O)NC3CCN(C)CC3)ncc2N(C)C1=O
BR00117011,I15,train,2020_11_04_CPJUMP1,compound,U2OS,48,BRD-K84783599-001-01-0,trt,DMSO,riociguat,GUCY1B1,GUCY1A2|GUCY1A1|GUCY1B2|GUCY1B1,guanylate cyclase stimulant,97.4,trt,11304743.0,COC(=O)N(C)c1c(N)nc(nc1N)-c1nn(Cc2ccccc2F)c2ncccc12
BR00117011,I16,train,2020_11_04_CPJUMP1,compound,U2OS,48,BRD-K76908866-001-07-6,trt,DMSO,CP-724714,ERBB2,ERBB2,EGFR inhibitor|protein tyrosine kinase inhibitor,96.2,control,9874913.0,COCC(=O)NC\C=C\c1ccc2ncnc(Nc3ccc(Oc4ccc(C)nc4)c(C)c3)c2c1
BR00117011,I17,train,2020_11_04_CPJUMP1,compound,U2OS,48,BRD-K38852836-001-04-9,trt,DMSO,ganetespib,HSP90AA1,HSP90AA1,HSP inhibitor,81.0,control,,CC(C)c1cc(-c2n[nH]c(=O)n2-c2ccc3n(C)ccc3c2)c(O)cc1O
BR00117011,I18,train,2020_11_04_CPJUMP1,compound,U2OS,48,BRD-K80935598-001-01-1,trt,DMSO,AZ191,DYRK1B,DYRK1B,DYRK inhibitor,85.4,control,72716071.0,COc1cc(ccc1Nc1nccc(n1)-c1cn(C)c2cnccc12)N1CCN(C)CC1
BR00117011,I19,train,2020_11_04_CPJUMP1,compound,U2OS,48,BRD-A18763547-300-06-3,trt,DMSO,BAX-channel-blocker,BAX,BAX,cytochrome C release inhibitor,95.3,trt,2729027.0,OC(CN1CCNCC1)Cn1c2ccc(Br)cc2c2cc(Br)ccc12
BR00117011,I20,train,2020_11_04_CPJUMP1,compound,U2OS,48,BRD-K32730239-001-01-0,trt,DMSO,SU3327,MAPK8,MAPK8,JNK inhibitor,86.4,trt,11837140.0,Nc1nnc(Sc2ncc(s2)[N+]([O-])=O)s1
BR00117011,I21,train,2020_11_04_CPJUMP1,compound,U2OS,48,DMSO,negcon,DMSO,,,,,,,,
BR00117011,I22,train,2020_11_04_CPJUMP1,compound,U2OS,48,DMSO,negcon,DMSO,,,,,,,,
BR00117011,I23,train,2020_11_04_CPJUMP1,compound,U2OS,48,BRD-A64173453-015-03-1,trt,DMSO,octreotide,SSTR2,SSTR1|SSTR2|SSTR3|SSTR5,somatostatin receptor agonist,94.8,trt,383414.0,CC(O)C(CO)NC(=O)C1CSSCC(NC(=O)C(N)Cc2ccccc2)C(=O)NC(Cc2ccccc2)C(=O)NC(Cc2c[nH]c3ccccc23)C(=O)NC(CCCCN)C(=O)NC(C(C)O)C(=O)N1
BR00117011,I24,train,2020_11_04_CPJUMP1,compound,U2OS,48,BRD-K09338665-001-08-9,trt,DMSO,1-octanol,GJB4,GJA1|GJA10|GJA3|GJA4|GJA5|GJA8|GJA9|GJB1|GJB2|GJB3|GJB4|GJB5|GJB6|GJB7|GJC1|GJC2|GJC3|GJD2|GJD3|GJD4|GJE1,,0.0,trt,957.0,CCCCCCCCO
BR00117011,J01,train,2020_11_04_CPJUMP1,compound,U2OS,48,BRD-K64034691-001-01-9,trt,DMSO,acalabrutinib,BTK,BTK,Bruton's tyrosine kinase (BTK) inhibitor,71.5,trt,71226662.0,CC#CC(=O)N1CCC[C@H]1c1nc(-c2ccc(cc2)C(=O)Nc2ccccn2)c2c(N)nccn12
BR00117011,J02,train,2020_11_04_CPJUMP1,compound,U2OS,48,BRD-K38512030-001-01-7,trt,DMSO,rifamycin,SLCO2B1,SLCO1A2|SLCO1B1|SLCO1B3|SLCO2B1,DNA directed RNA polymerase inhibitor,12.2,trt,6324616.0,CO[C@H]1\C=C\O[C@@]2(C)Oc3c(C2=O)c2c(O)cc(NC(=O)\C(C)=C/C=C/[C@H](C)[C@H](O)[C@@H](C)[C@@H](O)[C@@H](C)[C@H](OC(C)=O)[C@@H]1C)c(O)c2c(O)c3C
BR00117011,J03,train,2020_11_04_CPJUMP1,compound,U2OS,48,BRD-K74514084-003-09-2,trt,DMSO,pazopanib,FGF1,CSF1R|FGF1|FGFR1|FGFR3|FLT1|FLT4|ITK|KDR|KIT|PDGFRA|PDGFRB|SH2B3,KIT inhibitor|PDGFR tyrosine kinase receptor inhibitor|VEGFR inhibitor,97.8,trt,10113978.0,CN(c1ccc2c(C)n(C)nc2c1)c1ccnc(Nc2ccc(C)c(c2)S(N)(=O)=O)n1
BR00117011,J04,train,2020_11_04_CPJUMP1,compound,U2OS,48,BRD-K19333160-001-01-3,trt,DMSO,RKI-1447,PAK1,CDC42BPA|DMPK|LIMK1|MYLK|PAK1|PKN1|ROCK1|ROCK2,rho associated kinase inhibitor,93.9,control,60138149.0,Oc1cccc(CNC(=O)Nc2nc(cs2)-c2ccncc2)c1
BR00117011,J05,train,2020_11_04_CPJUMP1,compound,U2OS,48,BRD-K97091514-001-11-4,trt,DMSO,vitamin-E,PRKCB,ALOX5|DGKA|NR1I2|PPP2CA|PPP2CB|PRKCA|PRKCB|SEC14L2|SEC14L3|SEC14L4,PKC inhibitor|LDL oxidation inhibitor,0.0,trt,14985.0,CC(C)CCC[C@@H](C)CCC[C@@H](C)CCC[C@]1(C)CCc2c(C)c(O)c(C)c(C)c2O1
BR00117011,J06,train,2020_11_04_CPJUMP1,compound,U2OS,48,BRD-K41599323-001-02-3,trt,DMSO,lonafarnib,KRAS,FNTA|HRAS|KRAS|NRAS,farnesyltransferase inhibitor,96.7,control,148195.0,NC(=O)N1CCC(CC(=O)N2CCC(CC2)[C@H]2c3ncc(Br)cc3CCc3cc(Cl)cc(Br)c23)CC1
BR00117011,J07,train,2020_11_04_CPJUMP1,compound,U2OS,48,BRD-K47738867-001-01-5,trt,DMSO,ethyl-pyruvate,TNF,HMGB1|TNF,tumor necrosis factor production inhibitor,0.0,trt,12041.0,CCOC(=O)C(C)=O
BR00117011,J08,train,2020_11_04_CPJUMP1,compound,U2OS,48,BRD-A91822151-001-05-0,trt,DMSO,picrotin,GLRA3,GABRA1|GABRR1|GLRA1|GLRA2|GLRA3|GLRB,GABA receptor antagonist,58.4,trt,4815.0,CC(C)(O)C1C2OC(=O)C1C1(O)CC3OC33C(=O)OC2C13C
BR00117011,J09,train,2020_11_04_CPJUMP1,compound,U2OS,48,BRD-K19477839-001-07-6,trt,DMSO,SGX523,MET,MET,hepatocyte growth factor receptor inhibitor,97.7,control,24779724.0,Cn1cc(cn1)-c1ccc2nnc(Sc3ccc4ncccc4c3)n2n1
BR00117011,J10,train,2020_11_04_CPJUMP1,compound,U2OS,48,BRD-K95785537-001-22-3,trt,DMSO,PP-2,LYN,ABL1|LCK|LYN|RIPK2|SRC,src inhibitor,96.6,trt,4878.0,CC(C)(C)n1nc(-c2ccc(Cl)cc2)c2c(N)ncnc12
BR00117011,J11,train,2020_11_04_CPJUMP1,compound,U2OS,48,BRD-A63444178-001-01-5,trt,DMSO,ME-0328,PARP3,PARP3,PPAR receptor antagonist,97.1,trt,51147633.0,CC(NC(=O)CCc1nc(=O)c2ccccc2[nH]1)c1ccccc1
BR00117011,J12,train,2020_11_04_CPJUMP1,compound,U2OS,48,BRD-K31476763-001-01-5,trt,DMSO,AZD9668,ELANE,ELANE,elastase inhibitor,95.8,trt,46861623.0,Cc1c(cc(C(=O)NCc2ccc(cn2)S(C)(=O)=O)c(=O)n1-c1cccc(c1)C(F)(F)F)-c1ccnn1C
BR00117011,J13,train,2020_11_04_CPJUMP1,compound,U2OS,48,BRD-K61918008-001-07-1,trt,DMSO,NQDI-1,CASP3,CASP3,caspase inhibitor,0.0,trt,5522952.0,CCOC(=O)c1c(O)nc2cccc3C(=O)c4ccccc4-c1c23
BR00117011,J14,train,2020_11_04_CPJUMP1,compound,U2OS,48,DMSO,negcon,DMSO,,,,,,,,
BR00117011,J15,train,2020_11_04_CPJUMP1,compound,U2OS,48,BRD-K09295674-001-09-8,trt,DMSO,carzenide,CA14,CA1|CA12|CA14|CA2|CA6|CA9,,0.0,trt,8739.0,NS(=O)(=O)c1ccc(cc1)C(O)=O
BR00117011,J16,train,2020_11_04_CPJUMP1,compound,U2OS,48,BRD-K25311561-001-10-7,trt,DMSO,KU-55933,ATM,ATM|PRKDC,ATM kinase inhibitor,97.7,trt,5278396.0,O=c1cc(oc(c1)-c1cccc2Sc3ccccc3Sc12)N1CCOCC1
BR00117011,J17,train,2020_11_04_CPJUMP1,compound,U2OS,48,BRD-K24696047-001-02-3,trt,DMSO,NVP-AEW541,IGF1R,IGF1R|INSR,IGF-1 inhibitor,95.3,control,,Nc1ncnc2n(cc(-c3cccc(OCc4ccccc4)c3)c12)[C@@H]1C[C@H](CN2CCC2)C1
BR00117011,J18,train,2020_11_04_CPJUMP1,compound,U2OS,48,BRD-K78692225-001-24-5,trt,DMSO,leflunomide,PTK2B,AHR|DHODH|PTK2B,dihydroorotate dehydrogenase inhibitor|PDGFR tyrosine kinase receptor inhibitor,87.4,trt,3899.0,Cc1oncc1C(=O)Nc1ccc(cc1)C(F)(F)F
BR00117011,J19,train,2020_11_04_CPJUMP1,compound,U2OS,48,DMSO,negcon,DMSO,,,,,,,,
BR00117011,J20,train,2020_11_04_CPJUMP1,compound,U2OS,48,BRD-K03406345-001-21-1,trt,DMSO,azacitidine,DNMT3A,DNMT1|DNMT3A,DNA methyltransferase inhibitor,0.0,control,9444.0,Nc1ncn([C@@H]2O[C@H](CO)[C@@H](O)[C@H]2O)c(=O)n1
BR00117011,J21,train,2020_11_04_CPJUMP1,compound,U2OS,48,BRD-K03601870-001-01-2,trt,DMSO,ixabepilone,TUBB4B,TUBA1A|TUBA1B|TUBA1C|TUBA3C|TUBA3D|TUBA3E|TUBA4A|TUBB|TUBB1|TUBB2A|TUBB2B|TUBB3|TUBB4A|TUBB4B|TUBB6|TUBB8,microtubule stabilizing agent,93.2,trt,6445540.0,C[C@H]1CCC[C@@]2(C)O[C@H]2C[C@H](NC(=O)C[C@H](O)C(C)(C)C(=O)[C@H](C)[C@H]1O)C(\C)=C\c1csc(C)n1
BR00117011,J22,train,2020_11_04_CPJUMP1,compound,U2OS,48,BRD-K66430217-001-03-8,trt,DMSO,KH-CB19,CLK1,CLK1|CLK3|DYRK1A,CDC inhibitor,44.5,control,44237094.0,CCOC(=O)c1c(\C(=C/N)C#N)c2ccc(Cl)c(Cl)c2n1C
BR00117011,J23,train,2020_11_04_CPJUMP1,compound,U2OS,48,DMSO,negcon,DMSO,,,,,,,,
BR00117011,J24,train,2020_11_04_CPJUMP1,compound,U2OS,48,BRD-K02554563-001-01-6,trt,DMSO,PF-05190457,GHSR,GHSR,growth hormone secretagogue receptor inverse agonist,92.4,trt,58438464.0,Cc1cn2cc(CC(=O)N3CCC4(CN(C4)[C@@H]4CCc5cc(ccc45)-c4cc(C)ncn4)CC3)nc2s1
BR00117011,K01,train,2020_11_04_CPJUMP1,compound,U2OS,48,BRD-K59831625-001-03-9,trt,DMSO,LDN-212854,ABL1,ABL1|ACVR1|RIPK2,bone morphogenic protein inhibitor,93.3,trt,60182388.0,C1CN(CCN1)c1ccc(cc1)-c1cnc2c(cnn2c1)-c1cccc2ncccc12
BR00117011,K02,train,2020_11_04_CPJUMP1,compound,U2OS,48,BRD-K55567017-001-12-3,trt,DMSO,formononetin,ADH1C,ADH1C|SLC5A2,alcohol dehydrogenase inhibitor,95.8,trt,5280378.0,COc1ccc(cc1)-c1coc2cc(O)ccc2c1=O
BR00117011,K03,train,2020_11_04_CPJUMP1,compound,U2OS,48,BRD-K07762753-001-05-1,trt,DMSO,aminopurvalanol-a,CDK2,CDK1|CDK2|CDK5|CDK6,CDK inhibitor|tyrosine kinase inhibitor,95.8,control,6604931.0,CC(C)[C@H](CO)Nc1nc(Nc2cc(N)cc(Cl)c2)c2ncn(C(C)C)c2n1
BR00117011,K04,train,2020_11_04_CPJUMP1,compound,U2OS,48,BRD-K53972329-001-01-3,trt,DMSO,ruxolitinib,JAK1,JAK1|JAK2|JAK3|TYK2,JAK inhibitor,97.4,control,25126798.0,N#CC[C@H](C1CCCC1)n1cc(cn1)-c1ncnc2[nH]ccc12
BR00117011,K05,train,2020_11_04_CPJUMP1,compound,U2OS,48,DMSO,negcon,DMSO,,,,,,,,
BR00117011,K06,train,2020_11_04_CPJUMP1,compound,U2OS,48,DMSO,negcon,DMSO,,,,,,,,
BR00117011,K07,train,2020_11_04_CPJUMP1,compound,U2OS,48,BRD-K16810791-001-01-0,trt,DMSO,LGK-974,PORCN,PORCN,porcupine inhibitor,95.7,trt,46926973.0,Cc1cc(ccn1)-c1ncc(CC(=O)Nc2ccc(cn2)-c2cnccn2)cc1C
BR00117011,K08,train,2020_11_04_CPJUMP1,compound,U2OS,48,BRD-K43236057-001-07-1,trt,DMSO,polydatin,ICAM1,ICAM1,ICAM1 expression inhibitor,0.0,trt,5281718.0,OC[C@H]1O[C@@H](Oc2cc(O)cc(\C=C\c3ccc(O)cc3)c2)[C@H](O)[C@@H](O)[C@@H]1O
BR00117011,K09,train,2020_11_04_CPJUMP1,compound,U2OS,48,BRD-A51831848-001-01-7,trt,DMSO,enflurane,ATP5F1D,ATP2C1|ATP5F1D|GABRA1|GABRA2|GABRA3|GABRA4|GABRA5|GABRA6|GABRB1|GABRB2|GABRB3|GABRD|GABRE|GABRG1|GABRG2|GABRG3|GABRP|GABRQ|GLRA1|GLRB|GRIA1|KCNA1|KCNK10|KCNK18|KCNK2|KCNK3|KCNK9|KCNN4,membrane permeability inhibitor,0.0,trt,3226.0,FC(F)OC(F)(F)C(F)Cl
BR00117011,K10,train,2020_11_04_CPJUMP1,compound,U2OS,48,BRD-K13094524-001-04-2,trt,DMSO,PFI-1,BRD4,BRD4,bromodomain inhibitor,7.6,control,71271629.0,COc1ccccc1S(=O)(=O)Nc1ccc2NC(=O)N(C)Cc2c1
BR00117011,K11,train,2020_11_04_CPJUMP1,compound,U2OS,48,BRD-K86525559-001-07-8,trt,DMSO,AZD7762,CHEK2,CHEK1|CHEK2,CHK inhibitor,87.8,control,11152667.0,NC(=O)Nc1cc(sc1C(=O)N[C@H]1CCCNC1)-c1cccc(F)c1
BR00117011,K12,train,2020_11_04_CPJUMP1,compound,U2OS,48,BRD-K16761703-001-03-8,trt,DMSO,sotrastaurin,PRKCE,PRKCA|PRKCB|PRKCD|PRKCE|PRKCH|PRKCQ,PKC inhibitor,96.6,trt,10296883.0,CN1CCN(CC1)c1nc(C2=C(C(=O)NC2=O)c2c[nH]c3ccccc23)c2ccccc2n1
BR00117011,K13,train,2020_11_04_CPJUMP1,compound,U2OS,48,DMSO,negcon,DMSO,,,,,,,,
BR00117011,K14,train,2020_11_04_CPJUMP1,compound,U2OS,48,BRD-K36055864-001-20-0,trt,DMSO,cycloheximide,RPL3,RPL3,protein synthesis inhibitor,79.6,trt,6197.0,C[C@H]1C[C@H](C)C(=O)[C@@H](C1)[C@H](O)CC1CC(=O)NC(=O)C1
BR00117011,K15,train,2020_11_04_CPJUMP1,compound,U2OS,48,BRD-K25243230-001-01-2,trt,DMSO,oxytocin,AVPR1A,AVPR1A|AVPR1B|AVPR2|OXTR,oxytocin receptor agonist,55.5,trt,439302.0,CC[C@H](C)[C@@H]1NC(=O)[C@H](Cc2ccc(O)cc2)NC(=O)[C@@H](N)CSSC[C@H](NC(=O)[C@H](CC(N)=O)NC(=O)[C@H](CCC(N)=O)NC1=O)C(=O)N1CCC[C@H]1C(=O)N[C@@H](CC(C)C)C(=O)NCC(N)=O
BR00117011,K16,train,2020_11_04_CPJUMP1,compound,U2OS,48,DMSO,negcon,DMSO,,,,,,,,
BR00117011,K17,train,2020_11_04_CPJUMP1,compound,U2OS,48,BRD-K00259736-001-16-4,trt,DMSO,colchicine,TUBB3,GLRA1|GLRA2|TUBA1A|TUBA1B|TUBA1C|TUBA3C|TUBA3D|TUBA3E|TUBA4A|TUBB|TUBB1|TUBB2A|TUBB2B|TUBB3|TUBB4A|TUBB4B|TUBB6|TUBB8,microtubule inhibitor,94.3,trt,6167.0,COc1cc2CC[C@H](NC(C)=O)c3cc(=O)c(OC)ccc3-c2c(OC)c1OC
BR00117011,K18,train,2020_11_04_CPJUMP1,compound,U2OS,48,BRD-K04210847-001-21-9,trt,DMSO,afimoxifene,PLD1,ESR1|ESR2|ESRRG|PLD1|PRKCD|PRKCE|PRKCQ|PRKCZ,estrogen receptor antagonist,47.2,trt,449459.0,CC\C(c1ccccc1)=C(/c1ccc(O)cc1)c1ccc(OCCN(C)C)cc1
BR00117011,K19,train,2020_11_04_CPJUMP1,compound,U2OS,48,DMSO,negcon,DMSO,,,,,,,,
BR00117011,K20,train,2020_11_04_CPJUMP1,compound,U2OS,48,BRD-K33882852-003-02-8,trt,DMSO,ZK-93423,GABRB2,GABRA1|GABRA2|GABRA3|GABRA5|GABRB2|GABRG2,benzodiazepine receptor agonist,94.9,control,121926.0,CCOC(=O)c1ncc2[nH]c3ccc(OCc4ccccc4)cc3c2c1COC
BR00117011,K21,train,2020_11_04_CPJUMP1,compound,U2OS,48,BRD-K20986415-001-02-6,trt,DMSO,RGB-286638,CDK9,CDK1|CDK2|CDK3|CDK4|CDK5|CDK6|CDK7|CDK9|FLT3|GSK3B|JAK2|MAP3K7|MAPK9,CDK inhibitor,91.9,trt,11285002.0,COCCN1CCN(Cc2ccc(cc2)-c2n[nH]c3-c4cccc(NC(=O)NN5CCOCC5)c4C(=O)c23)CC1
BR00117011,K22,train,2020_11_04_CPJUMP1,compound,U2OS,48,BRD-K87691185-001-01-2,trt,DMSO,FPS-ZM1,AGER,AGER,RAGE receptor antagonist,94.4,trt,24752728.0,Clc1ccc(cc1)C(=O)N(Cc1ccccc1)C1CCCCC1
BR00117011,K23,train,2020_11_04_CPJUMP1,compound,U2OS,48,BRD-K56740996-001-02-1,trt,DMSO,flindokalner,KCNMA1,KCNMA1|KCNN4|KCNQ2|KCNQ4|KCNQ5,potassium channel agonist,98.3,trt,214350.0,COc1ccc(Cl)cc1[C@]1(F)C(=O)Nc2cc(ccc12)C(F)(F)F
BR00117011,K24,train,2020_11_04_CPJUMP1,compound,U2OS,48,BRD-K99616396-316-05-3,trt,DMSO,motesanib,KDR,FLT1|FLT4|KDR|KIT,KIT inhibitor|PDGFR tyrosine kinase receptor inhibitor|VEGFR inhibitor,59.5,trt,11667893.0,CC1(C)CNc2cc(NC(=O)c3cccnc3NCc3ccncc3)ccc12
BR00117011,L01,train,2020_11_04_CPJUMP1,compound,U2OS,48,BRD-K43570081-001-02-4,trt,DMSO,geldanamycin,HSP90AB1,HSP90AA1|HSP90AB1,HSP inhibitor,2.6,trt,13017912.0,CO[C@H]1C[C@H](C)CC2=C(OC)C(=O)C=C(NC(=O)\C(C)=C\C=C\[C@H](OC)[C@@H](OC(N)=O)\C(C)=C\[C@H](C)[C@H]1O)C2=O
BR00117011,L02,train,2020_11_04_CPJUMP1,compound,U2OS,48,DMSO,negcon,DMSO,,,,,,,,
BR00117011,L03,train,2020_11_04_CPJUMP1,compound,U2OS,48,BRD-K32292990-001-03-6,trt,DMSO,CGP-53353,PRKCB,EGFR|PRKCB,EGFR inhibitor|PKC inhibitor,95.7,trt,6711154.0,Fc1ccc(Nc2cc3C(=O)NC(=O)c3cc2Nc2ccc(F)cc2)cc1
BR00117011,L04,train,2020_11_04_CPJUMP1,compound,U2OS,48,BRD-K45293975-001-02-0,trt,DMSO,7-hydroxystaurosporine,PDPK1,CHEK1|MARK3|PDPK1,CDK inhibitor|CHK inhibitor|PKC inhibitor,3.5,trt,3078519.0,CN[C@@H]1C[C@H]2O[C@@](C)([C@@H]1OC)n1c3ccccc3c3c4[C@H](O)NC(=O)c4c4c5ccccc5n2c4c13
BR00117011,L05,train,2020_11_04_CPJUMP1,compound,U2OS,48,DMSO,negcon,DMSO,,,,,,,,
BR00117011,L06,train,2020_11_04_CPJUMP1,compound,U2OS,48,DMSO,negcon,DMSO,,,,,,,,
BR00117011,L07,train,2020_11_04_CPJUMP1,compound,U2OS,48,BRD-K37355418-236-01-6,trt,DMSO,efaproxiral,HBB,HBA1|HBB,haemoglobin oxygen release stimulant,97.3,trt,122335.0,Cc1cc(C)cc(NC(=O)Cc2ccc(OC(C)(C)C(O)=O)cc2)c1
BR00117011,L08,train,2020_11_04_CPJUMP1,compound,U2OS,48,BRD-A37704979-001-12-3,trt,DMSO,SB-203580,MAPK14,AKT1|ALOX5|CHEK1|CYP2D6|CYP3A4|GAK|GSK3B|LCK|MAPK1|MAPK10|MAPK11|MAPK12|MAPK14|MAPK8|MAPK9|PRKCA|RAF1|RIPK2|ROCK1|RPS6KB1|SGK1|SRC|TNF,p38 MAPK inhibitor,98.9,control,176155.0,CS(=O)c1ccc(cc1)-c1nc(c([nH]1)-c1ccncc1)-c1ccc(F)cc1
BR00117011,L09,train,2020_11_04_CPJUMP1,compound,U2OS,48,BRD-K58550667-001-08-7,trt,DMSO,FK-866,NAMPT,NAMPT,niacinamide phosphoribosyltransferase inhibitor,93.7,control,6914657.0,O=C(NCCCCC1CCN(CC1)C(=O)c1ccccc1)\C=C\c1cccnc1
BR00117011,L10,train,2020_11_04_CPJUMP1,compound,U2OS,48,BRD-A91008255-003-24-8,trt,DMSO,bepridil,TNNC1,ATP1A1|CACNA1A|CACNA1H|CACNA2D2|CALM1|KCNQ1|KCNQ4|PDE1A|PDE1B|TNNC1,calcium channel blocker,92.9,trt,2351.0,CC(C)COCC(CN(Cc1ccccc1)c1ccccc1)N1CCCC1
BR00117011,L11,train,2020_11_04_CPJUMP1,compound,U2OS,48,BRD-K59325863-001-04-4,trt,DMSO,delanzomib,CTSG,CMA1|CTSG|CYP3A4|ELANE,proteasome inhibitor,88.1,trt,24800541.0,CC(C)C[C@H](NC(=O)[C@@H](NC(=O)c1cccc(n1)-c1ccccc1)[C@@H](C)O)B(O)O
BR00117011,L12,train,2020_11_04_CPJUMP1,compound,U2OS,48,BRD-K42191735-001-08-7,trt,DMSO,buparlisib,PIK3CG,PIK3CA|PIK3CG,PI3K inhibitor,89.0,control,16654980.0,Nc1cc(c(cn1)-c1cc(nc(n1)N1CCOCC1)N1CCOCC1)C(F)(F)F
BR00117011,L13,train,2020_11_04_CPJUMP1,compound,U2OS,48,BRD-K10843433-001-23-5,trt,DMSO,phenylbutazone,PTGIS,PTGIS|PTGS1|PTGS2,cyclooxygenase inhibitor|prostanoid receptor antagonist,69.8,trt,4781.0,CCCCC1C(=O)N(N(C1=O)c1ccccc1)c1ccccc1
BR00117011,L14,train,2020_11_04_CPJUMP1,compound,U2OS,48,BRD-K97010173-001-04-1,trt,DMSO,deferasirox,CYP3A4,CYP3A4,chelating agent,71.2,trt,,OC(=O)c1ccc(cc1)-n1nc(nc1-c1ccccc1O)-c1ccccc1O
BR00117011,L15,train,2020_11_04_CPJUMP1,compound,U2OS,48,DMSO,negcon,DMSO,,,,,,,,
BR00117011,L16,train,2020_11_04_CPJUMP1,compound,U2OS,48,BRD-K86930074-001-05-0,trt,DMSO,cediranib,CSF1R,CSF1R|FLT1|FLT3|FLT4|KDR|KIT|PDGFRA|PDGFRB,KIT inhibitor|VEGFR inhibitor,76.1,trt,9933475.0,COc1cc2c(Oc3ccc4[nH]c(C)cc4c3F)ncnc2cc1OCCCN1CCCC1
BR00117011,L17,train,2020_11_04_CPJUMP1,compound,U2OS,48,BRD-A31564021-001-02-6,trt,DMSO,isoflurane,ATP5F1D,ATP2C1|ATP5F1D|CALM1|GABRA1|GABRA2|GABRA3|GABRA4|GABRA5|GABRA6|GABRB1|GABRB2|GABRB3|GABRD|GABRE|GABRG1|GABRG2|GABRG3|GABRP|GABRQ|GLRA1|GLRB|GRIA1|KCNA1|KCNK10|KCNK18|KCNK2|KCNK3|KCNK9,inhaled anaesthetic,0.0,trt,3763.0,FC(F)OC(Cl)C(F)(F)F
BR00117011,L18,train,2020_11_04_CPJUMP1,compound,U2OS,48,DMSO,negcon,DMSO,,,,,,,,
BR00117011,L19,train,2020_11_04_CPJUMP1,compound,U2OS,48,BRD-K08893438-001-06-4,trt,DMSO,CCG-50014,RGS4,RGS4|RGS8,G protein signaling inhibitor,74.6,trt,2733079.0,Cc1ccc(cc1)-n1sc(=O)n(Cc2ccc(F)cc2)c1=O
BR00117011,L20,train,2020_11_04_CPJUMP1,compound,U2OS,48,BRD-K93788137-001-04-1,trt,DMSO,PF-431396,PTK2B,PTK2|PTK2B,focal adhesion kinase inhibitor,96.5,trt,11598628.0,CN(c1ccccc1CNc1nc(Nc2ccc3NC(=O)Cc3c2)ncc1C(F)(F)F)S(C)(=O)=O
BR00117011,L21,train,2020_11_04_CPJUMP1,compound,U2OS,48,BRD-K14560436-001-01-4,trt,DMSO,TG-02,CDK9,CDK1|CDK2|CDK7|CDK9|FLT3|JAK2,CDK inhibitor|FLT3 inhibitor|JAK inhibitor,85.7,trt,16739650.0,CN1C\C=C\CCOc2cccc(c2)-c2ccnc(Nc3cccc(C1)c3)n2
BR00117011,L22,train,2020_11_04_CPJUMP1,compound,U2OS,48,BRD-K01826724-003-07-9,trt,DMSO,baclofen,KCTD16,GABBR1|GABBR2|KCTD12|KCTD16|KCTD8,benzodiazepine receptor agonist,0.0,trt,2284.0,NCC(CC(O)=O)c1ccc(Cl)cc1
BR00117011,L23,train,2020_11_04_CPJUMP1,compound,U2OS,48,BRD-A20697603-001-07-2,trt,DMSO,thiostrepton,FOXM1,FOXM1,FOXM1 inhibitor|protein synthesis inhibitor,41.0,trt,101290202.0,CCC(C)C1NC2C=Cc3c(cc(nc3C2O)C(=O)OC(C)C2NC(=O)c3csc(n3)C(NC(=O)C3CSC(=N3)\C(NC(=O)C(NC(=O)c3csc(n3)C3(CCC(=NC3c3csc2n3)c2nc(cs2)C(=O)NC(=C)C(=O)NC(=C)C(N)=O)NC(=O)C(C)NC(=O)C(=C)NC(=O)C(C)NC1=O)C(C)O)=C/C)C(C)(O)C(C)O)C(C)O
BR00117011,L24,train,2020_11_04_CPJUMP1,compound,U2OS,48,BRD-K44067360-001-29-5,trt,DMSO,flufenamic-acid,GJB4,AKR1C3|ANO1|AR|GJA1|GJA10|GJA3|GJA4|GJA5|GJA8|GJA9|GJB1|GJB2|GJB3|GJB4|GJB5|GJB6|GJB7|GJC1|GJC2|GJC3|GJD2|GJD3|GJD4|GJE1|PANX1|PANX2|PANX3|PKD2L1|PTGS1|PTGS2|TRPC5|TRPM2|TRPM5,chloride channel blocker,97.0,trt,3371.0,OC(=O)c1ccccc1Nc1cccc(c1)C(F)(F)F
BR00117011,M01,train,2020_11_04_CPJUMP1,compound,U2OS,48,DMSO,negcon,DMSO,,,,,,,,
BR00117011,M02,train,2020_11_04_CPJUMP1,compound,U2OS,48,BRD-K47557313-001-02-7,trt,DMSO,LY2109761,TGFBR1,TGFBR1|TGFBR2,TGF beta receptor inhibitor,91.9,trt,11655119.0,C(CN1CCOCC1)Oc1ccc2c(ccnc2c1)-c1c(nn2CCCc12)-c1ccccn1
BR00117011,M03,train,2020_11_04_CPJUMP1,compound,U2OS,48,BRD-K67637637-003-11-8,trt,DMSO,olopatadine,S100B,HRH1|S100A1|S100A12|S100A13|S100A2|S100B,histamine receptor antagonist,98.4,trt,25271818.0,CN(C)CC\C=C1\c2ccccc2COc2ccc(CC(O)=O)cc12
BR00117011,M04,train,2020_11_04_CPJUMP1,compound,U2OS,48,DMSO,negcon,DMSO,,,,,,,,
BR00117011,M05,train,2020_11_04_CPJUMP1,compound,U2OS,48,BRD-K20897876-001-11-8,trt,DMSO,castanospermine,GAA,GAA|GBA,glucosidase inhibitor,0.0,trt,54445.0,O[C@H]1CCN2C[C@H](O)[C@@H](O)[C@H](O)[C@@H]12
BR00117011,M06,train,2020_11_04_CPJUMP1,compound,U2OS,48,BRD-K77627880-001-04-0,trt,DMSO,A205804,ICAM1,ICAM1|SELE,ICAM1 expression inhibitor,96.8,trt,9839311.0,Cc1ccc(Sc2cncc3sc(cc23)C(N)=O)cc1
BR00117011,M07,train,2020_11_04_CPJUMP1,compound,U2OS,48,BRD-K72063794-003-01-0,trt,DMSO,VU591,KCNJ1,KCNJ1,potassium channel blocker,95.3,trt,44123657.0,[O-][N+](=O)c1ccc2nc(COCc3nc4ccc(cc4[nH]3)[N+]([O-])=O)[nH]c2c1
BR00117011,M08,train,2020_11_04_CPJUMP1,compound,U2OS,48,BRD-K30177383-001-01-0,trt,DMSO,dalbavancin,PNLIP,PNLIP,bacterial cell wall synthesis inhibitor,79.3,trt,16134627.0,CN[C@@H]1c2ccc(O)c(Oc3cc(O)c(Cl)c(c3)[C@@H]3NC(=O)[C@@H](Cc4ccc(Oc5cc6cc(Oc7ccc(cc7Cl)[C@@H](O)[C@@H]7NC(=O)[C@H](NC(=O)[C@@H]6NC3=O)c3ccc(O)c(c3)-c3c(O[C@H]6O[C@H](CO)[C@@H](O)[C@H](O)[C@@H]6O)cc(O)cc3[C@H](NC7=O)C(=O)NCCCN(C)C)c5O[C@@H]3O[C@@H]([C@@H](O)[C@H](O)[C@H]3NC(=O)CCCCCCCCC(C)C)C(O)=O)cc4)NC1=O)c2
BR00117011,M09,train,2020_11_04_CPJUMP1,compound,U2OS,48,BRD-K45746021-003-01-9,trt,DMSO,CC-401,MAPK8,MAPK8,JNK inhibitor,96.8,trt,10430360.0,C(CN1CCCCC1)Oc1cccc(c1)-c1n[nH]c2ccc(cc12)-c1ncn[nH]1
BR00117011,M10,train,2020_11_04_CPJUMP1,compound,U2OS,48,BRD-K38852836-001-04-9,trt,DMSO,ganetespib,HSP90AA1,HSP90AA1,HSP inhibitor,81.0,control,,CC(C)c1cc(-c2n[nH]c(=O)n2-c2ccc3n(C)ccc3c2)c(O)cc1O
BR00117011,M11,train,2020_11_04_CPJUMP1,compound,U2OS,48,BRD-K93779381-001-01-9,trt,DMSO,ingenol-mebutate,PRKCE,PRKCA|PRKCB|PRKCD|PRKCE|PRKCG,PKC activator,87.5,trt,6918670.0,C\C=C(\C)C(=O)O[C@H]1C(C)=C[C@@]23[C@H](C)C[C@@H]4[C@H]([C@H](C=C(CO)[C@@H](O)[C@]12O)C3=O)C4(C)C
BR00117011,M12,train,2020_11_04_CPJUMP1,compound,U2OS,48,BRD-K78126613-001-27-7,trt,DMSO,menadione,F10,AOX1|BGLAP|F10|F2|F7|F9|GGCX|NQO1|NQO2|PROC|PROS1|PROZ|VKORC1|VKORC1L1,mitochondrial DNA polymerase inhibitor|phosphatase inhibitor,0.0,trt,4055.0,CC1=CC(=O)c2ccccc2C1=O
BR00117011,M13,train,2020_11_04_CPJUMP1,compound,U2OS,48,BRD-K94863486-001-02-2,trt,DMSO,cetilistat,PNLIP,PNLIP,triacylglycerol lipase inhibitor,77.9,trt,9952916.0,CCCCCCCCCCCCCCCCOc1nc2ccc(C)cc2c(=O)o1
BR00117011,M14,train,2020_11_04_CPJUMP1,compound,U2OS,48,BRD-K63430059-001-16-4,trt,DMSO,methoxsalen,CYP1A2,CYP1A1|CYP1A2|CYP2A13|CYP2A6|CYP3A4,DNA synthesis inhibitor,97.7,trt,4114.0,COc1c2occc2cc2ccc(=O)oc12
BR00117011,M15,train,2020_11_04_CPJUMP1,compound,U2OS,48,BRD-K13533483-001-16-2,trt,DMSO,cyclosporine,FPR1,ABCB11|CAMLG|FPR1|PPIA|PPIF|PPP3R2|SLC10A1|SLCO1B1|SLCO1B3,calcineurin inhibitor,97.8,trt,5284373.0,CC[C@@H]1NC(=O)[C@H]([C@H](O)[C@H](C)C\C=C\C)N(C)C(=O)[C@H](C(C)C)N(C)C(=O)[C@H](CC(C)C)N(C)C(=O)[C@H](CC(C)C)N(C)C(=O)[C@@H](C)NC(=O)[C@H](C)NC(=O)[C@H](CC(C)C)N(C)C(=O)[C@@H](NC(=O)[C@H](CC(C)C)N(C)C(=O)CN(C)C1=O)C(C)C
BR00117011,M16,train,2020_11_04_CPJUMP1,compound,U2OS,48,BRD-K81197548-003-01-4,trt,DMSO,NSC-632839,USP1,SENP2|USP1|USP2|USP7,ubiquitin specific protease inhibitor,93.4,control,5351363.0,Cc1ccc(cc1)\C=C1/CNC\C(C1=O)=C/c1ccc(C)cc1
BR00117011,M17,train,2020_11_04_CPJUMP1,compound,U2OS,48,DMSO,negcon,DMSO,,,,,,,,
BR00117011,M18,train,2020_11_04_CPJUMP1,compound,U2OS,48,BRD-K97072811-001-11-4,trt,DMSO,TG-003,CLK1,CLK1|CLK4|DYRK1A|DYRK1B,CLK inhibitor,93.8,control,1893668.0,CCN1\C(Sc2ccc(OC)cc12)=C\C(C)=O
BR00117011,M19,train,2020_11_04_CPJUMP1,compound,U2OS,48,BRD-K52075715-001-06-7,trt,DMSO,oxibendazole,TUBB4B,TUBB|TUBB4B,tubulin polymerization inhibitor,90.9,trt,4622.0,CCCOc1ccc2nc(NC(=O)OC)[nH]c2c1
BR00117011,M20,train,2020_11_04_CPJUMP1,compound,U2OS,48,BRD-K12502280-001-11-4,trt,DMSO,TG-101348,BRD4,BRD4|JAK1|JAK2|JAK3|TYK2,FLT3 inhibitor|JAK inhibitor,80.1,control,16722836.0,Cc1cnc(Nc2ccc(OCCN3CCCC3)cc2)nc1Nc1cccc(c1)S(=O)(=O)NC(C)(C)C
BR00117011,M21,train,2020_11_04_CPJUMP1,compound,U2OS,48,BRD-A63310107-001-04-8,trt,DMSO,miglitol,GAA,GAA|GANAB|GANC|MGAM,glucosidase inhibitor,0.0,trt,6710690.0,OCCN1C[C@@H](O)[C@@H](O)C(O)C1CO
BR00117011,M22,train,2020_11_04_CPJUMP1,compound,U2OS,48,DMSO,negcon,DMSO,,,,,,,,
BR00117011,M23,train,2020_11_04_CPJUMP1,compound,U2OS,48,DMSO,negcon,DMSO,,,,,,,,
BR00117011,M24,train,2020_11_04_CPJUMP1,compound,U2OS,48,BRD-K17849083-001-32-9,trt,DMSO,tranilast,HPGDS,HPGDS|HRH1,angiogenesis inhibitor,97.3,trt,5282230.0,COc1ccc(\C=C\C(=O)Nc2ccccc2C(O)=O)cc1OC
BR00117011,N01,train,2020_11_04_CPJUMP1,compound,U2OS,48,BRD-K70821460-300-02-4,trt,DMSO,4-methylhistamine,HRH4,HRH4,histamine receptor agonist,78.0,trt,37463.0,Cc1nc[nH]c1CCN
BR00117011,N02,train,2020_11_04_CPJUMP1,compound,U2OS,48,BRD-K51485109-001-01-4,trt,DMSO,LDN-27219,TGM2,TGM2,tissue transglutaminase inhibitor,90.3,trt,1150683.0,NNC(=O)CSc1nc2scc(-c3ccccc3)c2c(=O)n1-c1ccccc1
BR00117011,N03,train,2020_11_04_CPJUMP1,compound,U2OS,48,BRD-K91370081-001-25-1,trt,DMSO,anisomycin,RPL23A,SNU13|RPL10L|RPL11|RPL13A|RPL15|RPL19|RPL23|RPL23A|RPL26L1|RPL3|RPL37|RPL8|RSL24D1,DNA synthesis inhibitor,81.5,trt,253602.0,COc1ccc(C[C@H]2NC[C@H](O)[C@H]2OC(C)=O)cc1
BR00117011,N04,train,2020_11_04_CPJUMP1,compound,U2OS,48,BRD-K49350383-001-13-7,trt,DMSO,thioguanine,IMPDH1,IMPDH1|IMPDH2,purine antagonist,0.0,control,2723601.0,Nc1nc2nc[nH]c2c(=S)[nH]1
BR00117011,N05,train,2020_11_04_CPJUMP1,compound,U2OS,48,BRD-K11558771-001-13-9,trt,DMSO,droxinostat,HDAC6,HDAC6|HDAC8,HDAC inhibitor,70.7,trt,568416.0,Cc1cc(Cl)ccc1OCCCC(=O)NO
BR00117011,N06,train,2020_11_04_CPJUMP1,compound,U2OS,48,BRD-K91283740-003-01-6,trt,DMSO,UNC2025,FLT3,FLT3|MERTK,MER tyrosine kinase inhibitor|FLT3 inhibitor,95.7,control,,CCCCNc1ncc2c(cn([C@H]3CC[C@H](O)CC3)c2n1)-c1ccc(CN2CCN(C)CC2)cc1
BR00117011,N07,train,2020_11_04_CPJUMP1,compound,U2OS,48,DMSO,negcon,DMSO,,,,,,,,
BR00117011,N08,train,2020_11_04_CPJUMP1,compound,U2OS,48,DMSO,negcon,DMSO,,,,,,,,
BR00117011,N09,train,2020_11_04_CPJUMP1,compound,U2OS,48,BRD-K21728777-001-02-3,trt,DMSO,AMG900,AURKB,AURKA|AURKB|AURKC,Aurora kinase inhibitor,92.7,control,24856041.0,Cc1csc(c1)-c1nnc(Nc2ccc(Oc3ncccc3-c3ccnc(N)n3)cc2)c2ccccc12
BR00117011,N10,train,2020_11_04_CPJUMP1,compound,U2OS,48,BRD-A23124853-001-01-4,trt,DMSO,PF-06463922,ALK,ALK|FES|ROS1,ALK tyrosine kinase receptor inhibitor,96.8,trt,78162481.0,CC1Oc2cc(cnc2N)-c2c(CN(C)C(=O)c3ccc(F)cc13)nn(C)c2C#N
BR00117011,N11,train,2020_11_04_CPJUMP1,compound,U2OS,48,BRD-K55966568-001-09-6,trt,DMSO,orantinib,AURKB,AURKA|AURKB|EGFR|FGFR1|FGFR2|KDR|PDGFRA|PDGFRB,FGFR inhibitor|PDGFR tyrosine kinase receptor inhibitor|VEGFR inhibitor,95.1,control,5329099.0,Cc1[nH]c(\C=C2/C(=O)Nc3ccccc23)c(C)c1CCC(O)=O
BR00117011,N12,train,2020_11_04_CPJUMP1,compound,U2OS,48,BRD-K71106091-001-09-5,trt,DMSO,fludarabine-phosphate,DCK,DCK|POLA1|POLD1|POLE|RRM1|RRM2|RRM2B,ribonucleotide reductase inhibitor,0.0,trt,30751.0,Nc1nc(F)nc2n(cnc12)[C@@H]1O[C@H](COP(O)(O)=O)[C@@H](O)[C@@H]1O
BR00117011,N13,train,2020_11_04_CPJUMP1,compound,U2OS,48,BRD-K22149900-001-06-2,trt,DMSO,ceritinib,ALK,ALK|FLT3|IGF1R|INSR|TSSK1B,ALK tyrosine kinase receptor inhibitor,52.2,trt,57379345.0,CC(C)Oc1cc(C2CCNCC2)c(C)cc1Nc1ncc(Cl)c(Nc2ccccc2S(=O)(=O)C(C)C)n1
BR00117011,N14,train,2020_11_04_CPJUMP1,compound,U2OS,48,BRD-K28132190-001-02-0,trt,DMSO,NVS-PAK1-1,PAK1,PAK1,p21 activated kinase inhibitor,98.4,control,122187564.0,CC(C)NC(=O)N1CC[C@@H](C1)NC1=Nc2cc(F)ccc2N(CC(F)F)c2ccc(Cl)cc12
BR00117011,N15,train,2020_11_04_CPJUMP1,compound,U2OS,48,BRD-K76674262-001-03-3,trt,DMSO,homoharringtonine,RPL3,RPL3,protein synthesis inhibitor,77.6,trt,285033.0,COC(=O)C[C@](O)(CCCC(C)(C)O)C(=O)O[C@H]1[C@H]2c3cc4OCOc4cc3CCN3CCC[C@]23C=C1OC
BR00117011,N16,train,2020_11_04_CPJUMP1,compound,U2OS,48,BRD-K36461289-001-05-8,trt,DMSO,picrotoxinin,GLRA3,GLRA1|GLRA2|GLRA3|GLRB|HTR3A|HTR3B,GABA receptor antagonist,44.1,trt,7098683.0,CC(=C)[C@@H]1[C@H]2OC(=O)[C@H]1[C@]1(O)C[C@H]3O[C@]33C(=O)O[C@H]2[C@]13C
BR00117011,N17,train,2020_11_04_CPJUMP1,compound,U2OS,48,DMSO,negcon,DMSO,,,,,,,,
BR00117011,N18,train,2020_11_04_CPJUMP1,compound,U2OS,48,BRD-K07881437-001-03-8,trt,DMSO,danusertib,RET,AURKA|AURKB|AURKC|FGFR1|NTRK1|RET|SLK,Aurora kinase inhibitor|growth factor receptor inhibitor,91.5,control,11442891.0,CO[C@@H](C(=O)N1Cc2[nH]nc(NC(=O)c3ccc(cc3)N3CCN(C)CC3)c2C1)c1ccccc1
BR00117011,N19,train,2020_11_04_CPJUMP1,compound,U2OS,48,BRD-K61397605-001-01-8,trt,DMSO,romidepsin,HDAC3,HDAC1|HDAC2|HDAC3|HDAC4|HDAC5|HDAC6|HDAC7|HDAC8|HDAC9,HDAC inhibitor,92.7,control,5352062.0,C\C=C1/NC(=O)[C@H]2CSSCC\C=C\[C@H](CC(=O)N[C@H](C(C)C)C(=O)N2)OC(=O)[C@@H](NC1=O)C(C)C
BR00117011,N20,train,2020_11_04_CPJUMP1,compound,U2OS,48,BRD-K61642990-001-01-0,trt,DMSO,FERb-033,ERBB2,ERBB2,EGFR inhibitor,0.0,control,,O\N=C\c1ccc(-c2ccc(O)c(F)c2)c(Cl)c1O
BR00117011,N21,train,2020_11_04_CPJUMP1,compound,U2OS,48,BRD-K37764012-001-03-3,trt,DMSO,PF-03758309,PAK4,PAK4,p21 activated kinase inhibitor,93.3,control,25227462.0,CN(C)C[C@@H](NC(=O)N1Cc2c(Nc3nc(C)nc4ccsc34)n[nH]c2C1(C)C)c1ccccc1
BR00117011,N22,train,2020_11_04_CPJUMP1,compound,U2OS,48,DMSO,negcon,DMSO,,,,,,,,
BR00117011,N23,train,2020_11_04_CPJUMP1,compound,U2OS,48,BRD-K47978074-001-03-2,trt,DMSO,trometamol,VEGFA,AMD1|CANT1|DCN|NEIL1|VEGFA,,0.0,trt,6503.0,NC(CO)(CO)CO
BR00117011,N24,train,2020_11_04_CPJUMP1,compound,U2OS,48,BRD-K22134346-001-22-3,trt,DMSO,simvastatin,ITGB2,HMGCR|ITGB2,HMGCR inhibitor,0.0,trt,54454.0,CCC(C)(C)C(=O)O[C@H]1C[C@@H](C)C=C2C=C[C@H](C)[C@H](CC[C@@H]3C[C@@H](O)CC(=O)O3)[C@@H]12
BR00117011,O01,train,2020_11_04_CPJUMP1,compound,U2OS,48,BRD-K16542329-001-16-8,trt,DMSO,zaprinast,PDE4D,GPR35|PDE1A|PDE4D|PDE5A|PDE9A,phosphodiesterase inhibitor,98.0,trt,5722.0,CCCOc1ccccc1-c1nc2[nH]nnc2c(=O)[nH]1
BR00117011,O02,train,2020_11_04_CPJUMP1,compound,U2OS,48,BRD-A10188456-001-04-9,trt,DMSO,dexamethasone,ANXA1,ANXA1|NOS2|NR0B1|NR3C1|NR3C2,glucocorticoid receptor agonist,79.3,trt,5702035.0,C[C@@H]1CC2C3CCC4=CC(=O)C=C[C@]4(C)[C@@]3(F)[C@@H](O)C[C@]2(C)[C@@]1(O)C(=O)CO
BR00117011,O03,train,2020_11_04_CPJUMP1,compound,U2OS,48,BRD-K93632104-001-17-2,trt,DMSO,salicylic-acid,AKR1C1,AKR1C1|PTGS1|PTGS2,cyclooxygenase inhibitor,0.0,trt,118212070.0,OC(=O)c1ccccc1O
BR00117011,O04,train,2020_11_04_CPJUMP1,compound,U2OS,48,BRD-A69636825-003-04-7,trt,DMSO,diltiazem,CACNG1,CACNA1C|CACNA1S|CACNA2D1|CACNG1|HTR3A|KCNA5,calcium channel blocker,98.7,trt,3076.0,COc1ccc(cc1)C1Sc2ccccc2N(CCN(C)C)C(=O)C1OC(C)=O
BR00117011,O05,train,2020_11_04_CPJUMP1,compound,U2OS,48,BRD-K19227686-001-18-6,trt,DMSO,phenolphthalein,UGT1A9,UGT1A9,indicator dye,98.4,trt,4764.0,Oc1ccc(cc1)C1(OC(=O)c2ccccc12)c1ccc(O)cc1
BR00117011,O06,train,2020_11_04_CPJUMP1,compound,U2OS,48,BRD-K98763141-001-30-8,trt,DMSO,niflumic-acid,UGT1A9,ANO1|CLCN1|CLCNKA|CLCNKB|KCNQ1|PLA2G1B|PLA2G4A|PTGS1|PTGS2|UGT1A9,cyclooxygenase inhibitor,95.6,trt,4488.0,OC(=O)c1cccnc1Nc1cccc(c1)C(F)(F)F
BR00117011,O07,train,2020_11_04_CPJUMP1,compound,U2OS,48,DMSO,negcon,DMSO,,,,,,,,
BR00117011,O08,train,2020_11_04_CPJUMP1,compound,U2OS,48,BRD-A15397381-001-02-5,trt,DMSO,L-Cystine,SLC7A11,CTNS|SLC3A1|SLC7A11|SLC7A9,,0.0,trt,24798687.0,NC(CSSCC(N)C(O)=O)C(O)=O
BR00117011,O09,train,2020_11_04_CPJUMP1,compound,U2OS,48,BRD-K46625559-001-01-8,trt,DMSO,ozanimod,S1PR1,S1PR1,sphingosine 1 phosphate receptor agonist,96.3,trt,52938427.0,CC(C)Oc1ccc(cc1C#N)-c1nc(no1)-c1cccc2[C@H](CCc12)NCCO
BR00117011,O10,train,2020_11_04_CPJUMP1,compound,U2OS,48,BRD-A10739734-003-09-8,trt,DMSO,efaroxan,ADORA2A,ADORA2A,adrenergic receptor antagonist,94.5,trt,72016.0,CCC1(Cc2ccccc2O1)C1=NCCN1
BR00117011,O11,train,2020_11_04_CPJUMP1,compound,U2OS,48,BRD-K11796549-001-05-2,trt,DMSO,NBQX,GRIN2A,GRIA1|GRIA2|GRIA3|GRIA4|GRIK1|GRIN1|GRIN2A|GRIN2B,glutamate receptor antagonist,0.0,trt,3272524.0,NS(=O)(=O)c1cccc2c1c(cc1[nH]c(=O)c(=O)[nH]c21)[N+]([O-])=O
BR00117011,O12,train,2020_11_04_CPJUMP1,compound,U2OS,48,BRD-K26521938-001-07-2,trt,DMSO,dinoprostone,CATSPER4,CATSPER1|CATSPER2|CATSPER3|CATSPER4|PTGDR|PTGDR2|PTGER1|PTGER2|PTGER3|PTGER4|PTGFR|TBXA2R,prostanoid receptor agonist,34.1,trt,5280360.0,CCCCC[C@H](O)\C=C\[C@H]1[C@H](O)CC(=O)[C@@H]1C\C=C/CCCC(O)=O
BR00117011,O13,train,2020_11_04_CPJUMP1,compound,U2OS,48,BRD-A07207424-001-14-0,trt,DMSO,Ro-20-1724,PDE3A,PDE3A|PDE4A|PDE4B|PDE4C|PDE4D,phosphodiesterase inhibitor,94.9,trt,5087.0,CCCCOc1cc(CC2CNC(=O)N2)ccc1OC
BR00117011,O14,train,2020_11_04_CPJUMP1,compound,U2OS,48,BRD-K72815923-034-02-0,trt,DMSO,xanomeline,CHRM2,CHRM1|CHRM2|CHRM3|CHRM4|CHRM5|HTR1A|HTR1B|HTR1D|HTR1E|HTR1F|HTR2A|HTR2B|HTR2C|HTR6|HTR7,acetylcholine receptor agonist,82.8,trt,60809.0,CCCCCCOc1nsnc1C1=CCCN(C)C1
BR00117011,O15,train,2020_11_04_CPJUMP1,compound,U2OS,48,BRD-K01825589-310-02-9,trt,DMSO,terazosin,KCNH7,ADRA1A|ADRA1B|ADRA1D|KCNH2|KCNH6|KCNH7,adrenergic receptor antagonist,97.6,trt,5401.0,COc1cc2nc(nc(N)c2cc1OC)N1CCN(CC1)C(=O)C1CCCO1
BR00117011,O16,train,2020_11_04_CPJUMP1,compound,U2OS,48,BRD-K68567222-001-01-2,trt,DMSO,BVT-948,PTPN2,PTPN1|PTPN11|PTPN2,tyrosine phosphatase inhibitor,79.7,trt,6604934.0,CC1(C)C(=O)NC2=C1C(=O)C(=O)c1ccccc21
BR00117011,O17,train,2020_11_04_CPJUMP1,compound,U2OS,48,BRD-K01825660-322-01-9,trt,DMSO,nicotine,TBXAS1,CHAT|CHRNA10|CHRNA2|CHRNA3|CHRNA4|CHRNA5|CHRNA6|CHRNA7|CHRNA9|CHRNB2|CHRNB3|CHRNB4|CYP19A1|TBXAS1|TRPA1,acetylcholine receptor agonist,79.6,trt,942.0,CN1CCCC1c1cccnc1
BR00117011,O18,train,2020_11_04_CPJUMP1,compound,U2OS,48,DMSO,negcon,DMSO,,,,,,,,
BR00117011,O19,train,2020_11_04_CPJUMP1,compound,U2OS,48,BRD-K08953028-001-09-6,trt,DMSO,U-0521,COMT,COMT,catechol O methyltransferase inhibitor,78.1,trt,21632.0,CC(C)C(=O)c1ccc(O)c(O)c1
BR00117011,O20,train,2020_11_04_CPJUMP1,compound,U2OS,48,BRD-K20093108-001-02-3,trt,DMSO,BMS-587101,ITGB2,ITGAL|ITGB2,integrin antagonist,90.8,trt,11635371.0,CN1C(=O)N(C(=O)[C@]11CN(Cc2cc(cs2)C(O)=O)C[C@H]1c1ccc(cc1)C#N)c1cc(Cl)cc(Cl)c1
BR00117011,O21,train,2020_11_04_CPJUMP1,compound,U2OS,48,BRD-A58048407-001-20-4,trt,DMSO,nimodipine,CACNB4,AHR|CACNA1C|CACNA1D|CACNA1F|CACNA1S|CACNB1|CACNB2|CACNB3|CACNB4|CFTR|NR3C2,calcium channel blocker,95.4,trt,4497.0,COCCOC(=O)C1=C(C)NC(C)=C(C1c1cccc(c1)[N+]([O-])=O)C(=O)OC(C)C
BR00117011,O22,train,2020_11_04_CPJUMP1,compound,U2OS,48,BRD-K80970344-201-08-6,trt,DMSO,pyrrolidine-dithiocarbamate,HSD11B1,HSD11B1|RELA,NFkB pathway inhibitor,77.3,trt,65351.0,SC(=S)N1CCCC1
BR00117011,O23,train,2020_11_04_CPJUMP1,compound,U2OS,48,BRD-K18289362-001-02-2,trt,DMSO,PF-915275,HSD11B1,HSD11B1,11-beta hydroxysteroid dehydrogenase inhibitor,97.9,trt,23725123.0,Nc1cccc(NS(=O)(=O)c2ccc(cc2)-c2ccc(cc2)C#N)n1
BR00117011,O24,train,2020_11_04_CPJUMP1,compound,U2OS,48,BRD-K43330982-001-02-3,trt,DMSO,JTE-013,S1PR2,P2RY10|S1PR2,lysophospholipid receptor antagonist,30.2,trt,10223146.0,CC(C)c1cc(NNC(=O)Nc2cc(Cl)nc(Cl)c2)nc2n(C)nc(C)c12
BR00117011,P01,train,2020_11_04_CPJUMP1,compound,U2OS,48,BRD-K05878375-236-05-7,trt,DMSO,sodium-butyrate,FFAR2,BCHE|FFAR2|FFAR3|HDAC1|HDAC2|HDAC3|HDAC8,HDAC inhibitor,0.0,trt,264.0,CCCC(O)=O
BR00117011,P02,train,2020_11_04_CPJUMP1,compound,U2OS,48,BRD-K91543828-001-02-0,trt,DMSO,pentostatin,ADA,ADA,adenosine deaminase inhibitor|ribonucleotide reductase inhibitor,0.0,trt,439693.0,OC[C@H]1O[C@H](C[C@@H]1O)n1cnc2[C@H](O)CNC=Nc12
BR00117011,P03,train,2020_11_04_CPJUMP1,compound,U2OS,48,BRD-K48830578-001-01-9,trt,DMSO,OMDM-2,GPR119,GPR119,FAAH inhibitor,87.6,trt,6604915.0,CCCCCCCC\C=C/CCCCCCCC(=O)N[C@@H](CO)Cc1ccc(O)cc1
BR00117011,P04,train,2020_11_04_CPJUMP1,compound,U2OS,48,BRD-A72767275-003-01-6,trt,DMSO,nalmefene,OPRM1,OPRD1|OPRK1|OPRM1,opioid receptor antagonist,86.5,trt,4422.0,Oc1ccc2CC3N(CC4CC4)CCC45C(Oc1c24)C(=C)CCC35O
BR00117011,P05,train,2020_11_04_CPJUMP1,compound,U2OS,48,DMSO,negcon,DMSO,,,,,,,,
BR00117011,P06,train,2020_11_04_CPJUMP1,compound,U2OS,48,BRD-K70586315-001-02-4,trt,DMSO,1-EBIO,KCNN1,KCNN1|KCNN2|KCNN3|KCNN4,potassium channel activator,94.9,trt,82320.0,CCn1c2ccccc2[nH]c1=O
BR00117011,P07,train,2020_11_04_CPJUMP1,compound,U2OS,48,BRD-K40109029-001-02-9,trt,DMSO,SB-505124,TGFBR1,TGFBR1,ALK tyrosine kinase receptor inhibitor,95.4,trt,9858940.0,Cc1cccc(n1)-c1[nH]c(nc1-c1ccc2OCOc2c1)C(C)(C)C
BR00117011,P08,train,2020_11_04_CPJUMP1,compound,U2OS,48,BRD-A83029242-001-06-1,trt,DMSO,prasugrel,P2RY12,P2RY12,purinergic receptor antagonist,77.4,trt,6918456.0,CC(=O)Oc1cc2CN(CCc2s1)C(C(=O)C1CC1)c1ccccc1F
BR00117011,P09,train,2020_11_04_CPJUMP1,compound,U2OS,48,BRD-K57313110-001-06-8,trt,DMSO,pidolic-acid,VEGFA,ADAM28|AMY1A|AMY2A|AMY2B|ANG|CCL8|HCRT|IGLC1|KRTAP5-2|TFF2|VEGFA,,0.0,trt,7405.0,OC(=O)[C@@H]1CCC(=O)N1
BR00117011,P10,train,2020_11_04_CPJUMP1,compound,U2OS,48,DMSO,negcon,DMSO,,,,,,,,
BR00117011,P11,train,2020_11_04_CPJUMP1,compound,U2OS,48,BRD-K15502390-001-20-9,trt,DMSO,nevirapine,CYP2A6,CYP1A2|CYP2A6|CYP2B6|CYP2C9|CYP2D6|CYP3A4|CYP3A5,non-nucleoside reverse transcriptase inhibitor,95.9,trt,4463.0,Cc1ccnc2c1NC(=O)c1cccnc1N2C1CC1
BR00117011,P12,train,2020_11_04_CPJUMP1,compound,U2OS,48,BRD-K92049597-001-20-8,trt,DMSO,triamterene,SCNN1G,SCNN1A|SCNN1B|SCNN1D|SCNN1G,sodium channel blocker,94.6,trt,5546.0,Nc1nc(N)c2nc(-c3ccccc3)c(N)nc2n1
BR00117011,P13,train,2020_11_04_CPJUMP1,compound,U2OS,48,BRD-K16730910-001-07-3,trt,DMSO,regorafenib,DDR2,ABL1|BRAF|DDR2|EPHA2|FGFR1|FGFR2|FLT1|FLT4|FRK|KDR|KIT|MAPK11|NTRK1|PDGFRA|PDGFRB|RAF1|RET|TEK,FGFR inhibitor|KIT inhibitor|PDGFR tyrosine kinase receptor inhibitor|RAF inhibitor|RET tyrosine kinase inhibitor|VEGFR inhibitor,93.5,trt,11167602.0,CNC(=O)c1cc(Oc2ccc(NC(=O)Nc3ccc(Cl)c(c3)C(F)(F)F)c(F)c2)ccn1
BR00117011,P14,train,2020_11_04_CPJUMP1,compound,U2OS,48,BRD-A09722536-002-18-0,trt,DMSO,cyclophosphamide,CYP2A6,CYP2A6|CYP2B6|CYP2C18|CYP2C19|CYP2C8|CYP2C9|CYP2D6|CYP3A4|CYP3A5|CYP3A7,DNA alkylating agent,2.8,trt,2907.0,ClCCN(CCCl)P1(=O)NCCCO1
BR00117011,P15,train,2020_11_04_CPJUMP1,compound,U2OS,48,BRD-K18895904-001-16-1,trt,DMSO,olanzapine,CHRM2,ADRA1A|ADRA1B|ADRA2A|ADRA2B|ADRA2C|ADRB1|ADRB2|ADRB3|CHRM1|CHRM2|CHRM3|CHRM4|CHRM5|DRD1|DRD2|DRD3|DRD4|DRD5|GABRA1|GABRA2|GABRA3|GABRA4|GABRA5|GABRA6|GABRB1|GABRB2|GABRB3|GABRD|GABRE|GABRG1|GABRG2|GABRG3|GABRP|GABRQ|HRH1|HRH2|HRH4|HTR1A|HTR1B|HTR1D|HTR1E|HTR1F|HTR2A|HTR2B|HTR2C|HTR3A|HTR5A|HTR6|HTR7,dopamine receptor antagonist|serotonin receptor antagonist,91.8,trt,,CN1CCN(CC1)C1=Nc2ccccc2Nc2sc(C)cc12
BR00117011,P16,train,2020_11_04_CPJUMP1,compound,U2OS,48,BRD-A25569250-001-03-3,trt,DMSO,KI-16425,LPAR1,LPAR1|LPAR3,lysophosphatidic acid receptor antagonist,95.5,trt,10367662.0,CC(OC(=O)Nc1c(C)noc1-c1ccc(CSCCC(O)=O)cc1)c1ccccc1Cl
BR00117011,P17,train,2020_11_04_CPJUMP1,compound,U2OS,48,BRD-K29895144-001-01-0,trt,DMSO,SKLB1002,KDR,KDR,VEGFR inhibitor,97.3,trt,71461003.0,COc1cc2ncnc(Sc3nnc(C)s3)c2cc1OC
BR00117011,P18,train,2020_11_04_CPJUMP1,compound,U2OS,48,BRD-K67017579-001-28-1,trt,DMSO,cilostazol,PDE3A,PDE3A|PDE3B,phosphodiesterase inhibitor,96.2,trt,2754.0,O=C1CCc2cc(OCCCCc3nnnn3C3CCCCC3)ccc2N1
BR00117011,P19,train,2020_11_04_CPJUMP1,compound,U2OS,48,BRD-K77060810-001-01-5,trt,DMSO,AZD1283,P2RY12,P2RY12,purinergic receptor antagonist,94.0,trt,23649325.0,CCOC(=O)c1cc(C#N)c(nc1C)N1CCC(CC1)C(=O)NS(=O)(=O)Cc1ccccc1
BR00117011,P20,train,2020_11_04_CPJUMP1,compound,U2OS,48,BRD-K68982262-001-01-4,trt,DMSO,A-987306,CCR1,ADORA1|AVPR1A|CCR1|CHRM1|CHRM2|CHRM3|CHRM4|DRD3|HTR1A|HTR1B|HTR2A|HTR2B|HTR3A|TACR2,histamine receptor antagonist,92.2,trt,25109291.0,Nc1nc(N2CCNCC2)c2CCC3=C([C@@H]4CCCC[C@@H]4O3)c2n1
BR00117011,P21,train,2020_11_04_CPJUMP1,compound,U2OS,48,BRD-K24616672-003-20-1,trt,DMSO,procaine,HTR3A,CHRNA2|GRIN3A|HTR3A|KCNMA1|KCNMB1|KCNMB2|KCNMB3|KCNMB4|KCNN1|KCNN2|KCNN3|KCNN4|MAOA|MAOB|RYR1|RYR2|SCN10A|SLC6A3,HMGCR inhibitor,96.0,trt,4914.0,CCN(CC)CCOC(=O)c1ccc(N)cc1
BR00117011,P22,train,2020_11_04_CPJUMP1,compound,U2OS,48,BRD-A82396632-008-30-8,trt,DMSO,miconazole,KCNN1,KCNH2|KCNH6|KCNH7|KCNMA1|KCNMB1|KCNMB2|KCNMB3|KCNMB4|KCNN1|KCNN2|KCNN3|KCNN4|NOS2|NOS3|TRPM2|TRPV5,bacterial cell wall synthesis inhibitor,94.9,trt,4189.0,Clc1ccc(COC(Cn2ccnc2)c2ccc(Cl)cc2Cl)c(Cl)c1
BR00117011,P23,train,2020_11_04_CPJUMP1,compound,U2OS,48,BRD-K61250553-003-30-6,trt,DMSO,loperamide,OPRM1,CACNA1A|CALM1|OPRD1|OPRK1|OPRM1|POMC,opioid receptor agonist,97.5,trt,3955.0,CN(C)C(=O)C(CCN1CCC(O)(CC1)c1ccc(Cl)cc1)(c1ccccc1)c1ccccc1
BR00117011,P24,train,2020_11_04_CPJUMP1,compound,U2OS,48,BRD-K70358946-001-17-3,trt,DMSO,aripiprazole,HTR3A,ADRA1A|ADRA1B|ADRA2A|ADRA2B|ADRA2C|CHRM1|CHRM2|CHRM3|CHRM4|CHRM5|DRD1|DRD2|DRD3|DRD4|DRD5|HRH1|HTR1A|HTR1B|HTR1D|HTR1E|HTR2A|HTR2C|HTR3A|HTR6|HTR7,serotonin receptor agonist|serotonin receptor antagonist,96.6,trt,60795.0,Clc1cccc(N2CCN(CCCCOc3ccc4CCC(=O)Nc4c3)CC2)c1Cl
BR00117012,A01,val,2020_11_04_CPJUMP1,compound,U2OS,48,BRD-A86665761-001-01-1,trt,DMSO,gabapentin-enacarbil,CACNB4,CACNA1A|CACNA1B|CACNA1C|CACNA1D|CACNA1E|CACNA1F|CACNA1G|CACNA1H|CACNA1I|CACNA1S|CACNA2D1|CACNA2D2|CACNA2D3|CACNA2D4|CACNB1|CACNB2|CACNB3|CACNB4|CACNG1|CACNG2|CACNG3|CACNG4|CACNG5|CACNG6|CACNG7|CACNG8,adrenergic receptor agonist,7.6,trt,9883933.0,CC(C)C(=O)OC(C)OC(=O)NCC1(CC(O)=O)CCCCC1
BR00117012,A02,val,2020_11_04_CPJUMP1,compound,U2OS,48,DMSO,negcon,DMSO,,,,,,,,
BR00117012,A03,val,2020_11_04_CPJUMP1,compound,U2OS,48,BRD-A22032524-074-09-9,trt,DMSO,amlodipine,CACNA2D3,CA1|CACNA1B|CACNA1C|CACNA1D|CACNA1F|CACNA1S|CACNA2D1|CACNA2D3|CACNB1|CACNB2|SMPD1,calcium channel blocker,97.4,trt,2162.0,CCOC(=O)C1=C(COCCN)NC(C)=C(C1c1ccccc1Cl)C(=O)OC
BR00117012,A04,val,2020_11_04_CPJUMP1,compound,U2OS,48,BRD-A01078468-001-14-8,trt,DMSO,hexestrol,AKR1C1,AKR1C1|ESR1|ESR2,synthetic estrogen,84.3,trt,3606.0,CCC(C(CC)c1ccc(O)cc1)c1ccc(O)cc1
BR00117012,A05,val,2020_11_04_CPJUMP1,compound,U2OS,48,BRD-K48278478-001-01-2,trt,DMSO,quinine,KCNN4,GP9|KCNB2|KCNN4|SLC29A4,hemozoin biocrystallization inhibitor,88.7,trt,94175.0,COc1ccc2nccc([C@@H](O)[C@H]3C[C@@H]4CC[N@]3C[C@@H]4C=C)c2c1
BR00117012,A06,val,2020_11_04_CPJUMP1,compound,U2OS,48,BRD-K36574127-001-01-3,trt,DMSO,LOXO-101,NTRK1,NTRK1|NTRK2|NTRK3,tropomyosin receptor kinase inhibitor,94.6,trt,46188928.0,O[C@H]1CCN(C1)C(=O)Nc1cnn2ccc(nc12)N1CCC[C@@H]1c1cc(F)ccc1F
BR00117012,A07,val,2020_11_04_CPJUMP1,compound,U2OS,48,BRD-K74913225-001-14-0,trt,DMSO,brinzolamide,CA5A,CA1|CA12|CA14|CA2|CA4|CA5A|CA7,carbonic anhydrase inhibitor,0.0,trt,68844.0,CCN[C@H]1CN(CCCOC)S(=O)(=O)c2sc(cc12)S(N)(=O)=O
BR00117012,A08,val,2020_11_04_CPJUMP1,compound,U2OS,48,BRD-K94342292-001-01-3,trt,DMSO,NS-11021,KCNMA1,KCNMA1,calcium-activated potassium channel activator,0.0,trt,24825677.0,FC(F)(F)c1cc(NC(=S)Nc2ccc(Br)cc2-c2nnn[nH]2)cc(c1)C(F)(F)F
BR00117012,A09,val,2020_11_04_CPJUMP1,compound,U2OS,48,DMSO,negcon,DMSO,,,,,,,,
BR00117012,A10,val,2020_11_04_CPJUMP1,compound,U2OS,48,BRD-K19975102-001-01-2,trt,DMSO,GNF-5837,NTRK1,NTRK1|NTRK2|NTRK3,growth factor receptor inhibitor,75.8,trt,59397065.0,Cc1ccc(NC(=O)Nc2cc(ccc2F)C(F)(F)F)cc1Nc1ccc2c(NC(=O)\C2=C/c2ccc[nH]2)c1
BR00117012,A11,val,2020_11_04_CPJUMP1,compound,U2OS,48,BRD-K25244359-066-02-6,trt,DMSO,apatinib,CSK,CSK|KDR|KIT|RET,RET tyrosine kinase inhibitor,63.4,trt,11315474.0,O=C(Nc1ccc(cc1)C1(CCCC1)C#N)c1cccnc1NCc1ccncc1
BR00117012,A12,val,2020_11_04_CPJUMP1,compound,U2OS,48,BRD-K18131774-001-18-4,trt,DMSO,ethoxzolamide,CA5A,CA1|CA12|CA13|CA14|CA2|CA3|CA4|CA5A|CA5B|CA6|CA7|CA9,carbonic anhydrase inhibitor,79.2,trt,3295.0,CCOc1ccc2nc(sc2c1)S(N)(=O)=O
BR00117012,A13,val,2020_11_04_CPJUMP1,compound,U2OS,48,BRD-A85242401-001-11-5,trt,DMSO,ascorbic-acid,P3H1,ALKBH2|ALKBH3|BBOX1|DBH|EGLN1|EGLN2|EGLN3|KDM5D|LCT|OGFOD1|OGFOD2|P3H1|P3H2|P3H3|P4HA1|P4HTM|PAM|PHYH|PLOD1|PLOD2|PLOD3|SLC23A1|SLC23A2|TMLHE,antioxidant,0.0,trt,9888239.0,OC[C@H](O)[C@H]1OC(=O)C(=O)C1O
BR00117012,A14,val,2020_11_04_CPJUMP1,compound,U2OS,48,BRD-K06426971-001-02-7,trt,DMSO,ryuvidine,CDK4,CDK2|CDK4,histone lysine methyltransferase inhibitor,90.8,trt,481747.0,Cc1nc2c(s1)C(=O)C=C(Nc1ccc(C)cc1)C2=O
BR00117012,A15,val,2020_11_04_CPJUMP1,compound,U2OS,48,BRD-K47049295-300-03-1,trt,DMSO,BAN-ORL-24,OPRL1,OPRL1,nociceptin/orphanin FQ receptor antagonist,81.7,trt,10296561.0,O=C(NCCCN1CCC2(CC1)OCc1ccccc21)[C@H]1CCCN1Cc1ccccc1
BR00117012,A16,val,2020_11_04_CPJUMP1,compound,U2OS,48,BRD-K78122587-300-04-3,trt,DMSO,NNC-55-0396,CATSPER4,CATSPER1|CATSPER2|CATSPER3|CATSPER4,T-type calcium channel blocker,95.9,trt,9957280.0,CC(C)[C@H]1c2ccc(F)cc2CC[C@@]1(CCN(C)CCCc1nc2ccccc2[nH]1)OC(=O)C1CC1
BR00117012,A17,val,2020_11_04_CPJUMP1,compound,U2OS,48,DMSO,negcon,DMSO,,,,,,,,
BR00117012,A18,val,2020_11_04_CPJUMP1,compound,U2OS,48,BRD-K50199947-001-03-4,trt,DMSO,WH-4-023,LCK,LCK|SRC,src inhibitor,84.1,trt,11844351.0,COc1ccc(N(C(=O)Oc2c(C)cccc2C)c2ccnc(Nc3ccc(cc3)N3CCN(C)CC3)n2)c(OC)c1
BR00117012,A19,val,2020_11_04_CPJUMP1,compound,U2OS,48,BRD-K50720187-051-03-1,trt,DMSO,flupirtine,KCNQ2,ADRA2A|KCNQ1|KCNQ2,glutamate receptor antagonist,8.9,trt,53276.0,CCOC(=O)Nc1ccc(NCc2ccc(F)cc2)nc1N
BR00117012,A20,val,2020_11_04_CPJUMP1,compound,U2OS,48,BRD-K91825936-001-03-9,trt,DMSO,ZK811752,CCR1,CCR1,CC chemokine receptor antagonist,99.1,trt,512282.0,C[C@@H]1CN(Cc2ccc(F)cc2)CCN1C(=O)COc1ccc(Cl)cc1NC(N)=O
BR00117012,A21,val,2020_11_04_CPJUMP1,compound,U2OS,48,BRD-K38775274-001-22-1,trt,DMSO,dexamethasone,ANXA1,ANXA1|NOS2|NR0B1|NR3C1|NR3C2,glucocorticoid receptor agonist,87.6,trt,5743.0,C[C@@H]1C[C@H]2[C@@H]3CCC4=CC(=O)C=C[C@]4(C)[C@@]3(F)[C@@H](O)C[C@]2(C)[C@@]1(O)C(=O)CO
BR00117012,A22,val,2020_11_04_CPJUMP1,compound,U2OS,48,BRD-K47598052-001-14-1,trt,DMSO,PP-1,HCK,HCK|RET,src inhibitor,97.8,trt,1400.0,Cc1ccc(cc1)-c1nn(c2ncnc(N)c12)C(C)(C)C
BR00117012,A23,val,2020_11_04_CPJUMP1,compound,U2OS,48,BRD-K61845293-300-01-9,trt,DMSO,DDR1-IN-1,DDR2,DDR1|DDR2,discoidin domain receptor inhibitor,97.5,trt,72836888.0,CCN1CCN(Cc2ccc(cc2C(F)(F)F)C(=O)Nc2ccc(C)c(Oc3ccc4NC(=O)Cc4c3)c2)CC1
BR00117012,A24,val,2020_11_04_CPJUMP1,compound,U2OS,48,BRD-K87782578-001-01-4,trt,DMSO,AVL-292,BTK,BTK|YES1,Bruton's tyrosine kinase (BTK) inhibitor,91.8,trt,59174488.0,COCCOc1ccc(Nc2ncc(F)c(Nc3cccc(NC(=O)C=C)c3)n2)cc1
BR00117012,B01,val,2020_11_04_CPJUMP1,compound,U2OS,48,BRD-K26439554-001-01-3,trt,DMSO,H2L-5765834,LPAR1,LPAR1|LPAR3,lysophosphatidic acid receptor antagonist,83.2,trt,1365686.0,OC(=O)c1ccc2C(=O)N(C(=O)c2c1)c1cccc(Oc2ccc(cc2)[N+]([O-])=O)c1
BR00117012,B02,val,2020_11_04_CPJUMP1,compound,U2OS,48,BRD-K58049875-001-03-9,trt,DMSO,thiostrepton,FOXM1,FOXM1,FOXM1 inhibitor|protein synthesis inhibitor,55.7,trt,16154490.0,CC[C@H](C)[C@@H]1N[C@@H]2C=Cc3c(cc(nc3[C@H]2O)C(=O)O[C@H](C)[C@@H]2NC(=O)c3csc(n3)[C@@H](NC(=O)[C@H]3CSC(=N3)\C(NC(=O)[C@@H](NC(=O)c3csc(n3)[C@]3(CCC(=N[C@@H]3c3csc2n3)c2nc(cs2)C(=O)NC(=C)C(=O)NC(=C)C(N)=O)NC(=O)[C@H](C)NC(=O)C(=C)NC(=O)[C@H](C)NC1=O)[C@@H](C)O)=C\C)[C@](C)(O)[C@@H](C)O)[C@H](C)O
BR00117012,B03,val,2020_11_04_CPJUMP1,compound,U2OS,48,DMSO,negcon,DMSO,,,,,,,,
BR00117012,B04,val,2020_11_04_CPJUMP1,compound,U2OS,48,BRD-K72726508-001-02-1,trt,DMSO,arcyriaflavin-a,CCND1,CCND1|CDK4,CDK inhibitor,78.5,trt,5327723.0,O=C1NC(=O)c2c1c1c3ccccc3[nH]c1c1[nH]c3ccccc3c21
BR00117012,B05,val,2020_11_04_CPJUMP1,compound,U2OS,48,BRD-K29151923-001-01-5,trt,DMSO,CYM-5520,S1PR2,S1PR2,sphingosine 1 phosphate receptor agonist,95.6,trt,25110470.0,Cc1cc(C(=O)Cn2cc(ccc2=O)C#N)c(C)n1Cc1ccccc1
BR00117012,B06,val,2020_11_04_CPJUMP1,compound,U2OS,48,BRD-K66788707-001-14-3,trt,DMSO,fludarabine,ADA,ADA|RRM1|RRM2,ribonucleotide reductase inhibitor,93.2,trt,657237.0,Nc1nc(F)nc2n(cnc12)[C@@H]1O[C@H](CO)[C@@H](O)[C@@H]1O
BR00117012,B07,val,2020_11_04_CPJUMP1,compound,U2OS,48,BRD-K06890060-001-09-1,trt,DMSO,alda-1,ALDH2,ALDH2,aldehyde dehydrogenase activator,98.1,trt,831629.0,Clc1cccc(Cl)c1C(=O)NCc1ccc2OCOc2c1
BR00117012,B08,val,2020_11_04_CPJUMP1,compound,U2OS,48,BRD-K50398167-236-22-7,trt,DMSO,meclofenamic-acid,KCNQ2,ALOX5|CNR1|KCNQ2|KCNQ3|PTGS1|PTGS2,cyclooxygenase inhibitor|prostanoid receptor antagonist,93.7,trt,4037.0,Cc1ccc(Cl)c(Nc2ccccc2C(O)=O)c1Cl
BR00117012,B09,val,2020_11_04_CPJUMP1,compound,U2OS,48,BRD-K87632963-001-03-0,trt,DMSO,GNF-5,ABL1,ABL1|BCR,Bcr-Abl kinase inhibitor,98.0,trt,44129660.0,OCCNC(=O)c1cccc(c1)-c1ncnc(Nc2ccc(cc2)OC(F)(F)F)c1
BR00117012,B10,val,2020_11_04_CPJUMP1,compound,U2OS,48,BRD-K37602296-001-01-6,trt,DMSO,NS-309,KCNN4,KCNN1|KCNN2|KCNN3|KCNN4,calcium-activated potassium channel activator,94.9,trt,11637204.0,ON=C1C(=O)Nc2c1ccc(Cl)c2Cl
BR00117012,B11,val,2020_11_04_CPJUMP1,compound,U2OS,48,BRD-K09143580-001-01-0,trt,DMSO,AK-7,SIRT2,SIRT2,SIRT inhibitor,96.6,trt,1328033.0,Brc1cccc(NC(=O)c2cccc(c2)S(=O)(=O)N2CCCCCC2)c1
BR00117012,B12,val,2020_11_04_CPJUMP1,compound,U2OS,48,BRD-A22713669-001-04-3,trt,DMSO,BVT-948,PTPN2,PTPN1|PTPN11|PTPN2,tyrosine phosphatase inhibitor,89.3,trt,44483339.0,CC1(C)C2C(=NC1=O)c1ccccc1C(=O)C2=O
BR00117012,B13,val,2020_11_04_CPJUMP1,compound,U2OS,48,BRD-K16472653-001-01-6,trt,DMSO,SirReal-2,SIRT2,SIRT2,SIRT inhibitor,97.8,trt,1096292.0,Cc1cc(C)nc(SCC(=O)Nc2ncc(Cc3cccc4ccccc34)s2)n1
BR00117012,B14,val,2020_11_04_CPJUMP1,compound,U2OS,48,DMSO,negcon,DMSO,,,,,,,,
BR00117012,B15,val,2020_11_04_CPJUMP1,compound,U2OS,48,BRD-K34581968-001-05-3,trt,DMSO,BMS-536924,LCK,AKT1|CCNE1|CDK2|CYP3A4|ERBB2|IGF1R|KDR|LCK|MAPK1|MET|PDGFRA|PDGFRB,IGF-1 inhibitor,92.3,trt,,Cc1cc(cc2[nH]c(nc12)-c1c(NC[C@@H](O)c2cccc(Cl)c2)cc[nH]c1=O)N1CCOCC1
BR00117012,B16,val,2020_11_04_CPJUMP1,compound,U2OS,48,BRD-K81801188-001-02-8,trt,DMSO,PP-121,HCK,ABL1|EGFR|HCK|KDR|MTOR|PDGFRA|PIK3CA|PIK3CB|PIK3CD|PIK3CG|PRKDC|SRC,protein tyrosine kinase inhibitor,94.2,trt,24905142.0,C1CCC(C1)n1nc(-c2cnc3[nH]ccc3c2)c2c(N)ncnc12
BR00117012,B17,val,2020_11_04_CPJUMP1,compound,U2OS,48,BRD-K73276278-305-01-1,trt,DMSO,MCOPPB,OPRL1,OPRL1,nociceptin/orphanin FQ (NOP) receptor agonist,96.6,trt,24800108.0,CC1(CCCCCCC1)N1CCC(CC1)n1c(nc2ccccc12)[C@@H]1CCCNC1
BR00117012,B18,val,2020_11_04_CPJUMP1,compound,U2OS,48,BRD-K53061490-003-13-9,trt,DMSO,ozagrel,TBXAS1,TBXAS1,thromboxane synthase inhibitor,0.0,trt,5282440.0,OC(=O)\C=C\c1ccc(Cn2ccnc2)cc1
BR00117012,B19,val,2020_11_04_CPJUMP1,compound,U2OS,48,BRD-A43005764-003-01-5,trt,DMSO,CYM-5442,S1PR1,S1PR1,sphingosine 1 phosphate receptor agonist,97.7,trt,25110406.0,CCOc1ccc(cc1OCC)-c1nc(no1)-c1cccc2C(CCc12)NCCO
BR00117012,B20,val,2020_11_04_CPJUMP1,compound,U2OS,48,BRD-K60659193-001-01-0,trt,DMSO,CVT-10216,ALDH2,ALDH2,aldehyde dehydrogenase inhibitor,95.0,trt,23661666.0,CS(=O)(=O)Nc1ccc(cc1)-c1coc2cc(OCc3cccc(c3)C(O)=O)ccc2c1=O
BR00117012,B21,val,2020_11_04_CPJUMP1,compound,U2OS,48,BRD-K09787262-001-02-7,trt,DMSO,TCN201,GRIN2A,GRIN2A,glutamate receptor antagonist,98.3,trt,4787937.0,Fc1ccc(cc1Cl)S(=O)(=O)NCc1ccc(cc1)C(=O)NNC(=O)c1ccccc1
BR00117012,B22,val,2020_11_04_CPJUMP1,compound,U2OS,48,BRD-K56810756-003-07-7,trt,DMSO,fomepizole,ADH1C,ADH1A|ADH1B|ADH1C|AKR1A1|CAT,alcohol dehydrogenase inhibitor,96.3,trt,3406.0,Cc1cn[nH]c1
BR00117012,B23,val,2020_11_04_CPJUMP1,compound,U2OS,48,BRD-K87158025-003-08-7,trt,DMSO,benzamil,SCNN1G,ASIC1|PKD2L1|SCNN1A|SCNN1B|SCNN1D|SCNN1G|SLC8A1,sodium channel blocker,97.0,trt,108107.0,NC(NCc1ccccc1)=NC(=O)c1nc(Cl)c(N)nc1N
BR00117012,B24,val,2020_11_04_CPJUMP1,compound,U2OS,48,BRD-A18992208-003-02-7,trt,DMSO,lercanidipine,CACNG1,CACNA2D1|CACNG1,calcium channel blocker,96.6,trt,65866.0,COC(=O)C1=C(C)NC(C)=C(C1c1cccc(c1)[N+]([O-])=O)C(=O)OC(C)(C)CN(C)CCC(c1ccccc1)c1ccccc1
BR00117012,C01,val,2020_11_04_CPJUMP1,compound,U2OS,48,BRD-A54139254-001-09-2,trt,DMSO,4-CMTB,FFAR2,FFAR2,free fatty acid receptor agonist,94.0,trt,4307629.0,CC(C)C(C(=O)Nc1nccs1)c1ccc(Cl)cc1
BR00117012,C02,val,2020_11_04_CPJUMP1,compound,U2OS,48,BRD-K44432556-001-05-5,trt,DMSO,ML-228,HIF1A,HIF1A,hypoxia inducible factor activator,0.0,trt,46742353.0,C(Nc1nc(nnc1-c1ccccc1)-c1ccccn1)c1ccc(cc1)-c1ccccc1
BR00117012,C03,val,2020_11_04_CPJUMP1,compound,U2OS,48,DMSO,negcon,DMSO,,,,,,,,
BR00117012,C04,val,2020_11_04_CPJUMP1,compound,U2OS,48,BRD-K36740062-001-06-6,trt,DMSO,GSK1070916,CYP3A4,AURKA|AURKB|AURKC|CYP2D6|CYP3A4,Aurora kinase inhibitor,94.6,trt,46885626.0,CCn1cc(c(n1)-c1ccc(NC(=O)N(C)C)cc1)-c1ccnc2[nH]c(cc12)-c1cccc(CN(C)C)c1
BR00117012,C05,val,2020_11_04_CPJUMP1,compound,U2OS,48,BRD-K27539181-001-08-5,trt,DMSO,ML-193,GPR55,GPR55,G protein-coupled receptor antagonist,97.0,trt,1261822.0,Cc1noc(NS(=O)(=O)c2ccc(NC(=O)c3cc(nc4c(C)cc(C)cc34)-c3ccccn3)cc2)c1C
BR00117012,C06,val,2020_11_04_CPJUMP1,compound,U2OS,48,DMSO,negcon,DMSO,,,,,,,,
BR00117012,C07,val,2020_11_04_CPJUMP1,compound,U2OS,48,BRD-K51265828-001-01-0,trt,DMSO,M-25,DHH,DHH|IHH|SMO,smoothened receptor antagonist,98.7,trt,44250034.0,CCCC(CCC)C(=O)NCc1ccc2n(ncc2c1)-c1ccccc1OC
BR00117012,C08,val,2020_11_04_CPJUMP1,compound,U2OS,48,BRD-K51899933-001-02-6,trt,DMSO,azeliragon,AGER,AGER,RAGE receptor antagonist,82.6,trt,11180124.0,CCCCc1nc(cn1-c1ccc(Oc2ccc(Cl)cc2)cc1)-c1ccc(OCCCN(CC)CC)cc1
BR00117012,C09,val,2020_11_04_CPJUMP1,compound,U2OS,48,BRD-K23363278-001-02-1,trt,DMSO,CYT-997,TUBB,TUBB,tubulin polymerization inhibitor,95.5,control,11351021.0,CCC[C@H](Nc1nc(ncc1C)-c1ccc(NC(=O)NCC)c(OC)c1)c1cccnc1
BR00117012,C10,val,2020_11_04_CPJUMP1,compound,U2OS,48,BRD-K90497590-001-05-9,trt,DMSO,AR-12,PDPK1,PDPK1,phosphoinositide dependent kinase inhibitor,93.8,trt,10027278.0,NCC(=O)Nc1ccc(cc1)-n1nc(cc1-c1ccc2c(ccc3ccccc23)c1)C(F)(F)F
BR00117012,C11,val,2020_11_04_CPJUMP1,compound,U2OS,48,BRD-K69877120-001-01-7,trt,DMSO,CYM-50260,S1PR4,S1PR4,sphingosine 1 phosphate receptor agonist,92.0,trt,44620894.0,FCc1ccc(OCCOc2ccc(Cl)cc2Cl)c(Cl)n1
BR00117012,C12,val,2020_11_04_CPJUMP1,compound,U2OS,48,DMSO,negcon,DMSO,,,,,,,,
BR00117012,C13,val,2020_11_04_CPJUMP1,compound,U2OS,48,BRD-K90747162-001-01-4,trt,DMSO,KG-5,FLT3,BRAF|FLT3|KIT|PDGFRB,RAF inhibitor,97.6,control,53328059.0,CSc1nc(N)cc(Oc2ccc(cc2)-c2nnc(Nc3cccc(c3)C(F)(F)F)[nH]2)n1
BR00117012,C14,val,2020_11_04_CPJUMP1,compound,U2OS,48,BRD-K81405859-300-01-4,trt,DMSO,JTE-607,TNF,IL10|IL1B|IL6|TNF,cytokine production inhibitor,94.7,trt,9938545.0,CCOC(=O)[C@H](Cc1ccccc1)NC(=O)c1cc(Cl)c(OCCN2CCN(C)CC2)c(Cl)c1O
BR00117012,C15,val,2020_11_04_CPJUMP1,compound,U2OS,48,DMSO,negcon,DMSO,,,,,,,,
BR00117012,C16,val,2020_11_04_CPJUMP1,compound,U2OS,48,BRD-K51662849-001-05-4,trt,DMSO,ilomastat,MMP2,ACAN|ADAM28|MMP1|MMP12|MMP13|MMP14|MMP2|MMP3|MMP8|MMP9,matrix metalloprotease inhibitor,73.8,trt,132519.0,CNC(=O)[C@H](Cc1c[nH]c2ccccc12)NC(=O)[C@H](CC(C)C)CC(=O)NO
BR00117012,C17,val,2020_11_04_CPJUMP1,compound,U2OS,48,BRD-A65597028-003-08-1,trt,DMSO,RX-821002,ADRA2B,ADRA1A|ADRA1B|ADRA1D|ADRA2A|ADRA2B|ADRA2C,adrenergic receptor antagonist,90.9,trt,108094.0,COC1(COc2ccccc2O1)C1=NCCN1
BR00117012,C18,val,2020_11_04_CPJUMP1,compound,U2OS,48,DMSO,negcon,DMSO,,,,,,,,
BR00117012,C19,val,2020_11_04_CPJUMP1,compound,U2OS,48,BRD-K24282351-001-01-4,trt,DMSO,TUG-891,FFAR4,FFAR4,free fatty acid receptor agonist,98.2,trt,57522038.0,Cc1ccc(cc1)-c1ccc(F)cc1COc1ccc(CCC(O)=O)cc1
BR00117012,C20,val,2020_11_04_CPJUMP1,compound,U2OS,48,BRD-K44227013-001-08-0,trt,DMSO,ponatinib,LYN,ABL1|BCR|FGFR1|FGFR2|FGFR3|FGFR4|FLT3|KDR|KIT|LCK|LYN|PDGFRA|RET|SRC|TEK,Bcr-Abl kinase inhibitor|FLT3 inhibitor|PDGFR tyrosine kinase receptor inhibitor,93.4,trt,24826799.0,CN1CCN(Cc2ccc(NC(=O)c3ccc(C)c(c3)C#Cc3cnc4cccnn34)cc2C(F)(F)F)CC1
BR00117012,C21,val,2020_11_04_CPJUMP1,compound,U2OS,48,DMSO,negcon,DMSO,,,,,,,,
BR00117012,C22,val,2020_11_04_CPJUMP1,compound,U2OS,48,BRD-K01824976-300-02-9,trt,DMSO,puromycin,RPL23A,SNU13|RPL10L|RPL11|RPL13A|RPL15|RPL19|RPL23|RPL23A|RPL26L1|RPL3|RPL37|RPL8|RSL24D1,protein synthesis inhibitor,90.9,trt,5702164.0,COc1ccc(C[C@H](N)C(=O)N[C@@H]2[C@@H](CO)OC([C@@H]2O)n2cnc3c(ncnc23)N(C)C)cc1
BR00117012,C23,val,2020_11_04_CPJUMP1,compound,U2OS,48,BRD-K50495309-001-02-0,trt,DMSO,SRC-kinase-inhibitor-I,CSK,CSK|LCK|RIPK2,src inhibitor,97.0,trt,1474853.0,COc1cc2ncnc(Nc3ccc(Oc4ccccc4)cc3)c2cc1OC
BR00117012,C24,val,2020_11_04_CPJUMP1,compound,U2OS,48,BRD-K59058747-001-19-1,trt,DMSO,acetylcysteine,SLC7A11,ACY1|CHUK|GRIN1|GRIN2A|GRIN2B|GRIN2D|GRIN3A|GSS|IKBKB|RELA|SLC7A11,mucolytic agent,0.0,trt,12035.0,CC(=O)N[C@@H](CS)C(O)=O
BR00117012,D01,val,2020_11_04_CPJUMP1,compound,U2OS,48,BRD-K62949423-001-03-1,trt,DMSO,NSC-625987,CDK4,CDK2|CDK4,CDK inhibitor,14.1,trt,3004085.0,COc1ccc(OC)c2c1[nH]c1ccccc1c2=S
BR00117012,D02,val,2020_11_04_CPJUMP1,compound,U2OS,48,BRD-K22482860-001-20-6,trt,DMSO,dalfampridine,KCNH7,KCNA1|KCNA10|KCNA2|KCNA3|KCNA4|KCNA5|KCNA6|KCNA7|KCNB1|KCNB2|KCNC1|KCNC2|KCNC3|KCNC4|KCND1|KCND2|KCND3|KCNF1|KCNG1|KCNG2|KCNG3|KCNG4|KCNH1|KCNH2|KCNH3|KCNH4|KCNH5|KCNH6|KCNH7|KCNH8|KCNJ13|KCNJ5|KCNQ1|KCNQ2|KCNQ3|KCNQ4|KCNQ5|KCNS1|KCNS2|KCNS3|KCNV1|KCNV2,potassium channel blocker,89.8,trt,1727.0,Nc1ccncc1
BR00117012,D03,val,2020_11_04_CPJUMP1,compound,U2OS,48,BRD-K68143200-001-11-7,trt,DMSO,NSC-95397,CDC25A,CDC25A|CDC25B,CDC inhibitor,0.0,trt,262093.0,OCCSC1=C(SCCO)C(=O)c2ccccc2C1=O
BR00117012,D04,val,2020_11_04_CPJUMP1,compound,U2OS,48,BRD-K35498378-001-06-1,trt,DMSO,alrestatin,AKR1B1,AKR1B1,aldose reductase inhibitor,96.6,trt,2120.0,OC(=O)CN1C(=O)c2cccc3cccc(C1=O)c23
BR00117012,D05,val,2020_11_04_CPJUMP1,compound,U2OS,48,BRD-K37764012-001-03-3,trt,DMSO,PF-03758309,PAK4,PAK4,p21 activated kinase inhibitor,93.3,control,25227462.0,CN(C)C[C@@H](NC(=O)N1Cc2c(Nc3nc(C)nc4ccsc34)n[nH]c2C1(C)C)c1ccccc1
BR00117012,D06,val,2020_11_04_CPJUMP1,compound,U2OS,48,BRD-K98357249-001-02-9,trt,DMSO,IRL-2500,EDNRB,EDNRB,endothelin receptor antagonist,96.2,trt,5311192.0,CN([C@H](Cc1ccc(cc1)-c1ccccc1)C(=O)N[C@@H](Cc1c[nH]c2ccccc12)C(O)=O)C(=O)c1cc(C)cc(C)c1
BR00117012,D07,val,2020_11_04_CPJUMP1,compound,U2OS,48,BRD-K73319509-001-08-0,trt,DMSO,PF-04217903,MET,MET,c-Met inhibitor,95.5,control,17754438.0,OCCn1cc(cn1)-c1cnc2nnn(Cc3ccc4ncccc4c3)c2n1
BR00117012,D08,val,2020_11_04_CPJUMP1,compound,U2OS,48,BRD-K58550667-001-08-7,trt,DMSO,FK-866,NAMPT,NAMPT,niacinamide phosphoribosyltransferase inhibitor,93.7,control,6914657.0,O=C(NCCCCC1CCN(CC1)C(=O)c1ccccc1)\C=C\c1cccnc1
BR00117012,D09,val,2020_11_04_CPJUMP1,compound,U2OS,48,BRD-K29530284-001-06-2,trt,DMSO,amlexanox,FGF1,FGF1|IL3|PDE4A|PDE4B|PDE4C|PDE4D|S100A12|S100A13,histamine receptor modulator,97.9,trt,2161.0,CC(C)c1ccc2oc3nc(N)c(cc3c(=O)c2c1)C(O)=O
BR00117012,D10,val,2020_11_04_CPJUMP1,compound,U2OS,48,BRD-K37864785-001-01-0,trt,DMSO,GW-311616,ELANE,ELANE,leukocyte elastase inhibitor|elastase inhibitor,96.3,trt,9800961.0,CC(C)[C@H]1[C@H]2[C@@H](CCN2C(=O)\C=C\CN2CCCCC2)N(C1=O)S(C)(=O)=O
BR00117012,D11,val,2020_11_04_CPJUMP1,compound,U2OS,48,BRD-K42191735-001-08-7,trt,DMSO,buparlisib,PIK3CG,PIK3CA|PIK3CG,PI3K inhibitor,89.0,control,16654980.0,Nc1cc(c(cn1)-c1cc(nc(n1)N1CCOCC1)N1CCOCC1)C(F)(F)F
BR00117012,D12,val,2020_11_04_CPJUMP1,compound,U2OS,48,BRD-K97181089-003-24-7,trt,DMSO,amiloride,ASIC1,AOC1|ASIC1|ASIC2|ASIC3|PKD2|PKD2L1|PLAU|SCNN1A|SCNN1B|SCNN1D|SCNN1G|SLC9A1|TRPC7|TRPV2,sodium channel blocker,96.7,trt,16231.0,NC(=N)NC(=O)c1nc(Cl)c(N)nc1N
BR00117012,D13,val,2020_11_04_CPJUMP1,compound,U2OS,48,BRD-K75748943-300-01-3,trt,DMSO,DG-172,PPARD,PPARD,PPAR receptor inverse agonist,81.7,trt,57342889.0,CN1CCN(CC1)c1ccc(cc1)\C=C(/C#N)c1ccccc1Br
BR00117012,D14,val,2020_11_04_CPJUMP1,compound,U2OS,48,DMSO,negcon,DMSO,,,,,,,,
BR00117012,D15,val,2020_11_04_CPJUMP1,compound,U2OS,48,DMSO,negcon,DMSO,,,,,,,,
BR00117012,D16,val,2020_11_04_CPJUMP1,compound,U2OS,48,BRD-K15179513-001-04-2,trt,DMSO,NVP-ADW742,IGF1R,IGF1R,insulin growth factor receptor inhibitor,93.5,control,,Nc1ncnc2n(cc(-c3cccc(OCc4ccccc4)c3)c12)[C@H]1C[C@H](CN2CCCC2)C1
BR00117012,D17,val,2020_11_04_CPJUMP1,compound,U2OS,48,BRD-A72351335-001-04-5,trt,DMSO,misoprostol,PTGIR,PTGER2|PTGER3|PTGER4|PTGIR,prostanoid receptor agonist,61.9,trt,5282381.0,CCCCC(C)(O)C\C=C\[C@H]1[C@H](O)CC(=O)[C@@H]1CCCCCCC(=O)OC
BR00117012,D18,val,2020_11_04_CPJUMP1,compound,U2OS,48,BRD-K37385792-003-02-1,trt,DMSO,conivaptan,AVPR1A,AVPR1A|AVPR2,vasopressin receptor antagonist,97.6,trt,151171.0,Cc1nc2CCN(C(=O)c3ccc(NC(=O)c4ccccc4-c4ccccc4)cc3)c3ccccc3-c2[nH]1
BR00117012,D19,val,2020_11_04_CPJUMP1,compound,U2OS,48,BRD-A72483914-001-03-7,trt,DMSO,spiroxatrine,ADRA2B,ADRA1A|ADRA1B|ADRA1D|ADRA2A|ADRA2B|ADRA2C|HTR1A|HTR2B,serotonin receptor antagonist,93.5,trt,5268.0,O=C1NCN(c2ccccc2)C11CCN(CC2COc3ccccc3O2)CC1
BR00117012,D20,val,2020_11_04_CPJUMP1,compound,U2OS,48,BRD-K69122748-001-10-1,trt,DMSO,diacerein,IL1B,IL1B,interleukin inhibitor,57.2,trt,26248.0,CC(=O)Oc1cccc2C(=O)c3cc(cc(OC(C)=O)c3C(=O)c12)C(O)=O
BR00117012,D21,val,2020_11_04_CPJUMP1,compound,U2OS,48,DMSO,negcon,DMSO,,,,,,,,
BR00117012,D22,val,2020_11_04_CPJUMP1,compound,U2OS,48,DMSO,negcon,DMSO,,,,,,,,
BR00117012,D23,val,2020_11_04_CPJUMP1,compound,U2OS,48,BRD-K36927236-001-36-7,trt,DMSO,glyburide,SLCO2B1,ABCA1|ABCB11|ABCC8|ABCC9|CFTR|CPT1A|KCNJ1|KCNJ11|KCNJ5|KCNJ8|SLCO2B1,ATP channel blocker|insulin secretagogue|sulfonylurea,91.8,trt,3488.0,COc1ccc(Cl)cc1C(=O)NCCc1ccc(cc1)S(=O)(=O)NC(=O)NC1CCCCC1
BR00117012,D24,val,2020_11_04_CPJUMP1,compound,U2OS,48,BRD-K31170746-001-01-6,trt,DMSO,ANR-94,ADORA2A,ADORA2A,A1 adenosine receptor antagonist,97.4,trt,11805896.0,CCOc1nc2c(N)ncnc2n1CC
BR00117012,E01,val,2020_11_04_CPJUMP1,compound,U2OS,48,BRD-K57708067-001-01-3,trt,DMSO,TFC-007,HPGDS,HPGDS,prostaglandin inhibitor,95.4,trt,16040067.0,O=C(Nc1ccc(cc1)N1CCC(CC1)C(=O)N1CCOCC1)c1cnc(Oc2ccccc2)nc1
BR00117012,E02,val,2020_11_04_CPJUMP1,compound,U2OS,48,BRD-A48180038-003-24-3,trt,DMSO,trihexyphenidyl,CHRM3,CHRM1|CHRM2|CHRM3|CHRM4|CHRM5,acetylcholine receptor antagonist,92.1,trt,5572.0,OC(CCN1CCCCC1)(C1CCCCC1)c1ccccc1
BR00117012,E03,val,2020_11_04_CPJUMP1,compound,U2OS,48,BRD-K64054020-001-02-7,trt,DMSO,epoprostenol,PTGIS,P2RY12|PTGER1|PTGER4|PTGIR|PTGIS,prostacyclin analog,31.9,trt,5282411.0,CCCCC[C@H](O)\C=C\[C@H]1[C@H](O)C[C@@H]2O\C(C[C@H]12)=C/CCCC(O)=O
BR00117012,E04,val,2020_11_04_CPJUMP1,compound,U2OS,48,BRD-K91456750-001-01-9,trt,DMSO,sacubitril,MME,MME,neprilysin inhibitor,98.1,trt,9811834.0,CCOC(=O)[C@H](C)C[C@@H](Cc1ccc(cc1)-c1ccccc1)NC(=O)CCC(O)=O
BR00117012,E05,val,2020_11_04_CPJUMP1,compound,U2OS,48,BRD-K07881437-001-03-8,trt,DMSO,danusertib,RET,AURKA|AURKB|AURKC|FGFR1|NTRK1|RET|SLK,Aurora kinase inhibitor|growth factor receptor inhibitor,91.5,control,11442891.0,CO[C@@H](C(=O)N1Cc2[nH]nc(NC(=O)c3ccc(cc3)N3CCN(C)CC3)c2C1)c1ccccc1
BR00117012,E06,val,2020_11_04_CPJUMP1,compound,U2OS,48,BRD-K23363278-001-02-1,trt,DMSO,CYT-997,TUBB,TUBB,tubulin polymerization inhibitor,95.5,control,11351021.0,CCC[C@H](Nc1nc(ncc1C)-c1ccc(NC(=O)NCC)c(OC)c1)c1cccnc1
BR00117012,E07,val,2020_11_04_CPJUMP1,compound,U2OS,48,DMSO,negcon,DMSO,,,,,,,,
BR00117012,E08,val,2020_11_04_CPJUMP1,compound,U2OS,48,BRD-K02490038-236-03-8,trt,DMSO,BQ-788,EDNRB,EDNRB,endothelin receptor antagonist,56.0,trt,5311032.0,CCCC[C@@H](NC(=O)[C@@H](Cc1cn(C(=O)OC)c2ccccc12)NC(=O)[C@H](CC(C)(C)C)NC(=O)N1[C@@H](C)CCC[C@H]1C)C(O)=O
BR00117012,E09,val,2020_11_04_CPJUMP1,compound,U2OS,48,BRD-K54330070-001-19-6,trt,DMSO,SB-202190,MAPK14,AKT1|ALOX5|CHEK1|GSK3B|LCK|MAPK1|MAPK11|MAPK12|MAPK14|MAPK8|PRKCA|ROCK1|RPS6KB1|SGK1,p38 MAPK inhibitor,94.3,control,,Oc1ccc(cc1)-c1nc(c([nH]1)-c1ccncc1)-c1ccc(F)cc1
BR00117012,E10,val,2020_11_04_CPJUMP1,compound,U2OS,48,BRD-K25412176-001-01-9,trt,DMSO,GSK2110183,AKT1,AKT1|AKT2|AKT3,AKT inhibitor,65.4,control,46843057.0,Cn1ncc(Cl)c1-c1cc(sc1Cl)C(=O)N[C@H](CN)Cc1cccc(F)c1
BR00117012,E11,val,2020_11_04_CPJUMP1,compound,U2OS,48,BRD-K03155172-001-03-0,trt,DMSO,GSK3787,PPARD,PPARD,PPAR receptor antagonist,96.1,trt,2800647.0,FC(F)(F)c1ccc(nc1)S(=O)(=O)CCNC(=O)c1ccc(Cl)cc1
BR00117012,E12,val,2020_11_04_CPJUMP1,compound,U2OS,48,BRD-K07442505-001-03-6,trt,DMSO,BAM7,BAX,BAX,BAX activator,95.8,trt,5754137.0,CCOc1ccccc1N\N=C1C(=O)N(N=C\1C)c1nc(cs1)-c1ccccc1
BR00117012,E13,val,2020_11_04_CPJUMP1,compound,U2OS,48,BRD-K64800655-001-09-0,trt,DMSO,PHA-793887,CDK7,CDK1|CDK2|CDK4|CDK5|CDK7|CDK9,CDK inhibitor,0.0,control,46191454.0,CC(C)CC(=O)Nc1n[nH]c2c1CN(C(=O)C1CCN(C)CC1)C2(C)C
BR00117012,E14,val,2020_11_04_CPJUMP1,compound,U2OS,48,DMSO,negcon,DMSO,,,,,,,,
BR00117012,E15,val,2020_11_04_CPJUMP1,compound,U2OS,48,BRD-K26514105-001-01-7,trt,DMSO,GSK-37647,FFAR4,FFAR4,free fatty acid receptor agonist,97.2,trt,743974.0,COc1ccc(cc1)S(=O)(=O)Nc1c(C)cc(C)cc1C
BR00117012,E16,val,2020_11_04_CPJUMP1,compound,U2OS,48,BRD-K21528677-001-04-4,trt,DMSO,desonide,PLA2G1B,NR3C1|PLA2G1B,glucocorticoid receptor agonist,89.1,trt,5311066.0,CC1(C)O[C@@H]2C[C@H]3[C@@H]4CCC5=CC(=O)C=C[C@]5(C)[C@H]4[C@@H](O)C[C@]3(C)[C@@]2(O1)C(=O)CO
BR00117012,E17,val,2020_11_04_CPJUMP1,compound,U2OS,48,DMSO,negcon,DMSO,,,,,,,,
BR00117012,E18,val,2020_11_04_CPJUMP1,compound,U2OS,48,BRD-K91188791-001-17-5,trt,DMSO,aloxistatin,CTSG,CTSG,protease inhibitor,78.8,trt,65663.0,CCOC(=O)[C@H]1O[C@@H]1C(=O)N[C@@H](CC(C)C)C(=O)NCCC(C)C
BR00117012,E19,val,2020_11_04_CPJUMP1,compound,U2OS,48,BRD-K32821942-001-22-1,trt,DMSO,azathioprine,PPAT,HPRT1|IMPDH1|PPAT,dehydrogenase inhibitor,0.0,trt,2265.0,Cn1cnc(c1Sc1[nH]cnc2ncnc12)[N+]([O-])=O
BR00117012,E20,val,2020_11_04_CPJUMP1,compound,U2OS,48,BRD-K33882852-003-02-8,trt,DMSO,ZK-93423,GABRB2,GABRA1|GABRA2|GABRA3|GABRA5|GABRB2|GABRG2,benzodiazepine receptor agonist,94.9,control,121926.0,CCOC(=O)c1ncc2[nH]c3ccc(OCc4ccccc4)cc3c2c1COC
BR00117012,E21,val,2020_11_04_CPJUMP1,compound,U2OS,48,BRD-K64890080-001-02-1,trt,DMSO,BI-2536,PLK1,BRD4|PLK1|PLK2|PLK3,PLK inhibitor,0.0,control,11364421.0,CC[C@H]1N(C2CCCC2)c2nc(Nc3ccc(cc3OC)C(=O)NC3CCN(C)CC3)ncc2N(C)C1=O
BR00117012,E22,val,2020_11_04_CPJUMP1,compound,U2OS,48,BRD-K91535048-001-01-2,trt,DMSO,EI1,EZH2,EZH2,histone lysine methyltransferase inhibitor,94.0,control,72199293.0,CCC(CC)n1ccc2c(cc(cc12)C#N)C(=O)NCc1c(C)cc(C)[nH]c1=O
BR00117012,E23,val,2020_11_04_CPJUMP1,compound,U2OS,48,BRD-K67915505-001-01-2,trt,DMSO,NVP-HSP990,HSP90AB1,HSP90AA1|HSP90AB1,HSP inhibitor,94.4,trt,46216556.0,COc1cccc(n1)-c1cc(F)ccc1[C@H]1Cc2nc(N)nc(C)c2C(=O)N1
BR00117012,E24,val,2020_11_04_CPJUMP1,compound,U2OS,48,DMSO,negcon,DMSO,,,,,,,,
BR00117012,F01,val,2020_11_04_CPJUMP1,compound,U2OS,48,DMSO,negcon,DMSO,,,,,,,,
BR00117012,F02,val,2020_11_04_CPJUMP1,compound,U2OS,48,BRD-K12102668-001-25-5,trt,DMSO,nialamide,COMT,COMT|MAOA|MAOB,monoamine oxidase inhibitor,84.9,trt,4472.0,O=C(CCNNC(=O)c1ccncc1)NCc1ccccc1
BR00117012,F03,val,2020_11_04_CPJUMP1,compound,U2OS,48,DMSO,negcon,DMSO,,,,,,,,
BR00117012,F04,val,2020_11_04_CPJUMP1,compound,U2OS,48,BRD-K49223707-001-01-0,trt,DMSO,arundic-acid,S100B,PTGS2|S100B,astrocyte modulating agent,5.6,trt,208925.0,CCCCCC[C@@H](CCC)C(O)=O
BR00117012,F05,val,2020_11_04_CPJUMP1,compound,U2OS,48,BRD-K91822704-003-07-2,trt,DMSO,torcitabine,DCK,DCK|TK2,DNA polymerase inhibitor,0.0,trt,13711.0,Nc1ccn([C@H]2C[C@H](O)[C@@H](CO)O2)c(=O)n1
BR00117012,F06,val,2020_11_04_CPJUMP1,compound,U2OS,48,DMSO,negcon,DMSO,,,,,,,,
BR00117012,F07,val,2020_11_04_CPJUMP1,compound,U2OS,48,BRD-K68164687-001-01-6,trt,DMSO,epothilone-b,TUBB3,TUBA1A|TUBA1B|TUBA1C|TUBA3C|TUBA4A|TUBA8|TUBB|TUBB1|TUBB3|TUBB4A|TUBB4B,microtubule stabilizing agent|tubulin polymerization inhibitor,95.1,trt,129010071.0,C[C@H]1CCC[C@@]2(C)O[C@H]2C[C@@H](OC(=O)C[C@@H](O)C(C)(C)C(=O)[C@H](C)[C@H]1O)C(\C)=C\c1csc(C)n1
BR00117012,F08,val,2020_11_04_CPJUMP1,compound,U2OS,48,BRD-A00827783-001-24-6,trt,DMSO,dyphylline,PDE7A,ADORA1|ADORA2A|PDE3A|PDE4A|PDE4B|PDE4C|PDE4D|PDE7A|PDE7B,adenosine receptor antagonist|phosphodiesterase inhibitor,97.8,trt,3182.0,Cn1c2ncn(CC(O)CO)c2c(=O)n(C)c1=O
BR00117012,F09,val,2020_11_04_CPJUMP1,compound,U2OS,48,DMSO,negcon,DMSO,,,,,,,,
BR00117012,F10,val,2020_11_04_CPJUMP1,compound,U2OS,48,BRD-K59632282-052-03-1,trt,DMSO,quinidine,KCNK1,KCNA5|KCNA7|KCNH1|KCNH2|KCNH5|KCNK1|KCNK6|SCN5A|SLC29A4,sodium channel blocker,85.7,trt,441074.0,COc1ccc2nccc([C@H](O)[C@H]3C[C@@H]4CC[N@]3C[C@@H]4C=C)c2c1
BR00117012,F11,val,2020_11_04_CPJUMP1,compound,U2OS,48,BRD-K50055394-001-03-6,trt,DMSO,halopemide,PLD1,PLD1|PLD2,phospholipase inhibitor,96.3,trt,65490.0,Oc1nc2cc(Cl)ccc2n1C1CCN(CCNC(=O)c2ccc(F)cc2)CC1
BR00117012,F12,val,2020_11_04_CPJUMP1,compound,U2OS,48,BRD-A36217750-001-16-3,trt,DMSO,sulfinpyrazone,FPR1,ABCC1|ABCC2|FPR1|SLC22A12,uricosuric blocker,85.2,trt,5342.0,O=C1C(CCS(=O)c2ccccc2)C(=O)N(N1c1ccccc1)c1ccccc1
BR00117012,F13,val,2020_11_04_CPJUMP1,compound,U2OS,48,BRD-K93942811-001-01-3,trt,DMSO,ML-323,USP1,USP1,ubiquitin specific protease inhibitor,97.1,control,60167849.0,CC(C)c1ccccc1-c1ncc(C)c(NCc2ccc(cc2)-n2ccnn2)n1
BR00117012,F14,val,2020_11_04_CPJUMP1,compound,U2OS,48,BRD-A08187463-001-12-9,trt,DMSO,racecadotril,MME,MME,enkephalinase inhibitor,98.2,trt,107751.0,CC(=O)SCC(Cc1ccccc1)C(=O)NCC(=O)OCc1ccccc1
BR00117012,F15,val,2020_11_04_CPJUMP1,compound,U2OS,48,BRD-K84266862-001-03-2,trt,DMSO,BRL-50481,PDE7A,PDE7A|PDE7B,phosphodiesterase inhibitor,95.1,trt,2921148.0,CN(C)S(=O)(=O)c1cc(ccc1C)[N+]([O-])=O
BR00117012,F16,val,2020_11_04_CPJUMP1,compound,U2OS,48,BRD-K25412176-001-01-9,trt,DMSO,GSK2110183,AKT1,AKT1|AKT2|AKT3,AKT inhibitor,65.4,control,46843057.0,Cn1ncc(Cl)c1-c1cc(sc1Cl)C(=O)N[C@H](CN)Cc1cccc(F)c1
BR00117012,F17,val,2020_11_04_CPJUMP1,compound,U2OS,48,BRD-K36660044-001-24-2,trt,DMSO,bufexamac,HDAC6,HDAC10|HDAC6,cyclooxygenase inhibitor,79.7,trt,2466.0,CCCCOc1ccc(CC(=O)NO)cc1
BR00117012,F18,val,2020_11_04_CPJUMP1,compound,U2OS,48,BRD-K42352790-001-05-3,trt,DMSO,anandamide,GPR55,CACNA1G|CACNA1H|CACNA1I|CNR1|CNR2|GLRA1|GPR18|GPR55|KCNA2|KCNK3|KCNK9|TRPM8|TRPV1,cannabinoid receptor agonist,89.9,trt,5281969.0,CCCCC\C=C/C\C=C/C\C=C/C\C=C/CCCC(=O)NCCO
BR00117012,F19,val,2020_11_04_CPJUMP1,compound,U2OS,48,BRD-K49350383-001-13-7,trt,DMSO,thioguanine,IMPDH1,IMPDH1|IMPDH2,purine antagonist,0.0,control,2723601.0,Nc1nc2nc[nH]c2c(=S)[nH]1
BR00117012,F20,val,2020_11_04_CPJUMP1,compound,U2OS,48,BRD-K53234107-001-01-6,trt,DMSO,IWP-L6,PORCN,PORCN,porcupine inhibitor,94.5,trt,71601111.0,O=C(CSc1nc2CCSc2c(=O)n1-c1ccccc1)Nc1ccc(cn1)-c1ccccc1
BR00117012,F21,val,2020_11_04_CPJUMP1,compound,U2OS,48,BRD-K29322660-001-01-9,trt,DMSO,edoxaban,F10,F10,coagulation factor inhibitor,94.0,trt,49822384.0,CN(C)C(=O)[C@@H]1CC[C@H](NC(=O)C(=O)Nc2ccc(Cl)cn2)[C@H](C1)NC(=O)c1nc2CCN(C)Cc2s1
BR00117012,F22,val,2020_11_04_CPJUMP1,compound,U2OS,48,BRD-K41599323-001-02-3,trt,DMSO,lonafarnib,KRAS,FNTA|HRAS|KRAS|NRAS,farnesyltransferase inhibitor,96.7,control,148195.0,NC(=O)N1CCC(CC(=O)N2CCC(CC2)[C@H]2c3ncc(Br)cc3CCc3cc(Cl)cc(Br)c23)CC1
BR00117012,F23,val,2020_11_04_CPJUMP1,compound,U2OS,48,BRD-K44771174-066-01-0,trt,DMSO,ibutamoren,GHSR,GHR|GHSR,growth hormone secretagogue receptor agonist,94.0,trt,178024.0,CC(C)(N)C(=O)N[C@H](COCc1ccccc1)C(=O)N1CCC2(CN(c3ccccc23)S(C)(=O)=O)CC1
BR00117012,F24,val,2020_11_04_CPJUMP1,compound,U2OS,48,BRD-K14681867-001-01-6,trt,DMSO,somatostatin,SSTR2,OPRD1|OPRM1|SSTR1|SSTR2|SSTR3|SSTR4|SSTR5,somatostatin receptor agonist,58.0,trt,101826531.0,C[C@@H](O)[C@@H]1NC(=O)[C@H](CCCCN)NC(=O)[C@H](Cc2c[nH]c3ccccc23)NC(=O)[C@H](Cc2ccccc2)NC(=O)[C@H](Cc2ccccc2)NC(=O)[C@H](CC(N)=O)NC(=O)[C@H](CCCCN)NC(=O)[C@H](CSSC[C@H](NC(=O)[C@H](CO)NC(=O)[C@@H](NC(=O)[C@H](Cc2ccccc2)NC1=O)[C@@H](C)O)C(O)=O)NC(=O)CNC(=O)[C@H](C)N
BR00117012,G01,val,2020_11_04_CPJUMP1,compound,U2OS,48,BRD-K01666412-001-02-0,trt,DMSO,L-proline,P3H1,EPRS1|L3HYPDH|P3H1|P3H2|P3H3|P4HA1|P4HA2|PARS2|PPIA|PPIB|PPIC|PPIF|PPIG|PPIH|PRODH|PLPBP|PYCR1|PYCR2|PYCR3|SLC6A14|SLC6A7,glutamate receptor agonist,0.0,trt,145742.0,OC(=O)[C@@H]1CCCN1
BR00117012,G02,val,2020_11_04_CPJUMP1,compound,U2OS,48,BRD-K80451230-051-02-6,trt,DMSO,zamifenacin,CHRM3,CHRM3,acetylcholine receptor antagonist,96.9,trt,3086618.0,C(Cc1ccc2OCOc2c1)N1CCC[C@H](C1)OC(c1ccccc1)c1ccccc1
BR00117012,G03,val,2020_11_04_CPJUMP1,compound,U2OS,48,BRD-K60476892-001-16-1,trt,DMSO,YC-1,GUCY1B1,GUCY1A2|GUCY1A1|GUCY1B1|HIF1A,guanylyl cyclase activator,96.3,trt,5712.0,OCc1ccc(o1)-c1nn(Cc2ccccc2)c2ccccc12
BR00117012,G04,val,2020_11_04_CPJUMP1,compound,U2OS,48,DMSO,negcon,DMSO,,,,,,,,
BR00117012,G05,val,2020_11_04_CPJUMP1,compound,U2OS,48,BRD-K24283677-001-01-9,trt,DMSO,ME-0328,PARP3,PARP3,PPAR receptor antagonist,98.4,trt,71571526.0,C[C@H](NC(=O)CCc1nc2ccccc2c(=O)[nH]1)c1ccccc1
BR00117012,G06,val,2020_11_04_CPJUMP1,compound,U2OS,48,BRD-K03109492-001-02-2,trt,DMSO,NSC-663284,CDC25A,CDC25A|CDC25B|CDC25C,CDC inhibitor,0.0,trt,379077.0,ClC1=C(NCCN2CCOCC2)C(=O)c2ncccc2C1=O
BR00117012,G07,val,2020_11_04_CPJUMP1,compound,U2OS,48,BRD-K80666802-003-01-0,trt,DMSO,CYM-50358,S1PR4,S1PR4,sphingosine 1-phosphate receptor antagonist,96.4,trt,53358422.0,Cc1cc(CN)cc(C)c1NC(=O)c1ccc(o1)-c1cc(Cl)ccc1Cl
BR00117012,G08,val,2020_11_04_CPJUMP1,compound,U2OS,48,BRD-K70778732-003-27-5,trt,DMSO,trazodone,HTR2C,ADRA1A|ADRA2A|HRH1|HTR1A|HTR2A|HTR2B|HTR2C|SLC6A4,adrenergic receptor antagonist|serotonin receptor antagonist|serotonin reuptake inhibitor,97.3,trt,5533.0,Clc1cccc(c1)N1CCN(CCCn2nc3ccccn3c2=O)CC1
BR00117012,G09,val,2020_11_04_CPJUMP1,compound,U2OS,48,DMSO,negcon,DMSO,,,,,,,,
BR00117012,G10,val,2020_11_04_CPJUMP1,compound,U2OS,48,DMSO,negcon,DMSO,,,,,,,,
BR00117012,G11,val,2020_11_04_CPJUMP1,compound,U2OS,48,BRD-K10670311-001-17-1,trt,DMSO,sulfasalazine,PLA2G1B,ACAT1|ALOX5|CHUK|IKBKB|PLA2G1B|PPARG|PTGS1|PTGS2|SLC46A1|SLC7A11|TBXAS1,cyclooxygenase inhibitor,91.0,trt,,OC(=O)c1cc(ccc1O)\N=N\c1ccc(cc1)S(=O)(=O)Nc1ccccn1
BR00117012,G12,val,2020_11_04_CPJUMP1,compound,U2OS,48,BRD-K29791386-001-01-8,trt,DMSO,"2,5-furandimethanol",HBB,HBB,hemoglobin modulator,95.2,trt,74663.0,OCc1ccc(CO)o1
BR00117012,G13,val,2020_11_04_CPJUMP1,compound,U2OS,48,DMSO,negcon,DMSO,,,,,,,,
BR00117012,G14,val,2020_11_04_CPJUMP1,compound,U2OS,48,BRD-K48722258-300-11-0,trt,DMSO,dilazep,SLC29A1,SLC29A1,adenosine reuptake inhibitor,86.5,trt,3074.0,COc1cc(cc(OC)c1OC)C(=O)OCCCN1CCCN(CCCOC(=O)c2cc(OC)c(OC)c(OC)c2)CC1
BR00117012,G15,val,2020_11_04_CPJUMP1,compound,U2OS,48,BRD-A30815329-001-12-1,trt,DMSO,felodipine,TNNC1,CACNA1C|CACNA1D|CACNA1F|CACNA1H|CACNA1S|CACNA2D1|CACNA2D2|CACNB2|CALM1|CFTR|NR3C2|PDE1A|PDE1B|TNNC1|TNNC2,calcium channel blocker,95.4,trt,3333.0,CCOC(=O)C1=C(C)NC(C)=C(C1c1cccc(Cl)c1Cl)C(=O)OC
BR00117012,G16,val,2020_11_04_CPJUMP1,compound,U2OS,48,BRD-A99888680-001-05-3,trt,DMSO,paliperidone,HTR2C,ADRA1A|ADRA1B|ADRA2A|ADRA2B|ADRA2C|CYP2D6|CYP3A4|CYP3A5|DRD1|DRD2|DRD3|DRD4|HRH1|HTR1A|HTR1D|HTR2A|HTR2C,dopamine receptor antagonist|serotonin receptor antagonist,80.4,trt,115237.0,Cc1nc2C(O)CCCn2c(=O)c1CCN1CCC(CC1)c1noc2cc(F)ccc12
BR00117012,G17,val,2020_11_04_CPJUMP1,compound,U2OS,48,BRD-K50836978-001-03-3,trt,DMSO,purvalanol-a,CDK2,CDK1|CDK2|CDK4|CDK5|CSNK1G3|RPS6KA1|SRC,CDK inhibitor,97.3,control,456214.0,CC(C)[C@H](CO)Nc1nc(Nc2cccc(Cl)c2)c2ncn(C(C)C)c2n1
BR00117012,G18,val,2020_11_04_CPJUMP1,compound,U2OS,48,DMSO,negcon,DMSO,,,,,,,,
BR00117012,G19,val,2020_11_04_CPJUMP1,compound,U2OS,48,BRD-K77220725-003-01-5,trt,DMSO,Ro-1138452,PTGIR,PTGIR,prostanoid receptor antagonist,95.7,trt,9839644.0,CC(C)Oc1ccc(Cc2ccc(NC3=NCCN3)cc2)cc1
BR00117012,G20,val,2020_11_04_CPJUMP1,compound,U2OS,48,BRD-A89164055-001-03-3,trt,DMSO,sorbinil,AKR1B1,AKR1B1,aldose reductase inhibitor,0.0,trt,5252.0,Fc1ccc2OCCC3(NC(=O)NC3=O)c2c1
BR00117012,G21,val,2020_11_04_CPJUMP1,compound,U2OS,48,BRD-K89517477-001-01-4,trt,DMSO,TC-S-7004,DYRK1B,DYRK1A|DYRK1B,DYRK inhibitor,91.3,control,57523919.0,COc1ncc2cc(C(=O)Nc3cc(ccc3Cl)C(=O)NCc3cccc(Cl)c3)c(=O)[nH]c2n1
BR00117012,G22,val,2020_11_04_CPJUMP1,compound,U2OS,48,BRD-A24122750-001-03-7,trt,DMSO,saclofen,KCTD16,GABBR1|GABBR2|KCTD12|KCTD16|KCTD8,GABA receptor antagonist,93.0,trt,122150.0,NCC(CS(O)(=O)=O)c1ccc(Cl)cc1
BR00117012,G23,val,2020_11_04_CPJUMP1,compound,U2OS,48,BRD-K70463136-001-01-5,trt,DMSO,BAY-87-2243,HIF1A,HIF1A,hypoxia inducible factor inhibitor,92.6,trt,67377767.0,Cc1cc(nn1Cc1ccnc(c1)N1CCN(CC1)C1CC1)-c1nc(no1)-c1ccc(OC(F)(F)F)cc1
BR00117012,G24,val,2020_11_04_CPJUMP1,compound,U2OS,48,BRD-K16444452-001-09-1,trt,DMSO,ibudilast,PDE4D,IL1B|IL6|PDE3A|PDE4A|PDE4B|PDE4C|PDE4D|PDE5A,leukotriene receptor antagonist|phosphodiesterase inhibitor,68.5,trt,3671.0,CC(C)C(=O)c1c(nn2ccccc12)C(C)C
BR00117012,H01,val,2020_11_04_CPJUMP1,compound,U2OS,48,BRD-K05531427-001-01-7,trt,DMSO,briciclib,CCND1,CCND1,cyclin D inhibitor,94.8,trt,11248490.0,COc1cc(OC)c(\C=C\S(=O)(=O)Cc2ccc(OC)c(OP(O)(O)=O)c2)c(OC)c1
BR00117012,H02,val,2020_11_04_CPJUMP1,compound,U2OS,48,BRD-K77087341-001-02-4,trt,DMSO,2-Oleoylglycerol,GPR119,GPR119,glucose dependent insulinotropic receptor ligand,7.4,trt,5319879.0,CCCCCCCC\C=C/CCCCCCCC(=O)OC(CO)CO
BR00117012,H03,val,2020_11_04_CPJUMP1,compound,U2OS,48,BRD-K61688984-001-02-9,trt,DMSO,RGFP966,HDAC3,HDAC3,HDAC inhibitor,93.0,control,56650312.0,Nc1cc(F)ccc1NC(=O)\C=C\c1cnn(C\C=C\c2ccccc2)c1
BR00117012,H04,val,2020_11_04_CPJUMP1,compound,U2OS,48,DMSO,negcon,DMSO,,,,,,,,
BR00117012,H05,val,2020_11_04_CPJUMP1,compound,U2OS,48,BRD-K03406345-001-21-1,trt,DMSO,azacitidine,DNMT3A,DNMT1|DNMT3A,DNA methyltransferase inhibitor,0.0,control,9444.0,Nc1ncn([C@@H]2O[C@H](CO)[C@@H](O)[C@H]2O)c(=O)n1
BR00117012,H06,val,2020_11_04_CPJUMP1,compound,U2OS,48,BRD-K60150510-001-15-6,trt,DMSO,N6-cyclopentyladenosine,SLC29A1,ADORA1|ADORA2A|ADORA2B|ADORA3|SLC29A1,adenosine receptor agonist,96.7,trt,657378.0,OC[C@H]1O[C@H]([C@H](O)[C@@H]1O)n1cnc2c(NC3CCCC3)ncnc12
BR00117012,H07,val,2020_11_04_CPJUMP1,compound,U2OS,48,BRD-K16803204-001-01-6,trt,DMSO,filgotinib,JAK1,JAK1|JAK2|JAK3|TYK2,JAK inhibitor,89.6,control,49831257.0,O=C(Nc1nc2cccc(-c3ccc(CN4CCS(=O)(=O)CC4)cc3)n2n1)C1CC1
BR00117012,H08,val,2020_11_04_CPJUMP1,compound,U2OS,48,BRD-K76037122-001-02-5,trt,DMSO,guanidine,RNASE1,ALDH2|DLG4|GAMT|RNASE1,HSP inhibitor,1.9,trt,3520.0,NC(N)=N
BR00117012,H09,val,2020_11_04_CPJUMP1,compound,U2OS,48,BRD-K23913458-001-20-7,trt,DMSO,coumarin,CA14,CA1|CA12|CA14|CA2|CA4|CA6|CA9|CYP2A6,vitamin K antagonist,98.0,trt,323.0,O=c1ccc2ccccc2o1
BR00117012,H10,val,2020_11_04_CPJUMP1,compound,U2OS,48,DMSO,negcon,DMSO,,,,,,,,
BR00117012,H11,val,2020_11_04_CPJUMP1,compound,U2OS,48,BRD-K73789395-001-09-9,trt,DMSO,ZM-336372,BRAF,BRAF|LCK|MAPK14|RAF1,RAF inhibitor,62.0,control,5730.0,CN(C)c1cccc(c1)C(=O)Nc1ccc(C)c(NC(=O)c2ccc(O)cc2)c1
BR00117012,H12,val,2020_11_04_CPJUMP1,compound,U2OS,48,BRD-K76792669-001-08-1,trt,DMSO,citric-acid,RNASE1,AKR1B1|ANG|APRT|BHMT|C8G|CA4|CPB1|CS|CTDSP1|GNMT|HGS|HS3ST3A1|IL4I1|ITPA|LSM6|MDH2|MIF|PDE5A|PKD2L1|PLEKHA1|RNASE1|RNASE3|SRC|TNFSF13B|UCK2,coagulation factor inhibitor,0.0,trt,19782904.0,OC(=O)CC(O)(CC(O)=O)C(O)=O
BR00117012,H13,val,2020_11_04_CPJUMP1,compound,U2OS,48,DMSO,negcon,DMSO,,,,,,,,
BR00117012,H14,val,2020_11_04_CPJUMP1,compound,U2OS,48,BRD-K26970495-001-02-7,trt,DMSO,CCG-63802,RGS4,RGS4,G protein signaling inhibitor,0.0,trt,6057678.0,Cc1cccc(Oc2nc3c(C)cccn3c(=O)c2\C=C(/C#N)c2nc3ccccc3s2)c1
BR00117012,H15,val,2020_11_04_CPJUMP1,compound,U2OS,48,BRD-A74391928-051-03-9,trt,DMSO,ibutilide,KCNK1,CACNA1C|CACNA2D1|CACNB1|CACNG1|KCNH2|KCNH6|KCNH7|KCNJ11|KCNK1|KCNK6,potassium channel blocker,95.1,trt,60753.0,CCCCCCCN(CC)CCCC(O)c1ccc(NS(C)(=O)=O)cc1
BR00117012,H16,val,2020_11_04_CPJUMP1,compound,U2OS,48,BRD-K82818427-001-04-8,trt,DMSO,batimastat,MMP2,ADAM28|ADAMTS5|MMP12|MMP16|MMP2|MMP8,matrix metalloprotease inhibitor,86.5,trt,5362422.0,CNC(=O)[C@H](Cc1ccccc1)NC(=O)[C@H](CC(C)C)[C@H](CSc1cccs1)C(=O)NO
BR00117012,H17,val,2020_11_04_CPJUMP1,compound,U2OS,48,DMSO,negcon,DMSO,,,,,,,,
BR00117012,H18,val,2020_11_04_CPJUMP1,compound,U2OS,48,DMSO,negcon,DMSO,,,,,,,,
BR00117012,H19,val,2020_11_04_CPJUMP1,compound,U2OS,48,BRD-K26989966-001-04-3,trt,DMSO,UNC1999,EZH2,EZH2,histone lysine methyltransferase inhibitor,88.2,control,72551585.0,CCCc1cc(C)[nH]c(=O)c1CNC(=O)c1cc(cc2n(ncc12)C(C)C)-c1ccc(nc1)N1CCN(CC1)C(C)C
BR00117012,H20,val,2020_11_04_CPJUMP1,compound,U2OS,48,BRD-K83896451-001-06-7,trt,DMSO,glutamine-(l),PPAT,CTPS1|GLUL|GPRC6A|PPAT,,0.0,trt,5961.0,N[C@@H](CCC(N)=O)C(O)=O
BR00117012,H21,val,2020_11_04_CPJUMP1,compound,U2OS,48,BRD-K62810658-001-11-4,trt,DMSO,PD-98059,BRAF,AKT1|BRAF|CHEK1|GSK3B|LCK|MAP2K1|MAPK1|MAPK11|MAPK12|MAPK14|MAPK8|PRKCA|RAF1|ROCK1|RPS6KB1|SGK1,MEK inhibitor,96.3,control,4713.0,COc1cccc(-c2cc(=O)c3ccccc3o2)c1N
BR00117012,H22,val,2020_11_04_CPJUMP1,compound,U2OS,48,BRD-K01825690-065-01-9,trt,DMSO,enilconazole,CYP1A2,CYP19A1|CYP1A2|CYP2B6|CYP2C9|CYP2J2|CYP3A4|CYP3A5|NR1I2|PPARA|PTGER2,sterol demethylase inhibitor,91.6,trt,37175.0,Clc1ccc(C(Cn2ccnc2)OCC=C)c(Cl)c1
BR00117012,H23,val,2020_11_04_CPJUMP1,compound,U2OS,48,BRD-K75390981-300-04-9,trt,DMSO,N-alpha-Methylhistamine-dihydrochloride,HRH4,HRH4,histamine receptor agonist,88.4,trt,912.0,CNCCc1cnc[nH]1
BR00117012,H24,val,2020_11_04_CPJUMP1,compound,U2OS,48,BRD-K38272302-001-02-7,trt,DMSO,GK921,TGM2,TGM2,transglutaminase inhibitor,95.4,trt,56682080.0,C(CN1CCCC1)Oc1nc2cccnc2nc1C#Cc1ccccc1
BR00117012,I01,val,2020_11_04_CPJUMP1,compound,U2OS,48,BRD-A84687895-001-03-2,trt,DMSO,nilvadipine,CACNA2D3,CACNA1C|CACNA1D|CACNA1S|CACNA2D1|CACNA2D3|CACNB2,calcium channel blocker,82.0,trt,4494.0,COC(=O)C1=C(NC(C)=C(C1c1cccc(c1)[N+]([O-])=O)C(=O)OC(C)C)C#N
BR00117012,I02,val,2020_11_04_CPJUMP1,compound,U2OS,48,DMSO,negcon,DMSO,,,,,,,,
BR00117012,I03,val,2020_11_04_CPJUMP1,compound,U2OS,48,BRD-K15819326-001-01-6,trt,DMSO,AC-710,CSF1R,CSF1R|FLT3|KIT|PDGFRA|PDGFRB,PDGFR tyrosine kinase receptor inhibitor,98.5,trt,54760053.0,CCN1C(C)(C)CC(CC1(C)C)Oc1ccc(nc1)C(=O)Nc1ccc(NC(=O)Nc2cc(on2)C(C)(C)C)cc1
BR00117012,I04,val,2020_11_04_CPJUMP1,compound,U2OS,48,BRD-A93477898-001-04-2,trt,DMSO,PETCM,CASP3,CASP3,caspase activator,73.4,trt,224859.0,OC(Cc1ccncc1)C(Cl)(Cl)Cl
BR00117012,I05,val,2020_11_04_CPJUMP1,compound,U2OS,48,BRD-K86525559-001-07-8,trt,DMSO,AZD7762,CHEK2,CHEK1|CHEK2,CHK inhibitor,87.8,control,11152667.0,NC(=O)Nc1cc(sc1C(=O)N[C@H]1CCCNC1)-c1cccc(F)c1
BR00117012,I06,val,2020_11_04_CPJUMP1,compound,U2OS,48,BRD-K64800655-001-09-0,trt,DMSO,PHA-793887,CDK7,CDK1|CDK2|CDK4|CDK5|CDK7|CDK9,CDK inhibitor,0.0,control,46191454.0,CC(C)CC(=O)Nc1n[nH]c2c1CN(C(=O)C1CCN(C)CC1)C2(C)C
BR00117012,I07,val,2020_11_04_CPJUMP1,compound,U2OS,48,BRD-K36016295-001-05-2,trt,DMSO,KU-60019,ATM,ATM,ATM kinase inhibitor,81.9,trt,15953870.0,C[C@H]1CN(CC(=O)Nc2ccc3Sc4c(Cc3c2)cccc4-c2cc(=O)cc(o2)N2CCOCC2)C[C@@H](C)O1
BR00117012,I08,val,2020_11_04_CPJUMP1,compound,U2OS,48,BRD-K06674495-334-04-0,trt,DMSO,nafamostat,ASIC1,ASIC1|ASIC2|ASIC3|C1R|PRSS1|TPSAB1|TRPM7,serine protease inhibitor,20.4,trt,4413.0,NC(=N)Nc1ccc(cc1)C(=O)Oc1ccc2cc(ccc2c1)C(N)=N
BR00117012,I09,val,2020_11_04_CPJUMP1,compound,U2OS,48,DMSO,negcon,DMSO,,,,,,,,
BR00117012,I10,val,2020_11_04_CPJUMP1,compound,U2OS,48,DMSO,negcon,DMSO,,,,,,,,
BR00117012,I11,val,2020_11_04_CPJUMP1,compound,U2OS,48,BRD-K50498985-001-03-3,trt,DMSO,taladegib,DHH,DHH|IHH|SMO,smoothened receptor antagonist,97.2,trt,49848070.0,CN(C1CCN(CC1)c1nnc(-c2ccnn2C)c2ccccc12)C(=O)c1ccc(F)cc1C(F)(F)F
BR00117012,I12,val,2020_11_04_CPJUMP1,compound,U2OS,48,BRD-K52960356-001-13-0,trt,DMSO,acetohexamide,KCNJ1,ABCC8|KCNJ1|KCNJ10|KCNJ11,ATP channel blocker,0.4,trt,1989.0,CC(=O)c1ccc(cc1)S(=O)(=O)NC(=O)NC1CCCCC1
BR00117012,I13,val,2020_11_04_CPJUMP1,compound,U2OS,48,BRD-A69651145-003-11-4,trt,DMSO,minocycline,IL1B,ALOX5|CASP1|CASP3|CYCS|IL1B|MMP9|VEGFA,bacterial 30S ribosomal subunit inhibitor,68.1,trt,54575046.0,CN(C)[C@H]1[C@@H]2C[C@@H]3Cc4c(ccc(O)c4C(=O)C3C(=O)[C@]2(O)C(=O)C(C(N)=O)C1=O)N(C)C
BR00117012,I14,val,2020_11_04_CPJUMP1,compound,U2OS,48,BRD-K64890080-001-02-1,trt,DMSO,BI-2536,PLK1,BRD4|PLK1|PLK2|PLK3,PLK inhibitor,0.0,control,11364421.0,CC[C@H]1N(C2CCCC2)c2nc(Nc3ccc(cc3OC)C(=O)NC3CCN(C)CC3)ncc2N(C)C1=O
BR00117012,I15,val,2020_11_04_CPJUMP1,compound,U2OS,48,BRD-K84783599-001-01-0,trt,DMSO,riociguat,GUCY1B1,GUCY1A2|GUCY1A1|GUCY1B2|GUCY1B1,guanylate cyclase stimulant,97.4,trt,11304743.0,COC(=O)N(C)c1c(N)nc(nc1N)-c1nn(Cc2ccccc2F)c2ncccc12
BR00117012,I16,val,2020_11_04_CPJUMP1,compound,U2OS,48,BRD-K76908866-001-07-6,trt,DMSO,CP-724714,ERBB2,ERBB2,EGFR inhibitor|protein tyrosine kinase inhibitor,96.2,control,9874913.0,COCC(=O)NC\C=C\c1ccc2ncnc(Nc3ccc(Oc4ccc(C)nc4)c(C)c3)c2c1
BR00117012,I17,val,2020_11_04_CPJUMP1,compound,U2OS,48,BRD-K38852836-001-04-9,trt,DMSO,ganetespib,HSP90AA1,HSP90AA1,HSP inhibitor,81.0,control,,CC(C)c1cc(-c2n[nH]c(=O)n2-c2ccc3n(C)ccc3c2)c(O)cc1O
BR00117012,I18,val,2020_11_04_CPJUMP1,compound,U2OS,48,BRD-K80935598-001-01-1,trt,DMSO,AZ191,DYRK1B,DYRK1B,DYRK inhibitor,85.4,control,72716071.0,COc1cc(ccc1Nc1nccc(n1)-c1cn(C)c2cnccc12)N1CCN(C)CC1
BR00117012,I19,val,2020_11_04_CPJUMP1,compound,U2OS,48,BRD-A18763547-300-06-3,trt,DMSO,BAX-channel-blocker,BAX,BAX,cytochrome C release inhibitor,95.3,trt,2729027.0,OC(CN1CCNCC1)Cn1c2ccc(Br)cc2c2cc(Br)ccc12
BR00117012,I20,val,2020_11_04_CPJUMP1,compound,U2OS,48,BRD-K32730239-001-01-0,trt,DMSO,SU3327,MAPK8,MAPK8,JNK inhibitor,86.4,trt,11837140.0,Nc1nnc(Sc2ncc(s2)[N+]([O-])=O)s1
BR00117012,I21,val,2020_11_04_CPJUMP1,compound,U2OS,48,DMSO,negcon,DMSO,,,,,,,,
BR00117012,I22,val,2020_11_04_CPJUMP1,compound,U2OS,48,DMSO,negcon,DMSO,,,,,,,,
BR00117012,I23,val,2020_11_04_CPJUMP1,compound,U2OS,48,BRD-A64173453-015-03-1,trt,DMSO,octreotide,SSTR2,SSTR1|SSTR2|SSTR3|SSTR5,somatostatin receptor agonist,94.8,trt,383414.0,CC(O)C(CO)NC(=O)C1CSSCC(NC(=O)C(N)Cc2ccccc2)C(=O)NC(Cc2ccccc2)C(=O)NC(Cc2c[nH]c3ccccc23)C(=O)NC(CCCCN)C(=O)NC(C(C)O)C(=O)N1
BR00117012,I24,val,2020_11_04_CPJUMP1,compound,U2OS,48,BRD-K09338665-001-08-9,trt,DMSO,1-octanol,GJB4,GJA1|GJA10|GJA3|GJA4|GJA5|GJA8|GJA9|GJB1|GJB2|GJB3|GJB4|GJB5|GJB6|GJB7|GJC1|GJC2|GJC3|GJD2|GJD3|GJD4|GJE1,,0.0,trt,957.0,CCCCCCCCO
BR00117012,J01,val,2020_11_04_CPJUMP1,compound,U2OS,48,BRD-K64034691-001-01-9,trt,DMSO,acalabrutinib,BTK,BTK,Bruton's tyrosine kinase (BTK) inhibitor,71.5,trt,71226662.0,CC#CC(=O)N1CCC[C@H]1c1nc(-c2ccc(cc2)C(=O)Nc2ccccn2)c2c(N)nccn12
BR00117012,J02,val,2020_11_04_CPJUMP1,compound,U2OS,48,BRD-K38512030-001-01-7,trt,DMSO,rifamycin,SLCO2B1,SLCO1A2|SLCO1B1|SLCO1B3|SLCO2B1,DNA directed RNA polymerase inhibitor,12.2,trt,6324616.0,CO[C@H]1\C=C\O[C@@]2(C)Oc3c(C2=O)c2c(O)cc(NC(=O)\C(C)=C/C=C/[C@H](C)[C@H](O)[C@@H](C)[C@@H](O)[C@@H](C)[C@H](OC(C)=O)[C@@H]1C)c(O)c2c(O)c3C
BR00117012,J03,val,2020_11_04_CPJUMP1,compound,U2OS,48,BRD-K74514084-003-09-2,trt,DMSO,pazopanib,FGF1,CSF1R|FGF1|FGFR1|FGFR3|FLT1|FLT4|ITK|KDR|KIT|PDGFRA|PDGFRB|SH2B3,KIT inhibitor|PDGFR tyrosine kinase receptor inhibitor|VEGFR inhibitor,97.8,trt,10113978.0,CN(c1ccc2c(C)n(C)nc2c1)c1ccnc(Nc2ccc(C)c(c2)S(N)(=O)=O)n1
BR00117012,J04,val,2020_11_04_CPJUMP1,compound,U2OS,48,BRD-K19333160-001-01-3,trt,DMSO,RKI-1447,PAK1,CDC42BPA|DMPK|LIMK1|MYLK|PAK1|PKN1|ROCK1|ROCK2,rho associated kinase inhibitor,93.9,control,60138149.0,Oc1cccc(CNC(=O)Nc2nc(cs2)-c2ccncc2)c1
BR00117012,J05,val,2020_11_04_CPJUMP1,compound,U2OS,48,BRD-K97091514-001-11-4,trt,DMSO,vitamin-E,PRKCB,ALOX5|DGKA|NR1I2|PPP2CA|PPP2CB|PRKCA|PRKCB|SEC14L2|SEC14L3|SEC14L4,PKC inhibitor|LDL oxidation inhibitor,0.0,trt,14985.0,CC(C)CCC[C@@H](C)CCC[C@@H](C)CCC[C@]1(C)CCc2c(C)c(O)c(C)c(C)c2O1
BR00117012,J06,val,2020_11_04_CPJUMP1,compound,U2OS,48,BRD-K41599323-001-02-3,trt,DMSO,lonafarnib,KRAS,FNTA|HRAS|KRAS|NRAS,farnesyltransferase inhibitor,96.7,control,148195.0,NC(=O)N1CCC(CC(=O)N2CCC(CC2)[C@H]2c3ncc(Br)cc3CCc3cc(Cl)cc(Br)c23)CC1
BR00117012,J07,val,2020_11_04_CPJUMP1,compound,U2OS,48,BRD-K47738867-001-01-5,trt,DMSO,ethyl-pyruvate,TNF,HMGB1|TNF,tumor necrosis factor production inhibitor,0.0,trt,12041.0,CCOC(=O)C(C)=O
BR00117012,J08,val,2020_11_04_CPJUMP1,compound,U2OS,48,BRD-A91822151-001-05-0,trt,DMSO,picrotin,GLRA3,GABRA1|GABRR1|GLRA1|GLRA2|GLRA3|GLRB,GABA receptor antagonist,58.4,trt,4815.0,CC(C)(O)C1C2OC(=O)C1C1(O)CC3OC33C(=O)OC2C13C
BR00117012,J09,val,2020_11_04_CPJUMP1,compound,U2OS,48,BRD-K19477839-001-07-6,trt,DMSO,SGX523,MET,MET,hepatocyte growth factor receptor inhibitor,97.7,control,24779724.0,Cn1cc(cn1)-c1ccc2nnc(Sc3ccc4ncccc4c3)n2n1
BR00117012,J10,val,2020_11_04_CPJUMP1,compound,U2OS,48,BRD-K95785537-001-22-3,trt,DMSO,PP-2,LYN,ABL1|LCK|LYN|RIPK2|SRC,src inhibitor,96.6,trt,4878.0,CC(C)(C)n1nc(-c2ccc(Cl)cc2)c2c(N)ncnc12
BR00117012,J11,val,2020_11_04_CPJUMP1,compound,U2OS,48,BRD-A63444178-001-01-5,trt,DMSO,ME-0328,PARP3,PARP3,PPAR receptor antagonist,97.1,trt,51147633.0,CC(NC(=O)CCc1nc(=O)c2ccccc2[nH]1)c1ccccc1
BR00117012,J12,val,2020_11_04_CPJUMP1,compound,U2OS,48,BRD-K31476763-001-01-5,trt,DMSO,AZD9668,ELANE,ELANE,elastase inhibitor,95.8,trt,46861623.0,Cc1c(cc(C(=O)NCc2ccc(cn2)S(C)(=O)=O)c(=O)n1-c1cccc(c1)C(F)(F)F)-c1ccnn1C
BR00117012,J13,val,2020_11_04_CPJUMP1,compound,U2OS,48,BRD-K61918008-001-07-1,trt,DMSO,NQDI-1,CASP3,CASP3,caspase inhibitor,0.0,trt,5522952.0,CCOC(=O)c1c(O)nc2cccc3C(=O)c4ccccc4-c1c23
BR00117012,J14,val,2020_11_04_CPJUMP1,compound,U2OS,48,DMSO,negcon,DMSO,,,,,,,,
BR00117012,J15,val,2020_11_04_CPJUMP1,compound,U2OS,48,BRD-K09295674-001-09-8,trt,DMSO,carzenide,CA14,CA1|CA12|CA14|CA2|CA6|CA9,,0.0,trt,8739.0,NS(=O)(=O)c1ccc(cc1)C(O)=O
BR00117012,J16,val,2020_11_04_CPJUMP1,compound,U2OS,48,BRD-K25311561-001-10-7,trt,DMSO,KU-55933,ATM,ATM|PRKDC,ATM kinase inhibitor,97.7,trt,5278396.0,O=c1cc(oc(c1)-c1cccc2Sc3ccccc3Sc12)N1CCOCC1
BR00117012,J17,val,2020_11_04_CPJUMP1,compound,U2OS,48,BRD-K24696047-001-02-3,trt,DMSO,NVP-AEW541,IGF1R,IGF1R|INSR,IGF-1 inhibitor,95.3,control,,Nc1ncnc2n(cc(-c3cccc(OCc4ccccc4)c3)c12)[C@@H]1C[C@H](CN2CCC2)C1
BR00117012,J18,val,2020_11_04_CPJUMP1,compound,U2OS,48,BRD-K78692225-001-24-5,trt,DMSO,leflunomide,PTK2B,AHR|DHODH|PTK2B,dihydroorotate dehydrogenase inhibitor|PDGFR tyrosine kinase receptor inhibitor,87.4,trt,3899.0,Cc1oncc1C(=O)Nc1ccc(cc1)C(F)(F)F
BR00117012,J19,val,2020_11_04_CPJUMP1,compound,U2OS,48,DMSO,negcon,DMSO,,,,,,,,
BR00117012,J20,val,2020_11_04_CPJUMP1,compound,U2OS,48,BRD-K03406345-001-21-1,trt,DMSO,azacitidine,DNMT3A,DNMT1|DNMT3A,DNA methyltransferase inhibitor,0.0,control,9444.0,Nc1ncn([C@@H]2O[C@H](CO)[C@@H](O)[C@H]2O)c(=O)n1
BR00117012,J21,val,2020_11_04_CPJUMP1,compound,U2OS,48,BRD-K03601870-001-01-2,trt,DMSO,ixabepilone,TUBB4B,TUBA1A|TUBA1B|TUBA1C|TUBA3C|TUBA3D|TUBA3E|TUBA4A|TUBB|TUBB1|TUBB2A|TUBB2B|TUBB3|TUBB4A|TUBB4B|TUBB6|TUBB8,microtubule stabilizing agent,93.2,trt,6445540.0,C[C@H]1CCC[C@@]2(C)O[C@H]2C[C@H](NC(=O)C[C@H](O)C(C)(C)C(=O)[C@H](C)[C@H]1O)C(\C)=C\c1csc(C)n1
BR00117012,J22,val,2020_11_04_CPJUMP1,compound,U2OS,48,BRD-K66430217-001-03-8,trt,DMSO,KH-CB19,CLK1,CLK1|CLK3|DYRK1A,CDC inhibitor,44.5,control,44237094.0,CCOC(=O)c1c(\C(=C/N)C#N)c2ccc(Cl)c(Cl)c2n1C
BR00117012,J23,val,2020_11_04_CPJUMP1,compound,U2OS,48,DMSO,negcon,DMSO,,,,,,,,
BR00117012,J24,val,2020_11_04_CPJUMP1,compound,U2OS,48,BRD-K02554563-001-01-6,trt,DMSO,PF-05190457,GHSR,GHSR,growth hormone secretagogue receptor inverse agonist,92.4,trt,58438464.0,Cc1cn2cc(CC(=O)N3CCC4(CN(C4)[C@@H]4CCc5cc(ccc45)-c4cc(C)ncn4)CC3)nc2s1
BR00117012,K01,val,2020_11_04_CPJUMP1,compound,U2OS,48,BRD-K59831625-001-03-9,trt,DMSO,LDN-212854,ABL1,ABL1|ACVR1|RIPK2,bone morphogenic protein inhibitor,93.3,trt,60182388.0,C1CN(CCN1)c1ccc(cc1)-c1cnc2c(cnn2c1)-c1cccc2ncccc12
BR00117012,K02,val,2020_11_04_CPJUMP1,compound,U2OS,48,BRD-K55567017-001-12-3,trt,DMSO,formononetin,ADH1C,ADH1C|SLC5A2,alcohol dehydrogenase inhibitor,95.8,trt,5280378.0,COc1ccc(cc1)-c1coc2cc(O)ccc2c1=O
BR00117012,K03,val,2020_11_04_CPJUMP1,compound,U2OS,48,BRD-K07762753-001-05-1,trt,DMSO,aminopurvalanol-a,CDK2,CDK1|CDK2|CDK5|CDK6,CDK inhibitor|tyrosine kinase inhibitor,95.8,control,6604931.0,CC(C)[C@H](CO)Nc1nc(Nc2cc(N)cc(Cl)c2)c2ncn(C(C)C)c2n1
BR00117012,K04,val,2020_11_04_CPJUMP1,compound,U2OS,48,BRD-K53972329-001-01-3,trt,DMSO,ruxolitinib,JAK1,JAK1|JAK2|JAK3|TYK2,JAK inhibitor,97.4,control,25126798.0,N#CC[C@H](C1CCCC1)n1cc(cn1)-c1ncnc2[nH]ccc12
BR00117012,K05,val,2020_11_04_CPJUMP1,compound,U2OS,48,DMSO,negcon,DMSO,,,,,,,,
BR00117012,K06,val,2020_11_04_CPJUMP1,compound,U2OS,48,DMSO,negcon,DMSO,,,,,,,,
BR00117012,K07,val,2020_11_04_CPJUMP1,compound,U2OS,48,BRD-K16810791-001-01-0,trt,DMSO,LGK-974,PORCN,PORCN,porcupine inhibitor,95.7,trt,46926973.0,Cc1cc(ccn1)-c1ncc(CC(=O)Nc2ccc(cn2)-c2cnccn2)cc1C
BR00117012,K08,val,2020_11_04_CPJUMP1,compound,U2OS,48,BRD-K43236057-001-07-1,trt,DMSO,polydatin,ICAM1,ICAM1,ICAM1 expression inhibitor,0.0,trt,5281718.0,OC[C@H]1O[C@@H](Oc2cc(O)cc(\C=C\c3ccc(O)cc3)c2)[C@H](O)[C@@H](O)[C@@H]1O
BR00117012,K09,val,2020_11_04_CPJUMP1,compound,U2OS,48,BRD-A51831848-001-01-7,trt,DMSO,enflurane,ATP5F1D,ATP2C1|ATP5F1D|GABRA1|GABRA2|GABRA3|GABRA4|GABRA5|GABRA6|GABRB1|GABRB2|GABRB3|GABRD|GABRE|GABRG1|GABRG2|GABRG3|GABRP|GABRQ|GLRA1|GLRB|GRIA1|KCNA1|KCNK10|KCNK18|KCNK2|KCNK3|KCNK9|KCNN4,membrane permeability inhibitor,0.0,trt,3226.0,FC(F)OC(F)(F)C(F)Cl
BR00117012,K10,val,2020_11_04_CPJUMP1,compound,U2OS,48,BRD-K13094524-001-04-2,trt,DMSO,PFI-1,BRD4,BRD4,bromodomain inhibitor,7.6,control,71271629.0,COc1ccccc1S(=O)(=O)Nc1ccc2NC(=O)N(C)Cc2c1
BR00117012,K11,val,2020_11_04_CPJUMP1,compound,U2OS,48,BRD-K86525559-001-07-8,trt,DMSO,AZD7762,CHEK2,CHEK1|CHEK2,CHK inhibitor,87.8,control,11152667.0,NC(=O)Nc1cc(sc1C(=O)N[C@H]1CCCNC1)-c1cccc(F)c1
BR00117012,K12,val,2020_11_04_CPJUMP1,compound,U2OS,48,BRD-K16761703-001-03-8,trt,DMSO,sotrastaurin,PRKCE,PRKCA|PRKCB|PRKCD|PRKCE|PRKCH|PRKCQ,PKC inhibitor,96.6,trt,10296883.0,CN1CCN(CC1)c1nc(C2=C(C(=O)NC2=O)c2c[nH]c3ccccc23)c2ccccc2n1
BR00117012,K13,val,2020_11_04_CPJUMP1,compound,U2OS,48,DMSO,negcon,DMSO,,,,,,,,
BR00117012,K14,val,2020_11_04_CPJUMP1,compound,U2OS,48,BRD-K36055864-001-20-0,trt,DMSO,cycloheximide,RPL3,RPL3,protein synthesis inhibitor,79.6,trt,6197.0,C[C@H]1C[C@H](C)C(=O)[C@@H](C1)[C@H](O)CC1CC(=O)NC(=O)C1
BR00117012,K15,val,2020_11_04_CPJUMP1,compound,U2OS,48,BRD-K25243230-001-01-2,trt,DMSO,oxytocin,AVPR1A,AVPR1A|AVPR1B|AVPR2|OXTR,oxytocin receptor agonist,55.5,trt,439302.0,CC[C@H](C)[C@@H]1NC(=O)[C@H](Cc2ccc(O)cc2)NC(=O)[C@@H](N)CSSC[C@H](NC(=O)[C@H](CC(N)=O)NC(=O)[C@H](CCC(N)=O)NC1=O)C(=O)N1CCC[C@H]1C(=O)N[C@@H](CC(C)C)C(=O)NCC(N)=O
BR00117012,K16,val,2020_11_04_CPJUMP1,compound,U2OS,48,DMSO,negcon,DMSO,,,,,,,,
BR00117012,K17,val,2020_11_04_CPJUMP1,compound,U2OS,48,BRD-K00259736-001-16-4,trt,DMSO,colchicine,TUBB3,GLRA1|GLRA2|TUBA1A|TUBA1B|TUBA1C|TUBA3C|TUBA3D|TUBA3E|TUBA4A|TUBB|TUBB1|TUBB2A|TUBB2B|TUBB3|TUBB4A|TUBB4B|TUBB6|TUBB8,microtubule inhibitor,94.3,trt,6167.0,COc1cc2CC[C@H](NC(C)=O)c3cc(=O)c(OC)ccc3-c2c(OC)c1OC
BR00117012,K18,val,2020_11_04_CPJUMP1,compound,U2OS,48,BRD-K04210847-001-21-9,trt,DMSO,afimoxifene,PLD1,ESR1|ESR2|ESRRG|PLD1|PRKCD|PRKCE|PRKCQ|PRKCZ,estrogen receptor antagonist,47.2,trt,449459.0,CC\C(c1ccccc1)=C(/c1ccc(O)cc1)c1ccc(OCCN(C)C)cc1
BR00117012,K19,val,2020_11_04_CPJUMP1,compound,U2OS,48,DMSO,negcon,DMSO,,,,,,,,
BR00117012,K20,val,2020_11_04_CPJUMP1,compound,U2OS,48,BRD-K33882852-003-02-8,trt,DMSO,ZK-93423,GABRB2,GABRA1|GABRA2|GABRA3|GABRA5|GABRB2|GABRG2,benzodiazepine receptor agonist,94.9,control,121926.0,CCOC(=O)c1ncc2[nH]c3ccc(OCc4ccccc4)cc3c2c1COC
BR00117012,K21,val,2020_11_04_CPJUMP1,compound,U2OS,48,BRD-K20986415-001-02-6,trt,DMSO,RGB-286638,CDK9,CDK1|CDK2|CDK3|CDK4|CDK5|CDK6|CDK7|CDK9|FLT3|GSK3B|JAK2|MAP3K7|MAPK9,CDK inhibitor,91.9,trt,11285002.0,COCCN1CCN(Cc2ccc(cc2)-c2n[nH]c3-c4cccc(NC(=O)NN5CCOCC5)c4C(=O)c23)CC1
BR00117012,K22,val,2020_11_04_CPJUMP1,compound,U2OS,48,BRD-K87691185-001-01-2,trt,DMSO,FPS-ZM1,AGER,AGER,RAGE receptor antagonist,94.4,trt,24752728.0,Clc1ccc(cc1)C(=O)N(Cc1ccccc1)C1CCCCC1
BR00117012,K23,val,2020_11_04_CPJUMP1,compound,U2OS,48,BRD-K56740996-001-02-1,trt,DMSO,flindokalner,KCNMA1,KCNMA1|KCNN4|KCNQ2|KCNQ4|KCNQ5,potassium channel agonist,98.3,trt,214350.0,COc1ccc(Cl)cc1[C@]1(F)C(=O)Nc2cc(ccc12)C(F)(F)F
BR00117012,K24,val,2020_11_04_CPJUMP1,compound,U2OS,48,BRD-K99616396-316-05-3,trt,DMSO,motesanib,KDR,FLT1|FLT4|KDR|KIT,KIT inhibitor|PDGFR tyrosine kinase receptor inhibitor|VEGFR inhibitor,59.5,trt,11667893.0,CC1(C)CNc2cc(NC(=O)c3cccnc3NCc3ccncc3)ccc12
BR00117012,L01,val,2020_11_04_CPJUMP1,compound,U2OS,48,BRD-K43570081-001-02-4,trt,DMSO,geldanamycin,HSP90AB1,HSP90AA1|HSP90AB1,HSP inhibitor,2.6,trt,13017912.0,CO[C@H]1C[C@H](C)CC2=C(OC)C(=O)C=C(NC(=O)\C(C)=C\C=C\[C@H](OC)[C@@H](OC(N)=O)\C(C)=C\[C@H](C)[C@H]1O)C2=O
BR00117012,L02,val,2020_11_04_CPJUMP1,compound,U2OS,48,DMSO,negcon,DMSO,,,,,,,,
BR00117012,L03,val,2020_11_04_CPJUMP1,compound,U2OS,48,BRD-K32292990-001-03-6,trt,DMSO,CGP-53353,PRKCB,EGFR|PRKCB,EGFR inhibitor|PKC inhibitor,95.7,trt,6711154.0,Fc1ccc(Nc2cc3C(=O)NC(=O)c3cc2Nc2ccc(F)cc2)cc1
BR00117012,L04,val,2020_11_04_CPJUMP1,compound,U2OS,48,BRD-K45293975-001-02-0,trt,DMSO,7-hydroxystaurosporine,PDPK1,CHEK1|MARK3|PDPK1,CDK inhibitor|CHK inhibitor|PKC inhibitor,3.5,trt,3078519.0,CN[C@@H]1C[C@H]2O[C@@](C)([C@@H]1OC)n1c3ccccc3c3c4[C@H](O)NC(=O)c4c4c5ccccc5n2c4c13
BR00117012,L05,val,2020_11_04_CPJUMP1,compound,U2OS,48,DMSO,negcon,DMSO,,,,,,,,
BR00117012,L06,val,2020_11_04_CPJUMP1,compound,U2OS,48,DMSO,negcon,DMSO,,,,,,,,
BR00117012,L07,val,2020_11_04_CPJUMP1,compound,U2OS,48,BRD-K37355418-236-01-6,trt,DMSO,efaproxiral,HBB,HBA1|HBB,haemoglobin oxygen release stimulant,97.3,trt,122335.0,Cc1cc(C)cc(NC(=O)Cc2ccc(OC(C)(C)C(O)=O)cc2)c1
BR00117012,L08,val,2020_11_04_CPJUMP1,compound,U2OS,48,BRD-A37704979-001-12-3,trt,DMSO,SB-203580,MAPK14,AKT1|ALOX5|CHEK1|CYP2D6|CYP3A4|GAK|GSK3B|LCK|MAPK1|MAPK10|MAPK11|MAPK12|MAPK14|MAPK8|MAPK9|PRKCA|RAF1|RIPK2|ROCK1|RPS6KB1|SGK1|SRC|TNF,p38 MAPK inhibitor,98.9,control,176155.0,CS(=O)c1ccc(cc1)-c1nc(c([nH]1)-c1ccncc1)-c1ccc(F)cc1
BR00117012,L09,val,2020_11_04_CPJUMP1,compound,U2OS,48,BRD-K58550667-001-08-7,trt,DMSO,FK-866,NAMPT,NAMPT,niacinamide phosphoribosyltransferase inhibitor,93.7,control,6914657.0,O=C(NCCCCC1CCN(CC1)C(=O)c1ccccc1)\C=C\c1cccnc1
BR00117012,L10,val,2020_11_04_CPJUMP1,compound,U2OS,48,BRD-A91008255-003-24-8,trt,DMSO,bepridil,TNNC1,ATP1A1|CACNA1A|CACNA1H|CACNA2D2|CALM1|KCNQ1|KCNQ4|PDE1A|PDE1B|TNNC1,calcium channel blocker,92.9,trt,2351.0,CC(C)COCC(CN(Cc1ccccc1)c1ccccc1)N1CCCC1
BR00117012,L11,val,2020_11_04_CPJUMP1,compound,U2OS,48,BRD-K59325863-001-04-4,trt,DMSO,delanzomib,CTSG,CMA1|CTSG|CYP3A4|ELANE,proteasome inhibitor,88.1,trt,24800541.0,CC(C)C[C@H](NC(=O)[C@@H](NC(=O)c1cccc(n1)-c1ccccc1)[C@@H](C)O)B(O)O
BR00117012,L12,val,2020_11_04_CPJUMP1,compound,U2OS,48,BRD-K42191735-001-08-7,trt,DMSO,buparlisib,PIK3CG,PIK3CA|PIK3CG,PI3K inhibitor,89.0,control,16654980.0,Nc1cc(c(cn1)-c1cc(nc(n1)N1CCOCC1)N1CCOCC1)C(F)(F)F
BR00117012,L13,val,2020_11_04_CPJUMP1,compound,U2OS,48,BRD-K10843433-001-23-5,trt,DMSO,phenylbutazone,PTGIS,PTGIS|PTGS1|PTGS2,cyclooxygenase inhibitor|prostanoid receptor antagonist,69.8,trt,4781.0,CCCCC1C(=O)N(N(C1=O)c1ccccc1)c1ccccc1
BR00117012,L14,val,2020_11_04_CPJUMP1,compound,U2OS,48,BRD-K97010173-001-04-1,trt,DMSO,deferasirox,CYP3A4,CYP3A4,chelating agent,71.2,trt,,OC(=O)c1ccc(cc1)-n1nc(nc1-c1ccccc1O)-c1ccccc1O
BR00117012,L15,val,2020_11_04_CPJUMP1,compound,U2OS,48,DMSO,negcon,DMSO,,,,,,,,
BR00117012,L16,val,2020_11_04_CPJUMP1,compound,U2OS,48,BRD-K86930074-001-05-0,trt,DMSO,cediranib,CSF1R,CSF1R|FLT1|FLT3|FLT4|KDR|KIT|PDGFRA|PDGFRB,KIT inhibitor|VEGFR inhibitor,76.1,trt,9933475.0,COc1cc2c(Oc3ccc4[nH]c(C)cc4c3F)ncnc2cc1OCCCN1CCCC1
BR00117012,L17,val,2020_11_04_CPJUMP1,compound,U2OS,48,BRD-A31564021-001-02-6,trt,DMSO,isoflurane,ATP5F1D,ATP2C1|ATP5F1D|CALM1|GABRA1|GABRA2|GABRA3|GABRA4|GABRA5|GABRA6|GABRB1|GABRB2|GABRB3|GABRD|GABRE|GABRG1|GABRG2|GABRG3|GABRP|GABRQ|GLRA1|GLRB|GRIA1|KCNA1|KCNK10|KCNK18|KCNK2|KCNK3|KCNK9,inhaled anaesthetic,0.0,trt,3763.0,FC(F)OC(Cl)C(F)(F)F
BR00117012,L18,val,2020_11_04_CPJUMP1,compound,U2OS,48,DMSO,negcon,DMSO,,,,,,,,
BR00117012,L19,val,2020_11_04_CPJUMP1,compound,U2OS,48,BRD-K08893438-001-06-4,trt,DMSO,CCG-50014,RGS4,RGS4|RGS8,G protein signaling inhibitor,74.6,trt,2733079.0,Cc1ccc(cc1)-n1sc(=O)n(Cc2ccc(F)cc2)c1=O
BR00117012,L20,val,2020_11_04_CPJUMP1,compound,U2OS,48,BRD-K93788137-001-04-1,trt,DMSO,PF-431396,PTK2B,PTK2|PTK2B,focal adhesion kinase inhibitor,96.5,trt,11598628.0,CN(c1ccccc1CNc1nc(Nc2ccc3NC(=O)Cc3c2)ncc1C(F)(F)F)S(C)(=O)=O
BR00117012,L21,val,2020_11_04_CPJUMP1,compound,U2OS,48,BRD-K14560436-001-01-4,trt,DMSO,TG-02,CDK9,CDK1|CDK2|CDK7|CDK9|FLT3|JAK2,CDK inhibitor|FLT3 inhibitor|JAK inhibitor,85.7,trt,16739650.0,CN1C\C=C\CCOc2cccc(c2)-c2ccnc(Nc3cccc(C1)c3)n2
BR00117012,L22,val,2020_11_04_CPJUMP1,compound,U2OS,48,BRD-K01826724-003-07-9,trt,DMSO,baclofen,KCTD16,GABBR1|GABBR2|KCTD12|KCTD16|KCTD8,benzodiazepine receptor agonist,0.0,trt,2284.0,NCC(CC(O)=O)c1ccc(Cl)cc1
BR00117012,L23,val,2020_11_04_CPJUMP1,compound,U2OS,48,BRD-A20697603-001-07-2,trt,DMSO,thiostrepton,FOXM1,FOXM1,FOXM1 inhibitor|protein synthesis inhibitor,41.0,trt,101290202.0,CCC(C)C1NC2C=Cc3c(cc(nc3C2O)C(=O)OC(C)C2NC(=O)c3csc(n3)C(NC(=O)C3CSC(=N3)\C(NC(=O)C(NC(=O)c3csc(n3)C3(CCC(=NC3c3csc2n3)c2nc(cs2)C(=O)NC(=C)C(=O)NC(=C)C(N)=O)NC(=O)C(C)NC(=O)C(=C)NC(=O)C(C)NC1=O)C(C)O)=C/C)C(C)(O)C(C)O)C(C)O
BR00117012,L24,val,2020_11_04_CPJUMP1,compound,U2OS,48,BRD-K44067360-001-29-5,trt,DMSO,flufenamic-acid,GJB4,AKR1C3|ANO1|AR|GJA1|GJA10|GJA3|GJA4|GJA5|GJA8|GJA9|GJB1|GJB2|GJB3|GJB4|GJB5|GJB6|GJB7|GJC1|GJC2|GJC3|GJD2|GJD3|GJD4|GJE1|PANX1|PANX2|PANX3|PKD2L1|PTGS1|PTGS2|TRPC5|TRPM2|TRPM5,chloride channel blocker,97.0,trt,3371.0,OC(=O)c1ccccc1Nc1cccc(c1)C(F)(F)F
BR00117012,M01,val,2020_11_04_CPJUMP1,compound,U2OS,48,DMSO,negcon,DMSO,,,,,,,,
BR00117012,M02,val,2020_11_04_CPJUMP1,compound,U2OS,48,BRD-K47557313-001-02-7,trt,DMSO,LY2109761,TGFBR1,TGFBR1|TGFBR2,TGF beta receptor inhibitor,91.9,trt,11655119.0,C(CN1CCOCC1)Oc1ccc2c(ccnc2c1)-c1c(nn2CCCc12)-c1ccccn1
BR00117012,M03,val,2020_11_04_CPJUMP1,compound,U2OS,48,BRD-K67637637-003-11-8,trt,DMSO,olopatadine,S100B,HRH1|S100A1|S100A12|S100A13|S100A2|S100B,histamine receptor antagonist,98.4,trt,25271818.0,CN(C)CC\C=C1\c2ccccc2COc2ccc(CC(O)=O)cc12
BR00117012,M04,val,2020_11_04_CPJUMP1,compound,U2OS,48,DMSO,negcon,DMSO,,,,,,,,
BR00117012,M05,val,2020_11_04_CPJUMP1,compound,U2OS,48,BRD-K20897876-001-11-8,trt,DMSO,castanospermine,GAA,GAA|GBA,glucosidase inhibitor,0.0,trt,54445.0,O[C@H]1CCN2C[C@H](O)[C@@H](O)[C@H](O)[C@@H]12
BR00117012,M06,val,2020_11_04_CPJUMP1,compound,U2OS,48,BRD-K77627880-001-04-0,trt,DMSO,A205804,ICAM1,ICAM1|SELE,ICAM1 expression inhibitor,96.8,trt,9839311.0,Cc1ccc(Sc2cncc3sc(cc23)C(N)=O)cc1
BR00117012,M07,val,2020_11_04_CPJUMP1,compound,U2OS,48,BRD-K72063794-003-01-0,trt,DMSO,VU591,KCNJ1,KCNJ1,potassium channel blocker,95.3,trt,44123657.0,[O-][N+](=O)c1ccc2nc(COCc3nc4ccc(cc4[nH]3)[N+]([O-])=O)[nH]c2c1
BR00117012,M08,val,2020_11_04_CPJUMP1,compound,U2OS,48,BRD-K30177383-001-01-0,trt,DMSO,dalbavancin,PNLIP,PNLIP,bacterial cell wall synthesis inhibitor,79.3,trt,16134627.0,CN[C@@H]1c2ccc(O)c(Oc3cc(O)c(Cl)c(c3)[C@@H]3NC(=O)[C@@H](Cc4ccc(Oc5cc6cc(Oc7ccc(cc7Cl)[C@@H](O)[C@@H]7NC(=O)[C@H](NC(=O)[C@@H]6NC3=O)c3ccc(O)c(c3)-c3c(O[C@H]6O[C@H](CO)[C@@H](O)[C@H](O)[C@@H]6O)cc(O)cc3[C@H](NC7=O)C(=O)NCCCN(C)C)c5O[C@@H]3O[C@@H]([C@@H](O)[C@H](O)[C@H]3NC(=O)CCCCCCCCC(C)C)C(O)=O)cc4)NC1=O)c2
BR00117012,M09,val,2020_11_04_CPJUMP1,compound,U2OS,48,BRD-K45746021-003-01-9,trt,DMSO,CC-401,MAPK8,MAPK8,JNK inhibitor,96.8,trt,10430360.0,C(CN1CCCCC1)Oc1cccc(c1)-c1n[nH]c2ccc(cc12)-c1ncn[nH]1
BR00117012,M10,val,2020_11_04_CPJUMP1,compound,U2OS,48,BRD-K38852836-001-04-9,trt,DMSO,ganetespib,HSP90AA1,HSP90AA1,HSP inhibitor,81.0,control,,CC(C)c1cc(-c2n[nH]c(=O)n2-c2ccc3n(C)ccc3c2)c(O)cc1O
BR00117012,M11,val,2020_11_04_CPJUMP1,compound,U2OS,48,BRD-K93779381-001-01-9,trt,DMSO,ingenol-mebutate,PRKCE,PRKCA|PRKCB|PRKCD|PRKCE|PRKCG,PKC activator,87.5,trt,6918670.0,C\C=C(\C)C(=O)O[C@H]1C(C)=C[C@@]23[C@H](C)C[C@@H]4[C@H]([C@H](C=C(CO)[C@@H](O)[C@]12O)C3=O)C4(C)C
BR00117012,M12,val,2020_11_04_CPJUMP1,compound,U2OS,48,BRD-K78126613-001-27-7,trt,DMSO,menadione,F10,AOX1|BGLAP|F10|F2|F7|F9|GGCX|NQO1|NQO2|PROC|PROS1|PROZ|VKORC1|VKORC1L1,mitochondrial DNA polymerase inhibitor|phosphatase inhibitor,0.0,trt,4055.0,CC1=CC(=O)c2ccccc2C1=O
BR00117012,M13,val,2020_11_04_CPJUMP1,compound,U2OS,48,BRD-K94863486-001-02-2,trt,DMSO,cetilistat,PNLIP,PNLIP,triacylglycerol lipase inhibitor,77.9,trt,9952916.0,CCCCCCCCCCCCCCCCOc1nc2ccc(C)cc2c(=O)o1
BR00117012,M14,val,2020_11_04_CPJUMP1,compound,U2OS,48,BRD-K63430059-001-16-4,trt,DMSO,methoxsalen,CYP1A2,CYP1A1|CYP1A2|CYP2A13|CYP2A6|CYP3A4,DNA synthesis inhibitor,97.7,trt,4114.0,COc1c2occc2cc2ccc(=O)oc12
BR00117012,M15,val,2020_11_04_CPJUMP1,compound,U2OS,48,BRD-K13533483-001-16-2,trt,DMSO,cyclosporine,FPR1,ABCB11|CAMLG|FPR1|PPIA|PPIF|PPP3R2|SLC10A1|SLCO1B1|SLCO1B3,calcineurin inhibitor,97.8,trt,5284373.0,CC[C@@H]1NC(=O)[C@H]([C@H](O)[C@H](C)C\C=C\C)N(C)C(=O)[C@H](C(C)C)N(C)C(=O)[C@H](CC(C)C)N(C)C(=O)[C@H](CC(C)C)N(C)C(=O)[C@@H](C)NC(=O)[C@H](C)NC(=O)[C@H](CC(C)C)N(C)C(=O)[C@@H](NC(=O)[C@H](CC(C)C)N(C)C(=O)CN(C)C1=O)C(C)C
BR00117012,M16,val,2020_11_04_CPJUMP1,compound,U2OS,48,BRD-K81197548-003-01-4,trt,DMSO,NSC-632839,USP1,SENP2|USP1|USP2|USP7,ubiquitin specific protease inhibitor,93.4,control,5351363.0,Cc1ccc(cc1)\C=C1/CNC\C(C1=O)=C/c1ccc(C)cc1
BR00117012,M17,val,2020_11_04_CPJUMP1,compound,U2OS,48,DMSO,negcon,DMSO,,,,,,,,
BR00117012,M18,val,2020_11_04_CPJUMP1,compound,U2OS,48,BRD-K97072811-001-11-4,trt,DMSO,TG-003,CLK1,CLK1|CLK4|DYRK1A|DYRK1B,CLK inhibitor,93.8,control,1893668.0,CCN1\C(Sc2ccc(OC)cc12)=C\C(C)=O
BR00117012,M19,val,2020_11_04_CPJUMP1,compound,U2OS,48,BRD-K52075715-001-06-7,trt,DMSO,oxibendazole,TUBB4B,TUBB|TUBB4B,tubulin polymerization inhibitor,90.9,trt,4622.0,CCCOc1ccc2nc(NC(=O)OC)[nH]c2c1
BR00117012,M20,val,2020_11_04_CPJUMP1,compound,U2OS,48,BRD-K12502280-001-11-4,trt,DMSO,TG-101348,BRD4,BRD4|JAK1|JAK2|JAK3|TYK2,FLT3 inhibitor|JAK inhibitor,80.1,control,16722836.0,Cc1cnc(Nc2ccc(OCCN3CCCC3)cc2)nc1Nc1cccc(c1)S(=O)(=O)NC(C)(C)C
BR00117012,M21,val,2020_11_04_CPJUMP1,compound,U2OS,48,BRD-A63310107-001-04-8,trt,DMSO,miglitol,GAA,GAA|GANAB|GANC|MGAM,glucosidase inhibitor,0.0,trt,6710690.0,OCCN1C[C@@H](O)[C@@H](O)C(O)C1CO
BR00117012,M22,val,2020_11_04_CPJUMP1,compound,U2OS,48,DMSO,negcon,DMSO,,,,,,,,
BR00117012,M23,val,2020_11_04_CPJUMP1,compound,U2OS,48,DMSO,negcon,DMSO,,,,,,,,
BR00117012,M24,val,2020_11_04_CPJUMP1,compound,U2OS,48,BRD-K17849083-001-32-9,trt,DMSO,tranilast,HPGDS,HPGDS|HRH1,angiogenesis inhibitor,97.3,trt,5282230.0,COc1ccc(\C=C\C(=O)Nc2ccccc2C(O)=O)cc1OC
BR00117012,N01,val,2020_11_04_CPJUMP1,compound,U2OS,48,BRD-K70821460-300-02-4,trt,DMSO,4-methylhistamine,HRH4,HRH4,histamine receptor agonist,78.0,trt,37463.0,Cc1nc[nH]c1CCN
BR00117012,N02,val,2020_11_04_CPJUMP1,compound,U2OS,48,BRD-K51485109-001-01-4,trt,DMSO,LDN-27219,TGM2,TGM2,tissue transglutaminase inhibitor,90.3,trt,1150683.0,NNC(=O)CSc1nc2scc(-c3ccccc3)c2c(=O)n1-c1ccccc1
BR00117012,N03,val,2020_11_04_CPJUMP1,compound,U2OS,48,BRD-K91370081-001-25-1,trt,DMSO,anisomycin,RPL23A,SNU13|RPL10L|RPL11|RPL13A|RPL15|RPL19|RPL23|RPL23A|RPL26L1|RPL3|RPL37|RPL8|RSL24D1,DNA synthesis inhibitor,81.5,trt,253602.0,COc1ccc(C[C@H]2NC[C@H](O)[C@H]2OC(C)=O)cc1
BR00117012,N04,val,2020_11_04_CPJUMP1,compound,U2OS,48,BRD-K49350383-001-13-7,trt,DMSO,thioguanine,IMPDH1,IMPDH1|IMPDH2,purine antagonist,0.0,control,2723601.0,Nc1nc2nc[nH]c2c(=S)[nH]1
BR00117012,N05,val,2020_11_04_CPJUMP1,compound,U2OS,48,BRD-K11558771-001-13-9,trt,DMSO,droxinostat,HDAC6,HDAC6|HDAC8,HDAC inhibitor,70.7,trt,568416.0,Cc1cc(Cl)ccc1OCCCC(=O)NO
BR00117012,N06,val,2020_11_04_CPJUMP1,compound,U2OS,48,BRD-K91283740-003-01-6,trt,DMSO,UNC2025,FLT3,FLT3|MERTK,MER tyrosine kinase inhibitor|FLT3 inhibitor,95.7,control,,CCCCNc1ncc2c(cn([C@H]3CC[C@H](O)CC3)c2n1)-c1ccc(CN2CCN(C)CC2)cc1
BR00117012,N07,val,2020_11_04_CPJUMP1,compound,U2OS,48,DMSO,negcon,DMSO,,,,,,,,
BR00117012,N08,val,2020_11_04_CPJUMP1,compound,U2OS,48,DMSO,negcon,DMSO,,,,,,,,
BR00117012,N09,val,2020_11_04_CPJUMP1,compound,U2OS,48,BRD-K21728777-001-02-3,trt,DMSO,AMG900,AURKB,AURKA|AURKB|AURKC,Aurora kinase inhibitor,92.7,control,24856041.0,Cc1csc(c1)-c1nnc(Nc2ccc(Oc3ncccc3-c3ccnc(N)n3)cc2)c2ccccc12
BR00117012,N10,val,2020_11_04_CPJUMP1,compound,U2OS,48,BRD-A23124853-001-01-4,trt,DMSO,PF-06463922,ALK,ALK|FES|ROS1,ALK tyrosine kinase receptor inhibitor,96.8,trt,78162481.0,CC1Oc2cc(cnc2N)-c2c(CN(C)C(=O)c3ccc(F)cc13)nn(C)c2C#N
BR00117012,N11,val,2020_11_04_CPJUMP1,compound,U2OS,48,BRD-K55966568-001-09-6,trt,DMSO,orantinib,AURKB,AURKA|AURKB|EGFR|FGFR1|FGFR2|KDR|PDGFRA|PDGFRB,FGFR inhibitor|PDGFR tyrosine kinase receptor inhibitor|VEGFR inhibitor,95.1,control,5329099.0,Cc1[nH]c(\C=C2/C(=O)Nc3ccccc23)c(C)c1CCC(O)=O
BR00117012,N12,val,2020_11_04_CPJUMP1,compound,U2OS,48,BRD-K71106091-001-09-5,trt,DMSO,fludarabine-phosphate,DCK,DCK|POLA1|POLD1|POLE|RRM1|RRM2|RRM2B,ribonucleotide reductase inhibitor,0.0,trt,30751.0,Nc1nc(F)nc2n(cnc12)[C@@H]1O[C@H](COP(O)(O)=O)[C@@H](O)[C@@H]1O
BR00117012,N13,val,2020_11_04_CPJUMP1,compound,U2OS,48,BRD-K22149900-001-06-2,trt,DMSO,ceritinib,ALK,ALK|FLT3|IGF1R|INSR|TSSK1B,ALK tyrosine kinase receptor inhibitor,52.2,trt,57379345.0,CC(C)Oc1cc(C2CCNCC2)c(C)cc1Nc1ncc(Cl)c(Nc2ccccc2S(=O)(=O)C(C)C)n1
BR00117012,N14,val,2020_11_04_CPJUMP1,compound,U2OS,48,BRD-K28132190-001-02-0,trt,DMSO,NVS-PAK1-1,PAK1,PAK1,p21 activated kinase inhibitor,98.4,control,122187564.0,CC(C)NC(=O)N1CC[C@@H](C1)NC1=Nc2cc(F)ccc2N(CC(F)F)c2ccc(Cl)cc12
BR00117012,N15,val,2020_11_04_CPJUMP1,compound,U2OS,48,BRD-K76674262-001-03-3,trt,DMSO,homoharringtonine,RPL3,RPL3,protein synthesis inhibitor,77.6,trt,285033.0,COC(=O)C[C@](O)(CCCC(C)(C)O)C(=O)O[C@H]1[C@H]2c3cc4OCOc4cc3CCN3CCC[C@]23C=C1OC
BR00117012,N16,val,2020_11_04_CPJUMP1,compound,U2OS,48,BRD-K36461289-001-05-8,trt,DMSO,picrotoxinin,GLRA3,GLRA1|GLRA2|GLRA3|GLRB|HTR3A|HTR3B,GABA receptor antagonist,44.1,trt,7098683.0,CC(=C)[C@@H]1[C@H]2OC(=O)[C@H]1[C@]1(O)C[C@H]3O[C@]33C(=O)O[C@H]2[C@]13C
BR00117012,N17,val,2020_11_04_CPJUMP1,compound,U2OS,48,DMSO,negcon,DMSO,,,,,,,,
BR00117012,N18,val,2020_11_04_CPJUMP1,compound,U2OS,48,BRD-K07881437-001-03-8,trt,DMSO,danusertib,RET,AURKA|AURKB|AURKC|FGFR1|NTRK1|RET|SLK,Aurora kinase inhibitor|growth factor receptor inhibitor,91.5,control,11442891.0,CO[C@@H](C(=O)N1Cc2[nH]nc(NC(=O)c3ccc(cc3)N3CCN(C)CC3)c2C1)c1ccccc1
BR00117012,N19,val,2020_11_04_CPJUMP1,compound,U2OS,48,BRD-K61397605-001-01-8,trt,DMSO,romidepsin,HDAC3,HDAC1|HDAC2|HDAC3|HDAC4|HDAC5|HDAC6|HDAC7|HDAC8|HDAC9,HDAC inhibitor,92.7,control,5352062.0,C\C=C1/NC(=O)[C@H]2CSSCC\C=C\[C@H](CC(=O)N[C@H](C(C)C)C(=O)N2)OC(=O)[C@@H](NC1=O)C(C)C
BR00117012,N20,val,2020_11_04_CPJUMP1,compound,U2OS,48,BRD-K61642990-001-01-0,trt,DMSO,FERb-033,ERBB2,ERBB2,EGFR inhibitor,0.0,control,,O\N=C\c1ccc(-c2ccc(O)c(F)c2)c(Cl)c1O
BR00117012,N21,val,2020_11_04_CPJUMP1,compound,U2OS,48,BRD-K37764012-001-03-3,trt,DMSO,PF-03758309,PAK4,PAK4,p21 activated kinase inhibitor,93.3,control,25227462.0,CN(C)C[C@@H](NC(=O)N1Cc2c(Nc3nc(C)nc4ccsc34)n[nH]c2C1(C)C)c1ccccc1
BR00117012,N22,val,2020_11_04_CPJUMP1,compound,U2OS,48,DMSO,negcon,DMSO,,,,,,,,
BR00117012,N23,val,2020_11_04_CPJUMP1,compound,U2OS,48,BRD-K47978074-001-03-2,trt,DMSO,trometamol,VEGFA,AMD1|CANT1|DCN|NEIL1|VEGFA,,0.0,trt,6503.0,NC(CO)(CO)CO
BR00117012,N24,val,2020_11_04_CPJUMP1,compound,U2OS,48,BRD-K22134346-001-22-3,trt,DMSO,simvastatin,ITGB2,HMGCR|ITGB2,HMGCR inhibitor,0.0,trt,54454.0,CCC(C)(C)C(=O)O[C@H]1C[C@@H](C)C=C2C=C[C@H](C)[C@H](CC[C@@H]3C[C@@H](O)CC(=O)O3)[C@@H]12
BR00117012,O01,val,2020_11_04_CPJUMP1,compound,U2OS,48,BRD-K16542329-001-16-8,trt,DMSO,zaprinast,PDE4D,GPR35|PDE1A|PDE4D|PDE5A|PDE9A,phosphodiesterase inhibitor,98.0,trt,5722.0,CCCOc1ccccc1-c1nc2[nH]nnc2c(=O)[nH]1
BR00117012,O02,val,2020_11_04_CPJUMP1,compound,U2OS,48,BRD-A10188456-001-04-9,trt,DMSO,dexamethasone,ANXA1,ANXA1|NOS2|NR0B1|NR3C1|NR3C2,glucocorticoid receptor agonist,79.3,trt,5702035.0,C[C@@H]1CC2C3CCC4=CC(=O)C=C[C@]4(C)[C@@]3(F)[C@@H](O)C[C@]2(C)[C@@]1(O)C(=O)CO
BR00117012,O03,val,2020_11_04_CPJUMP1,compound,U2OS,48,BRD-K93632104-001-17-2,trt,DMSO,salicylic-acid,AKR1C1,AKR1C1|PTGS1|PTGS2,cyclooxygenase inhibitor,0.0,trt,118212070.0,OC(=O)c1ccccc1O
BR00117012,O04,val,2020_11_04_CPJUMP1,compound,U2OS,48,BRD-A69636825-003-04-7,trt,DMSO,diltiazem,CACNG1,CACNA1C|CACNA1S|CACNA2D1|CACNG1|HTR3A|KCNA5,calcium channel blocker,98.7,trt,3076.0,COc1ccc(cc1)C1Sc2ccccc2N(CCN(C)C)C(=O)C1OC(C)=O
BR00117012,O05,val,2020_11_04_CPJUMP1,compound,U2OS,48,BRD-K19227686-001-18-6,trt,DMSO,phenolphthalein,UGT1A9,UGT1A9,indicator dye,98.4,trt,4764.0,Oc1ccc(cc1)C1(OC(=O)c2ccccc12)c1ccc(O)cc1
BR00117012,O06,val,2020_11_04_CPJUMP1,compound,U2OS,48,BRD-K98763141-001-30-8,trt,DMSO,niflumic-acid,UGT1A9,ANO1|CLCN1|CLCNKA|CLCNKB|KCNQ1|PLA2G1B|PLA2G4A|PTGS1|PTGS2|UGT1A9,cyclooxygenase inhibitor,95.6,trt,4488.0,OC(=O)c1cccnc1Nc1cccc(c1)C(F)(F)F
BR00117012,O07,val,2020_11_04_CPJUMP1,compound,U2OS,48,DMSO,negcon,DMSO,,,,,,,,
BR00117012,O08,val,2020_11_04_CPJUMP1,compound,U2OS,48,BRD-A15397381-001-02-5,trt,DMSO,L-Cystine,SLC7A11,CTNS|SLC3A1|SLC7A11|SLC7A9,,0.0,trt,24798687.0,NC(CSSCC(N)C(O)=O)C(O)=O
BR00117012,O09,val,2020_11_04_CPJUMP1,compound,U2OS,48,BRD-K46625559-001-01-8,trt,DMSO,ozanimod,S1PR1,S1PR1,sphingosine 1 phosphate receptor agonist,96.3,trt,52938427.0,CC(C)Oc1ccc(cc1C#N)-c1nc(no1)-c1cccc2[C@H](CCc12)NCCO
BR00117012,O10,val,2020_11_04_CPJUMP1,compound,U2OS,48,BRD-A10739734-003-09-8,trt,DMSO,efaroxan,ADORA2A,ADORA2A,adrenergic receptor antagonist,94.5,trt,72016.0,CCC1(Cc2ccccc2O1)C1=NCCN1
BR00117012,O11,val,2020_11_04_CPJUMP1,compound,U2OS,48,BRD-K11796549-001-05-2,trt,DMSO,NBQX,GRIN2A,GRIA1|GRIA2|GRIA3|GRIA4|GRIK1|GRIN1|GRIN2A|GRIN2B,glutamate receptor antagonist,0.0,trt,3272524.0,NS(=O)(=O)c1cccc2c1c(cc1[nH]c(=O)c(=O)[nH]c21)[N+]([O-])=O
BR00117012,O12,val,2020_11_04_CPJUMP1,compound,U2OS,48,BRD-K26521938-001-07-2,trt,DMSO,dinoprostone,CATSPER4,CATSPER1|CATSPER2|CATSPER3|CATSPER4|PTGDR|PTGDR2|PTGER1|PTGER2|PTGER3|PTGER4|PTGFR|TBXA2R,prostanoid receptor agonist,34.1,trt,5280360.0,CCCCC[C@H](O)\C=C\[C@H]1[C@H](O)CC(=O)[C@@H]1C\C=C/CCCC(O)=O
BR00117012,O13,val,2020_11_04_CPJUMP1,compound,U2OS,48,BRD-A07207424-001-14-0,trt,DMSO,Ro-20-1724,PDE3A,PDE3A|PDE4A|PDE4B|PDE4C|PDE4D,phosphodiesterase inhibitor,94.9,trt,5087.0,CCCCOc1cc(CC2CNC(=O)N2)ccc1OC
BR00117012,O14,val,2020_11_04_CPJUMP1,compound,U2OS,48,BRD-K72815923-034-02-0,trt,DMSO,xanomeline,CHRM2,CHRM1|CHRM2|CHRM3|CHRM4|CHRM5|HTR1A|HTR1B|HTR1D|HTR1E|HTR1F|HTR2A|HTR2B|HTR2C|HTR6|HTR7,acetylcholine receptor agonist,82.8,trt,60809.0,CCCCCCOc1nsnc1C1=CCCN(C)C1
BR00117012,O15,val,2020_11_04_CPJUMP1,compound,U2OS,48,BRD-K01825589-310-02-9,trt,DMSO,terazosin,KCNH7,ADRA1A|ADRA1B|ADRA1D|KCNH2|KCNH6|KCNH7,adrenergic receptor antagonist,97.6,trt,5401.0,COc1cc2nc(nc(N)c2cc1OC)N1CCN(CC1)C(=O)C1CCCO1
BR00117012,O16,val,2020_11_04_CPJUMP1,compound,U2OS,48,BRD-K68567222-001-01-2,trt,DMSO,BVT-948,PTPN2,PTPN1|PTPN11|PTPN2,tyrosine phosphatase inhibitor,79.7,trt,6604934.0,CC1(C)C(=O)NC2=C1C(=O)C(=O)c1ccccc21
BR00117012,O17,val,2020_11_04_CPJUMP1,compound,U2OS,48,BRD-K01825660-322-01-9,trt,DMSO,nicotine,TBXAS1,CHAT|CHRNA10|CHRNA2|CHRNA3|CHRNA4|CHRNA5|CHRNA6|CHRNA7|CHRNA9|CHRNB2|CHRNB3|CHRNB4|CYP19A1|TBXAS1|TRPA1,acetylcholine receptor agonist,79.6,trt,942.0,CN1CCCC1c1cccnc1
BR00117012,O18,val,2020_11_04_CPJUMP1,compound,U2OS,48,DMSO,negcon,DMSO,,,,,,,,
BR00117012,O19,val,2020_11_04_CPJUMP1,compound,U2OS,48,BRD-K08953028-001-09-6,trt,DMSO,U-0521,COMT,COMT,catechol O methyltransferase inhibitor,78.1,trt,21632.0,CC(C)C(=O)c1ccc(O)c(O)c1
BR00117012,O20,val,2020_11_04_CPJUMP1,compound,U2OS,48,BRD-K20093108-001-02-3,trt,DMSO,BMS-587101,ITGB2,ITGAL|ITGB2,integrin antagonist,90.8,trt,11635371.0,CN1C(=O)N(C(=O)[C@]11CN(Cc2cc(cs2)C(O)=O)C[C@H]1c1ccc(cc1)C#N)c1cc(Cl)cc(Cl)c1
BR00117012,O21,val,2020_11_04_CPJUMP1,compound,U2OS,48,BRD-A58048407-001-20-4,trt,DMSO,nimodipine,CACNB4,AHR|CACNA1C|CACNA1D|CACNA1F|CACNA1S|CACNB1|CACNB2|CACNB3|CACNB4|CFTR|NR3C2,calcium channel blocker,95.4,trt,4497.0,COCCOC(=O)C1=C(C)NC(C)=C(C1c1cccc(c1)[N+]([O-])=O)C(=O)OC(C)C
BR00117012,O22,val,2020_11_04_CPJUMP1,compound,U2OS,48,BRD-K80970344-201-08-6,trt,DMSO,pyrrolidine-dithiocarbamate,HSD11B1,HSD11B1|RELA,NFkB pathway inhibitor,77.3,trt,65351.0,SC(=S)N1CCCC1
BR00117012,O23,val,2020_11_04_CPJUMP1,compound,U2OS,48,BRD-K18289362-001-02-2,trt,DMSO,PF-915275,HSD11B1,HSD11B1,11-beta hydroxysteroid dehydrogenase inhibitor,97.9,trt,23725123.0,Nc1cccc(NS(=O)(=O)c2ccc(cc2)-c2ccc(cc2)C#N)n1
BR00117012,O24,val,2020_11_04_CPJUMP1,compound,U2OS,48,BRD-K43330982-001-02-3,trt,DMSO,JTE-013,S1PR2,P2RY10|S1PR2,lysophospholipid receptor antagonist,30.2,trt,10223146.0,CC(C)c1cc(NNC(=O)Nc2cc(Cl)nc(Cl)c2)nc2n(C)nc(C)c12
BR00117012,P01,val,2020_11_04_CPJUMP1,compound,U2OS,48,BRD-K05878375-236-05-7,trt,DMSO,sodium-butyrate,FFAR2,BCHE|FFAR2|FFAR3|HDAC1|HDAC2|HDAC3|HDAC8,HDAC inhibitor,0.0,trt,264.0,CCCC(O)=O
BR00117012,P02,val,2020_11_04_CPJUMP1,compound,U2OS,48,BRD-K91543828-001-02-0,trt,DMSO,pentostatin,ADA,ADA,adenosine deaminase inhibitor|ribonucleotide reductase inhibitor,0.0,trt,439693.0,OC[C@H]1O[C@H](C[C@@H]1O)n1cnc2[C@H](O)CNC=Nc12
BR00117012,P03,val,2020_11_04_CPJUMP1,compound,U2OS,48,BRD-K48830578-001-01-9,trt,DMSO,OMDM-2,GPR119,GPR119,FAAH inhibitor,87.6,trt,6604915.0,CCCCCCCC\C=C/CCCCCCCC(=O)N[C@@H](CO)Cc1ccc(O)cc1
BR00117012,P04,val,2020_11_04_CPJUMP1,compound,U2OS,48,BRD-A72767275-003-01-6,trt,DMSO,nalmefene,OPRM1,OPRD1|OPRK1|OPRM1,opioid receptor antagonist,86.5,trt,4422.0,Oc1ccc2CC3N(CC4CC4)CCC45C(Oc1c24)C(=C)CCC35O
BR00117012,P05,val,2020_11_04_CPJUMP1,compound,U2OS,48,DMSO,negcon,DMSO,,,,,,,,
BR00117012,P06,val,2020_11_04_CPJUMP1,compound,U2OS,48,BRD-K70586315-001-02-4,trt,DMSO,1-EBIO,KCNN1,KCNN1|KCNN2|KCNN3|KCNN4,potassium channel activator,94.9,trt,82320.0,CCn1c2ccccc2[nH]c1=O
BR00117012,P07,val,2020_11_04_CPJUMP1,compound,U2OS,48,BRD-K40109029-001-02-9,trt,DMSO,SB-505124,TGFBR1,TGFBR1,ALK tyrosine kinase receptor inhibitor,95.4,trt,9858940.0,Cc1cccc(n1)-c1[nH]c(nc1-c1ccc2OCOc2c1)C(C)(C)C
BR00117012,P08,val,2020_11_04_CPJUMP1,compound,U2OS,48,BRD-A83029242-001-06-1,trt,DMSO,prasugrel,P2RY12,P2RY12,purinergic receptor antagonist,77.4,trt,6918456.0,CC(=O)Oc1cc2CN(CCc2s1)C(C(=O)C1CC1)c1ccccc1F
BR00117012,P09,val,2020_11_04_CPJUMP1,compound,U2OS,48,BRD-K57313110-001-06-8,trt,DMSO,pidolic-acid,VEGFA,ADAM28|AMY1A|AMY2A|AMY2B|ANG|CCL8|HCRT|IGLC1|KRTAP5-2|TFF2|VEGFA,,0.0,trt,7405.0,OC(=O)[C@@H]1CCC(=O)N1
BR00117012,P10,val,2020_11_04_CPJUMP1,compound,U2OS,48,DMSO,negcon,DMSO,,,,,,,,
BR00117012,P11,val,2020_11_04_CPJUMP1,compound,U2OS,48,BRD-K15502390-001-20-9,trt,DMSO,nevirapine,CYP2A6,CYP1A2|CYP2A6|CYP2B6|CYP2C9|CYP2D6|CYP3A4|CYP3A5,non-nucleoside reverse transcriptase inhibitor,95.9,trt,4463.0,Cc1ccnc2c1NC(=O)c1cccnc1N2C1CC1
BR00117012,P12,val,2020_11_04_CPJUMP1,compound,U2OS,48,BRD-K92049597-001-20-8,trt,DMSO,triamterene,SCNN1G,SCNN1A|SCNN1B|SCNN1D|SCNN1G,sodium channel blocker,94.6,trt,5546.0,Nc1nc(N)c2nc(-c3ccccc3)c(N)nc2n1
BR00117012,P13,val,2020_11_04_CPJUMP1,compound,U2OS,48,BRD-K16730910-001-07-3,trt,DMSO,regorafenib,DDR2,ABL1|BRAF|DDR2|EPHA2|FGFR1|FGFR2|FLT1|FLT4|FRK|KDR|KIT|MAPK11|NTRK1|PDGFRA|PDGFRB|RAF1|RET|TEK,FGFR inhibitor|KIT inhibitor|PDGFR tyrosine kinase receptor inhibitor|RAF inhibitor|RET tyrosine kinase inhibitor|VEGFR inhibitor,93.5,trt,11167602.0,CNC(=O)c1cc(Oc2ccc(NC(=O)Nc3ccc(Cl)c(c3)C(F)(F)F)c(F)c2)ccn1
BR00117012,P14,val,2020_11_04_CPJUMP1,compound,U2OS,48,BRD-A09722536-002-18-0,trt,DMSO,cyclophosphamide,CYP2A6,CYP2A6|CYP2B6|CYP2C18|CYP2C19|CYP2C8|CYP2C9|CYP2D6|CYP3A4|CYP3A5|CYP3A7,DNA alkylating agent,2.8,trt,2907.0,ClCCN(CCCl)P1(=O)NCCCO1
BR00117012,P15,val,2020_11_04_CPJUMP1,compound,U2OS,48,BRD-K18895904-001-16-1,trt,DMSO,olanzapine,CHRM2,ADRA1A|ADRA1B|ADRA2A|ADRA2B|ADRA2C|ADRB1|ADRB2|ADRB3|CHRM1|CHRM2|CHRM3|CHRM4|CHRM5|DRD1|DRD2|DRD3|DRD4|DRD5|GABRA1|GABRA2|GABRA3|GABRA4|GABRA5|GABRA6|GABRB1|GABRB2|GABRB3|GABRD|GABRE|GABRG1|GABRG2|GABRG3|GABRP|GABRQ|HRH1|HRH2|HRH4|HTR1A|HTR1B|HTR1D|HTR1E|HTR1F|HTR2A|HTR2B|HTR2C|HTR3A|HTR5A|HTR6|HTR7,dopamine receptor antagonist|serotonin receptor antagonist,91.8,trt,,CN1CCN(CC1)C1=Nc2ccccc2Nc2sc(C)cc12
BR00117012,P16,val,2020_11_04_CPJUMP1,compound,U2OS,48,BRD-A25569250-001-03-3,trt,DMSO,KI-16425,LPAR1,LPAR1|LPAR3,lysophosphatidic acid receptor antagonist,95.5,trt,10367662.0,CC(OC(=O)Nc1c(C)noc1-c1ccc(CSCCC(O)=O)cc1)c1ccccc1Cl
BR00117012,P17,val,2020_11_04_CPJUMP1,compound,U2OS,48,BRD-K29895144-001-01-0,trt,DMSO,SKLB1002,KDR,KDR,VEGFR inhibitor,97.3,trt,71461003.0,COc1cc2ncnc(Sc3nnc(C)s3)c2cc1OC
BR00117012,P18,val,2020_11_04_CPJUMP1,compound,U2OS,48,BRD-K67017579-001-28-1,trt,DMSO,cilostazol,PDE3A,PDE3A|PDE3B,phosphodiesterase inhibitor,96.2,trt,2754.0,O=C1CCc2cc(OCCCCc3nnnn3C3CCCCC3)ccc2N1
BR00117012,P19,val,2020_11_04_CPJUMP1,compound,U2OS,48,BRD-K77060810-001-01-5,trt,DMSO,AZD1283,P2RY12,P2RY12,purinergic receptor antagonist,94.0,trt,23649325.0,CCOC(=O)c1cc(C#N)c(nc1C)N1CCC(CC1)C(=O)NS(=O)(=O)Cc1ccccc1
BR00117012,P20,val,2020_11_04_CPJUMP1,compound,U2OS,48,BRD-K68982262-001-01-4,trt,DMSO,A-987306,CCR1,ADORA1|AVPR1A|CCR1|CHRM1|CHRM2|CHRM3|CHRM4|DRD3|HTR1A|HTR1B|HTR2A|HTR2B|HTR3A|TACR2,histamine receptor antagonist,92.2,trt,25109291.0,Nc1nc(N2CCNCC2)c2CCC3=C([C@@H]4CCCC[C@@H]4O3)c2n1
BR00117012,P21,val,2020_11_04_CPJUMP1,compound,U2OS,48,BRD-K24616672-003-20-1,trt,DMSO,procaine,HTR3A,CHRNA2|GRIN3A|HTR3A|KCNMA1|KCNMB1|KCNMB2|KCNMB3|KCNMB4|KCNN1|KCNN2|KCNN3|KCNN4|MAOA|MAOB|RYR1|RYR2|SCN10A|SLC6A3,HMGCR inhibitor,96.0,trt,4914.0,CCN(CC)CCOC(=O)c1ccc(N)cc1
BR00117012,P22,val,2020_11_04_CPJUMP1,compound,U2OS,48,BRD-A82396632-008-30-8,trt,DMSO,miconazole,KCNN1,KCNH2|KCNH6|KCNH7|KCNMA1|KCNMB1|KCNMB2|KCNMB3|KCNMB4|KCNN1|KCNN2|KCNN3|KCNN4|NOS2|NOS3|TRPM2|TRPV5,bacterial cell wall synthesis inhibitor,94.9,trt,4189.0,Clc1ccc(COC(Cn2ccnc2)c2ccc(Cl)cc2Cl)c(Cl)c1
BR00117012,P23,val,2020_11_04_CPJUMP1,compound,U2OS,48,BRD-K61250553-003-30-6,trt,DMSO,loperamide,OPRM1,CACNA1A|CALM1|OPRD1|OPRK1|OPRM1|POMC,opioid receptor agonist,97.5,trt,3955.0,CN(C)C(=O)C(CCN1CCC(O)(CC1)c1ccc(Cl)cc1)(c1ccccc1)c1ccccc1
BR00117012,P24,val,2020_11_04_CPJUMP1,compound,U2OS,48,BRD-K70358946-001-17-3,trt,DMSO,aripiprazole,HTR3A,ADRA1A|ADRA1B|ADRA2A|ADRA2B|ADRA2C|CHRM1|CHRM2|CHRM3|CHRM4|CHRM5|DRD1|DRD2|DRD3|DRD4|DRD5|HRH1|HTR1A|HTR1B|HTR1D|HTR1E|HTR2A|HTR2C|HTR3A|HTR6|HTR7,serotonin receptor agonist|serotonin receptor antagonist,96.6,trt,60795.0,Clc1cccc(N2CCN(CCCCOc3ccc4CCC(=O)Nc4c3)CC2)c1Cl
BR00117013,A01,test,2020_11_04_CPJUMP1,compound,U2OS,48,BRD-A86665761-001-01-1,trt,DMSO,gabapentin-enacarbil,CACNB4,CACNA1A|CACNA1B|CACNA1C|CACNA1D|CACNA1E|CACNA1F|CACNA1G|CACNA1H|CACNA1I|CACNA1S|CACNA2D1|CACNA2D2|CACNA2D3|CACNA2D4|CACNB1|CACNB2|CACNB3|CACNB4|CACNG1|CACNG2|CACNG3|CACNG4|CACNG5|CACNG6|CACNG7|CACNG8,adrenergic receptor agonist,7.6,trt,9883933.0,CC(C)C(=O)OC(C)OC(=O)NCC1(CC(O)=O)CCCCC1
BR00117013,A02,test,2020_11_04_CPJUMP1,compound,U2OS,48,DMSO,negcon,DMSO,,,,,,,,
BR00117013,A03,test,2020_11_04_CPJUMP1,compound,U2OS,48,BRD-A22032524-074-09-9,trt,DMSO,amlodipine,CACNA2D3,CA1|CACNA1B|CACNA1C|CACNA1D|CACNA1F|CACNA1S|CACNA2D1|CACNA2D3|CACNB1|CACNB2|SMPD1,calcium channel blocker,97.4,trt,2162.0,CCOC(=O)C1=C(COCCN)NC(C)=C(C1c1ccccc1Cl)C(=O)OC
BR00117013,A04,test,2020_11_04_CPJUMP1,compound,U2OS,48,BRD-A01078468-001-14-8,trt,DMSO,hexestrol,AKR1C1,AKR1C1|ESR1|ESR2,synthetic estrogen,84.3,trt,3606.0,CCC(C(CC)c1ccc(O)cc1)c1ccc(O)cc1
BR00117013,A05,test,2020_11_04_CPJUMP1,compound,U2OS,48,BRD-K48278478-001-01-2,trt,DMSO,quinine,KCNN4,GP9|KCNB2|KCNN4|SLC29A4,hemozoin biocrystallization inhibitor,88.7,trt,94175.0,COc1ccc2nccc([C@@H](O)[C@H]3C[C@@H]4CC[N@]3C[C@@H]4C=C)c2c1
BR00117013,A06,test,2020_11_04_CPJUMP1,compound,U2OS,48,BRD-K36574127-001-01-3,trt,DMSO,LOXO-101,NTRK1,NTRK1|NTRK2|NTRK3,tropomyosin receptor kinase inhibitor,94.6,trt,46188928.0,O[C@H]1CCN(C1)C(=O)Nc1cnn2ccc(nc12)N1CCC[C@@H]1c1cc(F)ccc1F
BR00117013,A07,test,2020_11_04_CPJUMP1,compound,U2OS,48,BRD-K74913225-001-14-0,trt,DMSO,brinzolamide,CA5A,CA1|CA12|CA14|CA2|CA4|CA5A|CA7,carbonic anhydrase inhibitor,0.0,trt,68844.0,CCN[C@H]1CN(CCCOC)S(=O)(=O)c2sc(cc12)S(N)(=O)=O
BR00117013,A08,test,2020_11_04_CPJUMP1,compound,U2OS,48,BRD-K94342292-001-01-3,trt,DMSO,NS-11021,KCNMA1,KCNMA1,calcium-activated potassium channel activator,0.0,trt,24825677.0,FC(F)(F)c1cc(NC(=S)Nc2ccc(Br)cc2-c2nnn[nH]2)cc(c1)C(F)(F)F
BR00117013,A09,test,2020_11_04_CPJUMP1,compound,U2OS,48,DMSO,negcon,DMSO,,,,,,,,
BR00117013,A10,test,2020_11_04_CPJUMP1,compound,U2OS,48,BRD-K19975102-001-01-2,trt,DMSO,GNF-5837,NTRK1,NTRK1|NTRK2|NTRK3,growth factor receptor inhibitor,75.8,trt,59397065.0,Cc1ccc(NC(=O)Nc2cc(ccc2F)C(F)(F)F)cc1Nc1ccc2c(NC(=O)\C2=C/c2ccc[nH]2)c1
BR00117013,A11,test,2020_11_04_CPJUMP1,compound,U2OS,48,BRD-K25244359-066-02-6,trt,DMSO,apatinib,CSK,CSK|KDR|KIT|RET,RET tyrosine kinase inhibitor,63.4,trt,11315474.0,O=C(Nc1ccc(cc1)C1(CCCC1)C#N)c1cccnc1NCc1ccncc1
BR00117013,A12,test,2020_11_04_CPJUMP1,compound,U2OS,48,BRD-K18131774-001-18-4,trt,DMSO,ethoxzolamide,CA5A,CA1|CA12|CA13|CA14|CA2|CA3|CA4|CA5A|CA5B|CA6|CA7|CA9,carbonic anhydrase inhibitor,79.2,trt,3295.0,CCOc1ccc2nc(sc2c1)S(N)(=O)=O
BR00117013,A13,test,2020_11_04_CPJUMP1,compound,U2OS,48,BRD-A85242401-001-11-5,trt,DMSO,ascorbic-acid,P3H1,ALKBH2|ALKBH3|BBOX1|DBH|EGLN1|EGLN2|EGLN3|KDM5D|LCT|OGFOD1|OGFOD2|P3H1|P3H2|P3H3|P4HA1|P4HTM|PAM|PHYH|PLOD1|PLOD2|PLOD3|SLC23A1|SLC23A2|TMLHE,antioxidant,0.0,trt,9888239.0,OC[C@H](O)[C@H]1OC(=O)C(=O)C1O
BR00117013,A14,test,2020_11_04_CPJUMP1,compound,U2OS,48,BRD-K06426971-001-02-7,trt,DMSO,ryuvidine,CDK4,CDK2|CDK4,histone lysine methyltransferase inhibitor,90.8,trt,481747.0,Cc1nc2c(s1)C(=O)C=C(Nc1ccc(C)cc1)C2=O
BR00117013,A15,test,2020_11_04_CPJUMP1,compound,U2OS,48,BRD-K47049295-300-03-1,trt,DMSO,BAN-ORL-24,OPRL1,OPRL1,nociceptin/orphanin FQ receptor antagonist,81.7,trt,10296561.0,O=C(NCCCN1CCC2(CC1)OCc1ccccc21)[C@H]1CCCN1Cc1ccccc1
BR00117013,A16,test,2020_11_04_CPJUMP1,compound,U2OS,48,BRD-K78122587-300-04-3,trt,DMSO,NNC-55-0396,CATSPER4,CATSPER1|CATSPER2|CATSPER3|CATSPER4,T-type calcium channel blocker,95.9,trt,9957280.0,CC(C)[C@H]1c2ccc(F)cc2CC[C@@]1(CCN(C)CCCc1nc2ccccc2[nH]1)OC(=O)C1CC1
BR00117013,A17,test,2020_11_04_CPJUMP1,compound,U2OS,48,DMSO,negcon,DMSO,,,,,,,,
BR00117013,A18,test,2020_11_04_CPJUMP1,compound,U2OS,48,BRD-K50199947-001-03-4,trt,DMSO,WH-4-023,LCK,LCK|SRC,src inhibitor,84.1,trt,11844351.0,COc1ccc(N(C(=O)Oc2c(C)cccc2C)c2ccnc(Nc3ccc(cc3)N3CCN(C)CC3)n2)c(OC)c1
BR00117013,A19,test,2020_11_04_CPJUMP1,compound,U2OS,48,BRD-K50720187-051-03-1,trt,DMSO,flupirtine,KCNQ2,ADRA2A|KCNQ1|KCNQ2,glutamate receptor antagonist,8.9,trt,53276.0,CCOC(=O)Nc1ccc(NCc2ccc(F)cc2)nc1N
BR00117013,A20,test,2020_11_04_CPJUMP1,compound,U2OS,48,BRD-K91825936-001-03-9,trt,DMSO,ZK811752,CCR1,CCR1,CC chemokine receptor antagonist,99.1,trt,512282.0,C[C@@H]1CN(Cc2ccc(F)cc2)CCN1C(=O)COc1ccc(Cl)cc1NC(N)=O
BR00117013,A21,test,2020_11_04_CPJUMP1,compound,U2OS,48,BRD-K38775274-001-22-1,trt,DMSO,dexamethasone,ANXA1,ANXA1|NOS2|NR0B1|NR3C1|NR3C2,glucocorticoid receptor agonist,87.6,trt,5743.0,C[C@@H]1C[C@H]2[C@@H]3CCC4=CC(=O)C=C[C@]4(C)[C@@]3(F)[C@@H](O)C[C@]2(C)[C@@]1(O)C(=O)CO
BR00117013,A22,test,2020_11_04_CPJUMP1,compound,U2OS,48,BRD-K47598052-001-14-1,trt,DMSO,PP-1,HCK,HCK|RET,src inhibitor,97.8,trt,1400.0,Cc1ccc(cc1)-c1nn(c2ncnc(N)c12)C(C)(C)C
BR00117013,A23,test,2020_11_04_CPJUMP1,compound,U2OS,48,BRD-K61845293-300-01-9,trt,DMSO,DDR1-IN-1,DDR2,DDR1|DDR2,discoidin domain receptor inhibitor,97.5,trt,72836888.0,CCN1CCN(Cc2ccc(cc2C(F)(F)F)C(=O)Nc2ccc(C)c(Oc3ccc4NC(=O)Cc4c3)c2)CC1
BR00117013,A24,test,2020_11_04_CPJUMP1,compound,U2OS,48,BRD-K87782578-001-01-4,trt,DMSO,AVL-292,BTK,BTK|YES1,Bruton's tyrosine kinase (BTK) inhibitor,91.8,trt,59174488.0,COCCOc1ccc(Nc2ncc(F)c(Nc3cccc(NC(=O)C=C)c3)n2)cc1
BR00117013,B01,test,2020_11_04_CPJUMP1,compound,U2OS,48,BRD-K26439554-001-01-3,trt,DMSO,H2L-5765834,LPAR1,LPAR1|LPAR3,lysophosphatidic acid receptor antagonist,83.2,trt,1365686.0,OC(=O)c1ccc2C(=O)N(C(=O)c2c1)c1cccc(Oc2ccc(cc2)[N+]([O-])=O)c1
BR00117013,B02,test,2020_11_04_CPJUMP1,compound,U2OS,48,BRD-K58049875-001-03-9,trt,DMSO,thiostrepton,FOXM1,FOXM1,FOXM1 inhibitor|protein synthesis inhibitor,55.7,trt,16154490.0,CC[C@H](C)[C@@H]1N[C@@H]2C=Cc3c(cc(nc3[C@H]2O)C(=O)O[C@H](C)[C@@H]2NC(=O)c3csc(n3)[C@@H](NC(=O)[C@H]3CSC(=N3)\C(NC(=O)[C@@H](NC(=O)c3csc(n3)[C@]3(CCC(=N[C@@H]3c3csc2n3)c2nc(cs2)C(=O)NC(=C)C(=O)NC(=C)C(N)=O)NC(=O)[C@H](C)NC(=O)C(=C)NC(=O)[C@H](C)NC1=O)[C@@H](C)O)=C\C)[C@](C)(O)[C@@H](C)O)[C@H](C)O
BR00117013,B03,test,2020_11_04_CPJUMP1,compound,U2OS,48,DMSO,negcon,DMSO,,,,,,,,
BR00117013,B04,test,2020_11_04_CPJUMP1,compound,U2OS,48,BRD-K72726508-001-02-1,trt,DMSO,arcyriaflavin-a,CCND1,CCND1|CDK4,CDK inhibitor,78.5,trt,5327723.0,O=C1NC(=O)c2c1c1c3ccccc3[nH]c1c1[nH]c3ccccc3c21
BR00117013,B05,test,2020_11_04_CPJUMP1,compound,U2OS,48,BRD-K29151923-001-01-5,trt,DMSO,CYM-5520,S1PR2,S1PR2,sphingosine 1 phosphate receptor agonist,95.6,trt,25110470.0,Cc1cc(C(=O)Cn2cc(ccc2=O)C#N)c(C)n1Cc1ccccc1
BR00117013,B06,test,2020_11_04_CPJUMP1,compound,U2OS,48,BRD-K66788707-001-14-3,trt,DMSO,fludarabine,ADA,ADA|RRM1|RRM2,ribonucleotide reductase inhibitor,93.2,trt,657237.0,Nc1nc(F)nc2n(cnc12)[C@@H]1O[C@H](CO)[C@@H](O)[C@@H]1O
BR00117013,B07,test,2020_11_04_CPJUMP1,compound,U2OS,48,BRD-K06890060-001-09-1,trt,DMSO,alda-1,ALDH2,ALDH2,aldehyde dehydrogenase activator,98.1,trt,831629.0,Clc1cccc(Cl)c1C(=O)NCc1ccc2OCOc2c1
BR00117013,B08,test,2020_11_04_CPJUMP1,compound,U2OS,48,BRD-K50398167-236-22-7,trt,DMSO,meclofenamic-acid,KCNQ2,ALOX5|CNR1|KCNQ2|KCNQ3|PTGS1|PTGS2,cyclooxygenase inhibitor|prostanoid receptor antagonist,93.7,trt,4037.0,Cc1ccc(Cl)c(Nc2ccccc2C(O)=O)c1Cl
BR00117013,B09,test,2020_11_04_CPJUMP1,compound,U2OS,48,BRD-K87632963-001-03-0,trt,DMSO,GNF-5,ABL1,ABL1|BCR,Bcr-Abl kinase inhibitor,98.0,trt,44129660.0,OCCNC(=O)c1cccc(c1)-c1ncnc(Nc2ccc(cc2)OC(F)(F)F)c1
BR00117013,B10,test,2020_11_04_CPJUMP1,compound,U2OS,48,BRD-K37602296-001-01-6,trt,DMSO,NS-309,KCNN4,KCNN1|KCNN2|KCNN3|KCNN4,calcium-activated potassium channel activator,94.9,trt,11637204.0,ON=C1C(=O)Nc2c1ccc(Cl)c2Cl
BR00117013,B11,test,2020_11_04_CPJUMP1,compound,U2OS,48,BRD-K09143580-001-01-0,trt,DMSO,AK-7,SIRT2,SIRT2,SIRT inhibitor,96.6,trt,1328033.0,Brc1cccc(NC(=O)c2cccc(c2)S(=O)(=O)N2CCCCCC2)c1
BR00117013,B12,test,2020_11_04_CPJUMP1,compound,U2OS,48,BRD-A22713669-001-04-3,trt,DMSO,BVT-948,PTPN2,PTPN1|PTPN11|PTPN2,tyrosine phosphatase inhibitor,89.3,trt,44483339.0,CC1(C)C2C(=NC1=O)c1ccccc1C(=O)C2=O
BR00117013,B13,test,2020_11_04_CPJUMP1,compound,U2OS,48,BRD-K16472653-001-01-6,trt,DMSO,SirReal-2,SIRT2,SIRT2,SIRT inhibitor,97.8,trt,1096292.0,Cc1cc(C)nc(SCC(=O)Nc2ncc(Cc3cccc4ccccc34)s2)n1
BR00117013,B14,test,2020_11_04_CPJUMP1,compound,U2OS,48,DMSO,negcon,DMSO,,,,,,,,
BR00117013,B15,test,2020_11_04_CPJUMP1,compound,U2OS,48,BRD-K34581968-001-05-3,trt,DMSO,BMS-536924,LCK,AKT1|CCNE1|CDK2|CYP3A4|ERBB2|IGF1R|KDR|LCK|MAPK1|MET|PDGFRA|PDGFRB,IGF-1 inhibitor,92.3,trt,,Cc1cc(cc2[nH]c(nc12)-c1c(NC[C@@H](O)c2cccc(Cl)c2)cc[nH]c1=O)N1CCOCC1
BR00117013,B16,test,2020_11_04_CPJUMP1,compound,U2OS,48,BRD-K81801188-001-02-8,trt,DMSO,PP-121,HCK,ABL1|EGFR|HCK|KDR|MTOR|PDGFRA|PIK3CA|PIK3CB|PIK3CD|PIK3CG|PRKDC|SRC,protein tyrosine kinase inhibitor,94.2,trt,24905142.0,C1CCC(C1)n1nc(-c2cnc3[nH]ccc3c2)c2c(N)ncnc12
BR00117013,B17,test,2020_11_04_CPJUMP1,compound,U2OS,48,BRD-K73276278-305-01-1,trt,DMSO,MCOPPB,OPRL1,OPRL1,nociceptin/orphanin FQ (NOP) receptor agonist,96.6,trt,24800108.0,CC1(CCCCCCC1)N1CCC(CC1)n1c(nc2ccccc12)[C@@H]1CCCNC1
BR00117013,B18,test,2020_11_04_CPJUMP1,compound,U2OS,48,BRD-K53061490-003-13-9,trt,DMSO,ozagrel,TBXAS1,TBXAS1,thromboxane synthase inhibitor,0.0,trt,5282440.0,OC(=O)\C=C\c1ccc(Cn2ccnc2)cc1
BR00117013,B19,test,2020_11_04_CPJUMP1,compound,U2OS,48,BRD-A43005764-003-01-5,trt,DMSO,CYM-5442,S1PR1,S1PR1,sphingosine 1 phosphate receptor agonist,97.7,trt,25110406.0,CCOc1ccc(cc1OCC)-c1nc(no1)-c1cccc2C(CCc12)NCCO
BR00117013,B20,test,2020_11_04_CPJUMP1,compound,U2OS,48,BRD-K60659193-001-01-0,trt,DMSO,CVT-10216,ALDH2,ALDH2,aldehyde dehydrogenase inhibitor,95.0,trt,23661666.0,CS(=O)(=O)Nc1ccc(cc1)-c1coc2cc(OCc3cccc(c3)C(O)=O)ccc2c1=O
BR00117013,B21,test,2020_11_04_CPJUMP1,compound,U2OS,48,BRD-K09787262-001-02-7,trt,DMSO,TCN201,GRIN2A,GRIN2A,glutamate receptor antagonist,98.3,trt,4787937.0,Fc1ccc(cc1Cl)S(=O)(=O)NCc1ccc(cc1)C(=O)NNC(=O)c1ccccc1
BR00117013,B22,test,2020_11_04_CPJUMP1,compound,U2OS,48,BRD-K56810756-003-07-7,trt,DMSO,fomepizole,ADH1C,ADH1A|ADH1B|ADH1C|AKR1A1|CAT,alcohol dehydrogenase inhibitor,96.3,trt,3406.0,Cc1cn[nH]c1
BR00117013,B23,test,2020_11_04_CPJUMP1,compound,U2OS,48,BRD-K87158025-003-08-7,trt,DMSO,benzamil,SCNN1G,ASIC1|PKD2L1|SCNN1A|SCNN1B|SCNN1D|SCNN1G|SLC8A1,sodium channel blocker,97.0,trt,108107.0,NC(NCc1ccccc1)=NC(=O)c1nc(Cl)c(N)nc1N
BR00117013,B24,test,2020_11_04_CPJUMP1,compound,U2OS,48,BRD-A18992208-003-02-7,trt,DMSO,lercanidipine,CACNG1,CACNA2D1|CACNG1,calcium channel blocker,96.6,trt,65866.0,COC(=O)C1=C(C)NC(C)=C(C1c1cccc(c1)[N+]([O-])=O)C(=O)OC(C)(C)CN(C)CCC(c1ccccc1)c1ccccc1
BR00117013,C01,test,2020_11_04_CPJUMP1,compound,U2OS,48,BRD-A54139254-001-09-2,trt,DMSO,4-CMTB,FFAR2,FFAR2,free fatty acid receptor agonist,94.0,trt,4307629.0,CC(C)C(C(=O)Nc1nccs1)c1ccc(Cl)cc1
BR00117013,C02,test,2020_11_04_CPJUMP1,compound,U2OS,48,BRD-K44432556-001-05-5,trt,DMSO,ML-228,HIF1A,HIF1A,hypoxia inducible factor activator,0.0,trt,46742353.0,C(Nc1nc(nnc1-c1ccccc1)-c1ccccn1)c1ccc(cc1)-c1ccccc1
BR00117013,C03,test,2020_11_04_CPJUMP1,compound,U2OS,48,DMSO,negcon,DMSO,,,,,,,,
BR00117013,C04,test,2020_11_04_CPJUMP1,compound,U2OS,48,BRD-K36740062-001-06-6,trt,DMSO,GSK1070916,CYP3A4,AURKA|AURKB|AURKC|CYP2D6|CYP3A4,Aurora kinase inhibitor,94.6,trt,46885626.0,CCn1cc(c(n1)-c1ccc(NC(=O)N(C)C)cc1)-c1ccnc2[nH]c(cc12)-c1cccc(CN(C)C)c1
BR00117013,C05,test,2020_11_04_CPJUMP1,compound,U2OS,48,BRD-K27539181-001-08-5,trt,DMSO,ML-193,GPR55,GPR55,G protein-coupled receptor antagonist,97.0,trt,1261822.0,Cc1noc(NS(=O)(=O)c2ccc(NC(=O)c3cc(nc4c(C)cc(C)cc34)-c3ccccn3)cc2)c1C
BR00117013,C06,test,2020_11_04_CPJUMP1,compound,U2OS,48,DMSO,negcon,DMSO,,,,,,,,
BR00117013,C07,test,2020_11_04_CPJUMP1,compound,U2OS,48,BRD-K51265828-001-01-0,trt,DMSO,M-25,DHH,DHH|IHH|SMO,smoothened receptor antagonist,98.7,trt,44250034.0,CCCC(CCC)C(=O)NCc1ccc2n(ncc2c1)-c1ccccc1OC
BR00117013,C08,test,2020_11_04_CPJUMP1,compound,U2OS,48,BRD-K51899933-001-02-6,trt,DMSO,azeliragon,AGER,AGER,RAGE receptor antagonist,82.6,trt,11180124.0,CCCCc1nc(cn1-c1ccc(Oc2ccc(Cl)cc2)cc1)-c1ccc(OCCCN(CC)CC)cc1
BR00117013,C09,test,2020_11_04_CPJUMP1,compound,U2OS,48,BRD-K23363278-001-02-1,trt,DMSO,CYT-997,TUBB,TUBB,tubulin polymerization inhibitor,95.5,control,11351021.0,CCC[C@H](Nc1nc(ncc1C)-c1ccc(NC(=O)NCC)c(OC)c1)c1cccnc1
BR00117013,C10,test,2020_11_04_CPJUMP1,compound,U2OS,48,BRD-K90497590-001-05-9,trt,DMSO,AR-12,PDPK1,PDPK1,phosphoinositide dependent kinase inhibitor,93.8,trt,10027278.0,NCC(=O)Nc1ccc(cc1)-n1nc(cc1-c1ccc2c(ccc3ccccc23)c1)C(F)(F)F
BR00117013,C11,test,2020_11_04_CPJUMP1,compound,U2OS,48,BRD-K69877120-001-01-7,trt,DMSO,CYM-50260,S1PR4,S1PR4,sphingosine 1 phosphate receptor agonist,92.0,trt,44620894.0,FCc1ccc(OCCOc2ccc(Cl)cc2Cl)c(Cl)n1
BR00117013,C12,test,2020_11_04_CPJUMP1,compound,U2OS,48,DMSO,negcon,DMSO,,,,,,,,
BR00117013,C13,test,2020_11_04_CPJUMP1,compound,U2OS,48,BRD-K90747162-001-01-4,trt,DMSO,KG-5,FLT3,BRAF|FLT3|KIT|PDGFRB,RAF inhibitor,97.6,control,53328059.0,CSc1nc(N)cc(Oc2ccc(cc2)-c2nnc(Nc3cccc(c3)C(F)(F)F)[nH]2)n1
BR00117013,C14,test,2020_11_04_CPJUMP1,compound,U2OS,48,BRD-K81405859-300-01-4,trt,DMSO,JTE-607,TNF,IL10|IL1B|IL6|TNF,cytokine production inhibitor,94.7,trt,9938545.0,CCOC(=O)[C@H](Cc1ccccc1)NC(=O)c1cc(Cl)c(OCCN2CCN(C)CC2)c(Cl)c1O
BR00117013,C15,test,2020_11_04_CPJUMP1,compound,U2OS,48,DMSO,negcon,DMSO,,,,,,,,
BR00117013,C16,test,2020_11_04_CPJUMP1,compound,U2OS,48,BRD-K51662849-001-05-4,trt,DMSO,ilomastat,MMP2,ACAN|ADAM28|MMP1|MMP12|MMP13|MMP14|MMP2|MMP3|MMP8|MMP9,matrix metalloprotease inhibitor,73.8,trt,132519.0,CNC(=O)[C@H](Cc1c[nH]c2ccccc12)NC(=O)[C@H](CC(C)C)CC(=O)NO
BR00117013,C17,test,2020_11_04_CPJUMP1,compound,U2OS,48,BRD-A65597028-003-08-1,trt,DMSO,RX-821002,ADRA2B,ADRA1A|ADRA1B|ADRA1D|ADRA2A|ADRA2B|ADRA2C,adrenergic receptor antagonist,90.9,trt,108094.0,COC1(COc2ccccc2O1)C1=NCCN1
BR00117013,C18,test,2020_11_04_CPJUMP1,compound,U2OS,48,DMSO,negcon,DMSO,,,,,,,,
BR00117013,C19,test,2020_11_04_CPJUMP1,compound,U2OS,48,BRD-K24282351-001-01-4,trt,DMSO,TUG-891,FFAR4,FFAR4,free fatty acid receptor agonist,98.2,trt,57522038.0,Cc1ccc(cc1)-c1ccc(F)cc1COc1ccc(CCC(O)=O)cc1
BR00117013,C20,test,2020_11_04_CPJUMP1,compound,U2OS,48,BRD-K44227013-001-08-0,trt,DMSO,ponatinib,LYN,ABL1|BCR|FGFR1|FGFR2|FGFR3|FGFR4|FLT3|KDR|KIT|LCK|LYN|PDGFRA|RET|SRC|TEK,Bcr-Abl kinase inhibitor|FLT3 inhibitor|PDGFR tyrosine kinase receptor inhibitor,93.4,trt,24826799.0,CN1CCN(Cc2ccc(NC(=O)c3ccc(C)c(c3)C#Cc3cnc4cccnn34)cc2C(F)(F)F)CC1
BR00117013,C21,test,2020_11_04_CPJUMP1,compound,U2OS,48,DMSO,negcon,DMSO,,,,,,,,
BR00117013,C22,test,2020_11_04_CPJUMP1,compound,U2OS,48,BRD-K01824976-300-02-9,trt,DMSO,puromycin,RPL23A,SNU13|RPL10L|RPL11|RPL13A|RPL15|RPL19|RPL23|RPL23A|RPL26L1|RPL3|RPL37|RPL8|RSL24D1,protein synthesis inhibitor,90.9,trt,5702164.0,COc1ccc(C[C@H](N)C(=O)N[C@@H]2[C@@H](CO)OC([C@@H]2O)n2cnc3c(ncnc23)N(C)C)cc1
BR00117013,C23,test,2020_11_04_CPJUMP1,compound,U2OS,48,BRD-K50495309-001-02-0,trt,DMSO,SRC-kinase-inhibitor-I,CSK,CSK|LCK|RIPK2,src inhibitor,97.0,trt,1474853.0,COc1cc2ncnc(Nc3ccc(Oc4ccccc4)cc3)c2cc1OC
BR00117013,C24,test,2020_11_04_CPJUMP1,compound,U2OS,48,BRD-K59058747-001-19-1,trt,DMSO,acetylcysteine,SLC7A11,ACY1|CHUK|GRIN1|GRIN2A|GRIN2B|GRIN2D|GRIN3A|GSS|IKBKB|RELA|SLC7A11,mucolytic agent,0.0,trt,12035.0,CC(=O)N[C@@H](CS)C(O)=O
BR00117013,D01,test,2020_11_04_CPJUMP1,compound,U2OS,48,BRD-K62949423-001-03-1,trt,DMSO,NSC-625987,CDK4,CDK2|CDK4,CDK inhibitor,14.1,trt,3004085.0,COc1ccc(OC)c2c1[nH]c1ccccc1c2=S
BR00117013,D02,test,2020_11_04_CPJUMP1,compound,U2OS,48,BRD-K22482860-001-20-6,trt,DMSO,dalfampridine,KCNH7,KCNA1|KCNA10|KCNA2|KCNA3|KCNA4|KCNA5|KCNA6|KCNA7|KCNB1|KCNB2|KCNC1|KCNC2|KCNC3|KCNC4|KCND1|KCND2|KCND3|KCNF1|KCNG1|KCNG2|KCNG3|KCNG4|KCNH1|KCNH2|KCNH3|KCNH4|KCNH5|KCNH6|KCNH7|KCNH8|KCNJ13|KCNJ5|KCNQ1|KCNQ2|KCNQ3|KCNQ4|KCNQ5|KCNS1|KCNS2|KCNS3|KCNV1|KCNV2,potassium channel blocker,89.8,trt,1727.0,Nc1ccncc1
BR00117013,D03,test,2020_11_04_CPJUMP1,compound,U2OS,48,BRD-K68143200-001-11-7,trt,DMSO,NSC-95397,CDC25A,CDC25A|CDC25B,CDC inhibitor,0.0,trt,262093.0,OCCSC1=C(SCCO)C(=O)c2ccccc2C1=O
BR00117013,D04,test,2020_11_04_CPJUMP1,compound,U2OS,48,BRD-K35498378-001-06-1,trt,DMSO,alrestatin,AKR1B1,AKR1B1,aldose reductase inhibitor,96.6,trt,2120.0,OC(=O)CN1C(=O)c2cccc3cccc(C1=O)c23
BR00117013,D05,test,2020_11_04_CPJUMP1,compound,U2OS,48,BRD-K37764012-001-03-3,trt,DMSO,PF-03758309,PAK4,PAK4,p21 activated kinase inhibitor,93.3,control,25227462.0,CN(C)C[C@@H](NC(=O)N1Cc2c(Nc3nc(C)nc4ccsc34)n[nH]c2C1(C)C)c1ccccc1
BR00117013,D06,test,2020_11_04_CPJUMP1,compound,U2OS,48,BRD-K98357249-001-02-9,trt,DMSO,IRL-2500,EDNRB,EDNRB,endothelin receptor antagonist,96.2,trt,5311192.0,CN([C@H](Cc1ccc(cc1)-c1ccccc1)C(=O)N[C@@H](Cc1c[nH]c2ccccc12)C(O)=O)C(=O)c1cc(C)cc(C)c1
BR00117013,D07,test,2020_11_04_CPJUMP1,compound,U2OS,48,BRD-K73319509-001-08-0,trt,DMSO,PF-04217903,MET,MET,c-Met inhibitor,95.5,control,17754438.0,OCCn1cc(cn1)-c1cnc2nnn(Cc3ccc4ncccc4c3)c2n1
BR00117013,D08,test,2020_11_04_CPJUMP1,compound,U2OS,48,BRD-K58550667-001-08-7,trt,DMSO,FK-866,NAMPT,NAMPT,niacinamide phosphoribosyltransferase inhibitor,93.7,control,6914657.0,O=C(NCCCCC1CCN(CC1)C(=O)c1ccccc1)\C=C\c1cccnc1
BR00117013,D09,test,2020_11_04_CPJUMP1,compound,U2OS,48,BRD-K29530284-001-06-2,trt,DMSO,amlexanox,FGF1,FGF1|IL3|PDE4A|PDE4B|PDE4C|PDE4D|S100A12|S100A13,histamine receptor modulator,97.9,trt,2161.0,CC(C)c1ccc2oc3nc(N)c(cc3c(=O)c2c1)C(O)=O
BR00117013,D10,test,2020_11_04_CPJUMP1,compound,U2OS,48,BRD-K37864785-001-01-0,trt,DMSO,GW-311616,ELANE,ELANE,leukocyte elastase inhibitor|elastase inhibitor,96.3,trt,9800961.0,CC(C)[C@H]1[C@H]2[C@@H](CCN2C(=O)\C=C\CN2CCCCC2)N(C1=O)S(C)(=O)=O
BR00117013,D11,test,2020_11_04_CPJUMP1,compound,U2OS,48,BRD-K42191735-001-08-7,trt,DMSO,buparlisib,PIK3CG,PIK3CA|PIK3CG,PI3K inhibitor,89.0,control,16654980.0,Nc1cc(c(cn1)-c1cc(nc(n1)N1CCOCC1)N1CCOCC1)C(F)(F)F
BR00117013,D12,test,2020_11_04_CPJUMP1,compound,U2OS,48,BRD-K97181089-003-24-7,trt,DMSO,amiloride,ASIC1,AOC1|ASIC1|ASIC2|ASIC3|PKD2|PKD2L1|PLAU|SCNN1A|SCNN1B|SCNN1D|SCNN1G|SLC9A1|TRPC7|TRPV2,sodium channel blocker,96.7,trt,16231.0,NC(=N)NC(=O)c1nc(Cl)c(N)nc1N
BR00117013,D13,test,2020_11_04_CPJUMP1,compound,U2OS,48,BRD-K75748943-300-01-3,trt,DMSO,DG-172,PPARD,PPARD,PPAR receptor inverse agonist,81.7,trt,57342889.0,CN1CCN(CC1)c1ccc(cc1)\C=C(/C#N)c1ccccc1Br
BR00117013,D14,test,2020_11_04_CPJUMP1,compound,U2OS,48,DMSO,negcon,DMSO,,,,,,,,
BR00117013,D15,test,2020_11_04_CPJUMP1,compound,U2OS,48,DMSO,negcon,DMSO,,,,,,,,
BR00117013,D16,test,2020_11_04_CPJUMP1,compound,U2OS,48,BRD-K15179513-001-04-2,trt,DMSO,NVP-ADW742,IGF1R,IGF1R,insulin growth factor receptor inhibitor,93.5,control,,Nc1ncnc2n(cc(-c3cccc(OCc4ccccc4)c3)c12)[C@H]1C[C@H](CN2CCCC2)C1
BR00117013,D17,test,2020_11_04_CPJUMP1,compound,U2OS,48,BRD-A72351335-001-04-5,trt,DMSO,misoprostol,PTGIR,PTGER2|PTGER3|PTGER4|PTGIR,prostanoid receptor agonist,61.9,trt,5282381.0,CCCCC(C)(O)C\C=C\[C@H]1[C@H](O)CC(=O)[C@@H]1CCCCCCC(=O)OC
BR00117013,D18,test,2020_11_04_CPJUMP1,compound,U2OS,48,BRD-K37385792-003-02-1,trt,DMSO,conivaptan,AVPR1A,AVPR1A|AVPR2,vasopressin receptor antagonist,97.6,trt,151171.0,Cc1nc2CCN(C(=O)c3ccc(NC(=O)c4ccccc4-c4ccccc4)cc3)c3ccccc3-c2[nH]1
BR00117013,D19,test,2020_11_04_CPJUMP1,compound,U2OS,48,BRD-A72483914-001-03-7,trt,DMSO,spiroxatrine,ADRA2B,ADRA1A|ADRA1B|ADRA1D|ADRA2A|ADRA2B|ADRA2C|HTR1A|HTR2B,serotonin receptor antagonist,93.5,trt,5268.0,O=C1NCN(c2ccccc2)C11CCN(CC2COc3ccccc3O2)CC1
BR00117013,D20,test,2020_11_04_CPJUMP1,compound,U2OS,48,BRD-K69122748-001-10-1,trt,DMSO,diacerein,IL1B,IL1B,interleukin inhibitor,57.2,trt,26248.0,CC(=O)Oc1cccc2C(=O)c3cc(cc(OC(C)=O)c3C(=O)c12)C(O)=O
BR00117013,D21,test,2020_11_04_CPJUMP1,compound,U2OS,48,DMSO,negcon,DMSO,,,,,,,,
BR00117013,D22,test,2020_11_04_CPJUMP1,compound,U2OS,48,DMSO,negcon,DMSO,,,,,,,,
BR00117013,D23,test,2020_11_04_CPJUMP1,compound,U2OS,48,BRD-K36927236-001-36-7,trt,DMSO,glyburide,SLCO2B1,ABCA1|ABCB11|ABCC8|ABCC9|CFTR|CPT1A|KCNJ1|KCNJ11|KCNJ5|KCNJ8|SLCO2B1,ATP channel blocker|insulin secretagogue|sulfonylurea,91.8,trt,3488.0,COc1ccc(Cl)cc1C(=O)NCCc1ccc(cc1)S(=O)(=O)NC(=O)NC1CCCCC1
BR00117013,D24,test,2020_11_04_CPJUMP1,compound,U2OS,48,BRD-K31170746-001-01-6,trt,DMSO,ANR-94,ADORA2A,ADORA2A,A1 adenosine receptor antagonist,97.4,trt,11805896.0,CCOc1nc2c(N)ncnc2n1CC
BR00117013,E01,test,2020_11_04_CPJUMP1,compound,U2OS,48,BRD-K57708067-001-01-3,trt,DMSO,TFC-007,HPGDS,HPGDS,prostaglandin inhibitor,95.4,trt,16040067.0,O=C(Nc1ccc(cc1)N1CCC(CC1)C(=O)N1CCOCC1)c1cnc(Oc2ccccc2)nc1
BR00117013,E02,test,2020_11_04_CPJUMP1,compound,U2OS,48,BRD-A48180038-003-24-3,trt,DMSO,trihexyphenidyl,CHRM3,CHRM1|CHRM2|CHRM3|CHRM4|CHRM5,acetylcholine receptor antagonist,92.1,trt,5572.0,OC(CCN1CCCCC1)(C1CCCCC1)c1ccccc1
BR00117013,E03,test,2020_11_04_CPJUMP1,compound,U2OS,48,BRD-K64054020-001-02-7,trt,DMSO,epoprostenol,PTGIS,P2RY12|PTGER1|PTGER4|PTGIR|PTGIS,prostacyclin analog,31.9,trt,5282411.0,CCCCC[C@H](O)\C=C\[C@H]1[C@H](O)C[C@@H]2O\C(C[C@H]12)=C/CCCC(O)=O
BR00117013,E04,test,2020_11_04_CPJUMP1,compound,U2OS,48,BRD-K91456750-001-01-9,trt,DMSO,sacubitril,MME,MME,neprilysin inhibitor,98.1,trt,9811834.0,CCOC(=O)[C@H](C)C[C@@H](Cc1ccc(cc1)-c1ccccc1)NC(=O)CCC(O)=O
BR00117013,E05,test,2020_11_04_CPJUMP1,compound,U2OS,48,BRD-K07881437-001-03-8,trt,DMSO,danusertib,RET,AURKA|AURKB|AURKC|FGFR1|NTRK1|RET|SLK,Aurora kinase inhibitor|growth factor receptor inhibitor,91.5,control,11442891.0,CO[C@@H](C(=O)N1Cc2[nH]nc(NC(=O)c3ccc(cc3)N3CCN(C)CC3)c2C1)c1ccccc1
BR00117013,E06,test,2020_11_04_CPJUMP1,compound,U2OS,48,BRD-K23363278-001-02-1,trt,DMSO,CYT-997,TUBB,TUBB,tubulin polymerization inhibitor,95.5,control,11351021.0,CCC[C@H](Nc1nc(ncc1C)-c1ccc(NC(=O)NCC)c(OC)c1)c1cccnc1
BR00117013,E07,test,2020_11_04_CPJUMP1,compound,U2OS,48,DMSO,negcon,DMSO,,,,,,,,
BR00117013,E08,test,2020_11_04_CPJUMP1,compound,U2OS,48,BRD-K02490038-236-03-8,trt,DMSO,BQ-788,EDNRB,EDNRB,endothelin receptor antagonist,56.0,trt,5311032.0,CCCC[C@@H](NC(=O)[C@@H](Cc1cn(C(=O)OC)c2ccccc12)NC(=O)[C@H](CC(C)(C)C)NC(=O)N1[C@@H](C)CCC[C@H]1C)C(O)=O
BR00117013,E09,test,2020_11_04_CPJUMP1,compound,U2OS,48,BRD-K54330070-001-19-6,trt,DMSO,SB-202190,MAPK14,AKT1|ALOX5|CHEK1|GSK3B|LCK|MAPK1|MAPK11|MAPK12|MAPK14|MAPK8|PRKCA|ROCK1|RPS6KB1|SGK1,p38 MAPK inhibitor,94.3,control,,Oc1ccc(cc1)-c1nc(c([nH]1)-c1ccncc1)-c1ccc(F)cc1
BR00117013,E10,test,2020_11_04_CPJUMP1,compound,U2OS,48,BRD-K25412176-001-01-9,trt,DMSO,GSK2110183,AKT1,AKT1|AKT2|AKT3,AKT inhibitor,65.4,control,46843057.0,Cn1ncc(Cl)c1-c1cc(sc1Cl)C(=O)N[C@H](CN)Cc1cccc(F)c1
BR00117013,E11,test,2020_11_04_CPJUMP1,compound,U2OS,48,BRD-K03155172-001-03-0,trt,DMSO,GSK3787,PPARD,PPARD,PPAR receptor antagonist,96.1,trt,2800647.0,FC(F)(F)c1ccc(nc1)S(=O)(=O)CCNC(=O)c1ccc(Cl)cc1
BR00117013,E12,test,2020_11_04_CPJUMP1,compound,U2OS,48,BRD-K07442505-001-03-6,trt,DMSO,BAM7,BAX,BAX,BAX activator,95.8,trt,5754137.0,CCOc1ccccc1N\N=C1C(=O)N(N=C\1C)c1nc(cs1)-c1ccccc1
BR00117013,E13,test,2020_11_04_CPJUMP1,compound,U2OS,48,BRD-K64800655-001-09-0,trt,DMSO,PHA-793887,CDK7,CDK1|CDK2|CDK4|CDK5|CDK7|CDK9,CDK inhibitor,0.0,control,46191454.0,CC(C)CC(=O)Nc1n[nH]c2c1CN(C(=O)C1CCN(C)CC1)C2(C)C
BR00117013,E14,test,2020_11_04_CPJUMP1,compound,U2OS,48,DMSO,negcon,DMSO,,,,,,,,
BR00117013,E15,test,2020_11_04_CPJUMP1,compound,U2OS,48,BRD-K26514105-001-01-7,trt,DMSO,GSK-37647,FFAR4,FFAR4,free fatty acid receptor agonist,97.2,trt,743974.0,COc1ccc(cc1)S(=O)(=O)Nc1c(C)cc(C)cc1C
BR00117013,E16,test,2020_11_04_CPJUMP1,compound,U2OS,48,BRD-K21528677-001-04-4,trt,DMSO,desonide,PLA2G1B,NR3C1|PLA2G1B,glucocorticoid receptor agonist,89.1,trt,5311066.0,CC1(C)O[C@@H]2C[C@H]3[C@@H]4CCC5=CC(=O)C=C[C@]5(C)[C@H]4[C@@H](O)C[C@]3(C)[C@@]2(O1)C(=O)CO
BR00117013,E17,test,2020_11_04_CPJUMP1,compound,U2OS,48,DMSO,negcon,DMSO,,,,,,,,
BR00117013,E18,test,2020_11_04_CPJUMP1,compound,U2OS,48,BRD-K91188791-001-17-5,trt,DMSO,aloxistatin,CTSG,CTSG,protease inhibitor,78.8,trt,65663.0,CCOC(=O)[C@H]1O[C@@H]1C(=O)N[C@@H](CC(C)C)C(=O)NCCC(C)C
BR00117013,E19,test,2020_11_04_CPJUMP1,compound,U2OS,48,BRD-K32821942-001-22-1,trt,DMSO,azathioprine,PPAT,HPRT1|IMPDH1|PPAT,dehydrogenase inhibitor,0.0,trt,2265.0,Cn1cnc(c1Sc1[nH]cnc2ncnc12)[N+]([O-])=O
BR00117013,E20,test,2020_11_04_CPJUMP1,compound,U2OS,48,BRD-K33882852-003-02-8,trt,DMSO,ZK-93423,GABRB2,GABRA1|GABRA2|GABRA3|GABRA5|GABRB2|GABRG2,benzodiazepine receptor agonist,94.9,control,121926.0,CCOC(=O)c1ncc2[nH]c3ccc(OCc4ccccc4)cc3c2c1COC
BR00117013,E21,test,2020_11_04_CPJUMP1,compound,U2OS,48,BRD-K64890080-001-02-1,trt,DMSO,BI-2536,PLK1,BRD4|PLK1|PLK2|PLK3,PLK inhibitor,0.0,control,11364421.0,CC[C@H]1N(C2CCCC2)c2nc(Nc3ccc(cc3OC)C(=O)NC3CCN(C)CC3)ncc2N(C)C1=O
BR00117013,E22,test,2020_11_04_CPJUMP1,compound,U2OS,48,BRD-K91535048-001-01-2,trt,DMSO,EI1,EZH2,EZH2,histone lysine methyltransferase inhibitor,94.0,control,72199293.0,CCC(CC)n1ccc2c(cc(cc12)C#N)C(=O)NCc1c(C)cc(C)[nH]c1=O
BR00117013,E23,test,2020_11_04_CPJUMP1,compound,U2OS,48,BRD-K67915505-001-01-2,trt,DMSO,NVP-HSP990,HSP90AB1,HSP90AA1|HSP90AB1,HSP inhibitor,94.4,trt,46216556.0,COc1cccc(n1)-c1cc(F)ccc1[C@H]1Cc2nc(N)nc(C)c2C(=O)N1
BR00117013,E24,test,2020_11_04_CPJUMP1,compound,U2OS,48,DMSO,negcon,DMSO,,,,,,,,
BR00117013,F01,test,2020_11_04_CPJUMP1,compound,U2OS,48,DMSO,negcon,DMSO,,,,,,,,
BR00117013,F02,test,2020_11_04_CPJUMP1,compound,U2OS,48,BRD-K12102668-001-25-5,trt,DMSO,nialamide,COMT,COMT|MAOA|MAOB,monoamine oxidase inhibitor,84.9,trt,4472.0,O=C(CCNNC(=O)c1ccncc1)NCc1ccccc1
BR00117013,F03,test,2020_11_04_CPJUMP1,compound,U2OS,48,DMSO,negcon,DMSO,,,,,,,,
BR00117013,F04,test,2020_11_04_CPJUMP1,compound,U2OS,48,BRD-K49223707-001-01-0,trt,DMSO,arundic-acid,S100B,PTGS2|S100B,astrocyte modulating agent,5.6,trt,208925.0,CCCCCC[C@@H](CCC)C(O)=O
BR00117013,F05,test,2020_11_04_CPJUMP1,compound,U2OS,48,BRD-K91822704-003-07-2,trt,DMSO,torcitabine,DCK,DCK|TK2,DNA polymerase inhibitor,0.0,trt,13711.0,Nc1ccn([C@H]2C[C@H](O)[C@@H](CO)O2)c(=O)n1
BR00117013,F06,test,2020_11_04_CPJUMP1,compound,U2OS,48,DMSO,negcon,DMSO,,,,,,,,
BR00117013,F07,test,2020_11_04_CPJUMP1,compound,U2OS,48,BRD-K68164687-001-01-6,trt,DMSO,epothilone-b,TUBB3,TUBA1A|TUBA1B|TUBA1C|TUBA3C|TUBA4A|TUBA8|TUBB|TUBB1|TUBB3|TUBB4A|TUBB4B,microtubule stabilizing agent|tubulin polymerization inhibitor,95.1,trt,129010071.0,C[C@H]1CCC[C@@]2(C)O[C@H]2C[C@@H](OC(=O)C[C@@H](O)C(C)(C)C(=O)[C@H](C)[C@H]1O)C(\C)=C\c1csc(C)n1
BR00117013,F08,test,2020_11_04_CPJUMP1,compound,U2OS,48,BRD-A00827783-001-24-6,trt,DMSO,dyphylline,PDE7A,ADORA1|ADORA2A|PDE3A|PDE4A|PDE4B|PDE4C|PDE4D|PDE7A|PDE7B,adenosine receptor antagonist|phosphodiesterase inhibitor,97.8,trt,3182.0,Cn1c2ncn(CC(O)CO)c2c(=O)n(C)c1=O
BR00117013,F09,test,2020_11_04_CPJUMP1,compound,U2OS,48,DMSO,negcon,DMSO,,,,,,,,
BR00117013,F10,test,2020_11_04_CPJUMP1,compound,U2OS,48,BRD-K59632282-052-03-1,trt,DMSO,quinidine,KCNK1,KCNA5|KCNA7|KCNH1|KCNH2|KCNH5|KCNK1|KCNK6|SCN5A|SLC29A4,sodium channel blocker,85.7,trt,441074.0,COc1ccc2nccc([C@H](O)[C@H]3C[C@@H]4CC[N@]3C[C@@H]4C=C)c2c1
BR00117013,F11,test,2020_11_04_CPJUMP1,compound,U2OS,48,BRD-K50055394-001-03-6,trt,DMSO,halopemide,PLD1,PLD1|PLD2,phospholipase inhibitor,96.3,trt,65490.0,Oc1nc2cc(Cl)ccc2n1C1CCN(CCNC(=O)c2ccc(F)cc2)CC1
BR00117013,F12,test,2020_11_04_CPJUMP1,compound,U2OS,48,BRD-A36217750-001-16-3,trt,DMSO,sulfinpyrazone,FPR1,ABCC1|ABCC2|FPR1|SLC22A12,uricosuric blocker,85.2,trt,5342.0,O=C1C(CCS(=O)c2ccccc2)C(=O)N(N1c1ccccc1)c1ccccc1
BR00117013,F13,test,2020_11_04_CPJUMP1,compound,U2OS,48,BRD-K93942811-001-01-3,trt,DMSO,ML-323,USP1,USP1,ubiquitin specific protease inhibitor,97.1,control,60167849.0,CC(C)c1ccccc1-c1ncc(C)c(NCc2ccc(cc2)-n2ccnn2)n1
BR00117013,F14,test,2020_11_04_CPJUMP1,compound,U2OS,48,BRD-A08187463-001-12-9,trt,DMSO,racecadotril,MME,MME,enkephalinase inhibitor,98.2,trt,107751.0,CC(=O)SCC(Cc1ccccc1)C(=O)NCC(=O)OCc1ccccc1
BR00117013,F15,test,2020_11_04_CPJUMP1,compound,U2OS,48,BRD-K84266862-001-03-2,trt,DMSO,BRL-50481,PDE7A,PDE7A|PDE7B,phosphodiesterase inhibitor,95.1,trt,2921148.0,CN(C)S(=O)(=O)c1cc(ccc1C)[N+]([O-])=O
BR00117013,F16,test,2020_11_04_CPJUMP1,compound,U2OS,48,BRD-K25412176-001-01-9,trt,DMSO,GSK2110183,AKT1,AKT1|AKT2|AKT3,AKT inhibitor,65.4,control,46843057.0,Cn1ncc(Cl)c1-c1cc(sc1Cl)C(=O)N[C@H](CN)Cc1cccc(F)c1
BR00117013,F17,test,2020_11_04_CPJUMP1,compound,U2OS,48,BRD-K36660044-001-24-2,trt,DMSO,bufexamac,HDAC6,HDAC10|HDAC6,cyclooxygenase inhibitor,79.7,trt,2466.0,CCCCOc1ccc(CC(=O)NO)cc1
BR00117013,F18,test,2020_11_04_CPJUMP1,compound,U2OS,48,BRD-K42352790-001-05-3,trt,DMSO,anandamide,GPR55,CACNA1G|CACNA1H|CACNA1I|CNR1|CNR2|GLRA1|GPR18|GPR55|KCNA2|KCNK3|KCNK9|TRPM8|TRPV1,cannabinoid receptor agonist,89.9,trt,5281969.0,CCCCC\C=C/C\C=C/C\C=C/C\C=C/CCCC(=O)NCCO
BR00117013,F19,test,2020_11_04_CPJUMP1,compound,U2OS,48,BRD-K49350383-001-13-7,trt,DMSO,thioguanine,IMPDH1,IMPDH1|IMPDH2,purine antagonist,0.0,control,2723601.0,Nc1nc2nc[nH]c2c(=S)[nH]1
BR00117013,F20,test,2020_11_04_CPJUMP1,compound,U2OS,48,BRD-K53234107-001-01-6,trt,DMSO,IWP-L6,PORCN,PORCN,porcupine inhibitor,94.5,trt,71601111.0,O=C(CSc1nc2CCSc2c(=O)n1-c1ccccc1)Nc1ccc(cn1)-c1ccccc1
BR00117013,F21,test,2020_11_04_CPJUMP1,compound,U2OS,48,BRD-K29322660-001-01-9,trt,DMSO,edoxaban,F10,F10,coagulation factor inhibitor,94.0,trt,49822384.0,CN(C)C(=O)[C@@H]1CC[C@H](NC(=O)C(=O)Nc2ccc(Cl)cn2)[C@H](C1)NC(=O)c1nc2CCN(C)Cc2s1
BR00117013,F22,test,2020_11_04_CPJUMP1,compound,U2OS,48,BRD-K41599323-001-02-3,trt,DMSO,lonafarnib,KRAS,FNTA|HRAS|KRAS|NRAS,farnesyltransferase inhibitor,96.7,control,148195.0,NC(=O)N1CCC(CC(=O)N2CCC(CC2)[C@H]2c3ncc(Br)cc3CCc3cc(Cl)cc(Br)c23)CC1
BR00117013,F23,test,2020_11_04_CPJUMP1,compound,U2OS,48,BRD-K44771174-066-01-0,trt,DMSO,ibutamoren,GHSR,GHR|GHSR,growth hormone secretagogue receptor agonist,94.0,trt,178024.0,CC(C)(N)C(=O)N[C@H](COCc1ccccc1)C(=O)N1CCC2(CN(c3ccccc23)S(C)(=O)=O)CC1
BR00117013,F24,test,2020_11_04_CPJUMP1,compound,U2OS,48,BRD-K14681867-001-01-6,trt,DMSO,somatostatin,SSTR2,OPRD1|OPRM1|SSTR1|SSTR2|SSTR3|SSTR4|SSTR5,somatostatin receptor agonist,58.0,trt,101826531.0,C[C@@H](O)[C@@H]1NC(=O)[C@H](CCCCN)NC(=O)[C@H](Cc2c[nH]c3ccccc23)NC(=O)[C@H](Cc2ccccc2)NC(=O)[C@H](Cc2ccccc2)NC(=O)[C@H](CC(N)=O)NC(=O)[C@H](CCCCN)NC(=O)[C@H](CSSC[C@H](NC(=O)[C@H](CO)NC(=O)[C@@H](NC(=O)[C@H](Cc2ccccc2)NC1=O)[C@@H](C)O)C(O)=O)NC(=O)CNC(=O)[C@H](C)N
BR00117013,G01,test,2020_11_04_CPJUMP1,compound,U2OS,48,BRD-K01666412-001-02-0,trt,DMSO,L-proline,P3H1,EPRS1|L3HYPDH|P3H1|P3H2|P3H3|P4HA1|P4HA2|PARS2|PPIA|PPIB|PPIC|PPIF|PPIG|PPIH|PRODH|PLPBP|PYCR1|PYCR2|PYCR3|SLC6A14|SLC6A7,glutamate receptor agonist,0.0,trt,145742.0,OC(=O)[C@@H]1CCCN1
BR00117013,G02,test,2020_11_04_CPJUMP1,compound,U2OS,48,BRD-K80451230-051-02-6,trt,DMSO,zamifenacin,CHRM3,CHRM3,acetylcholine receptor antagonist,96.9,trt,3086618.0,C(Cc1ccc2OCOc2c1)N1CCC[C@H](C1)OC(c1ccccc1)c1ccccc1
BR00117013,G03,test,2020_11_04_CPJUMP1,compound,U2OS,48,BRD-K60476892-001-16-1,trt,DMSO,YC-1,GUCY1B1,GUCY1A2|GUCY1A1|GUCY1B1|HIF1A,guanylyl cyclase activator,96.3,trt,5712.0,OCc1ccc(o1)-c1nn(Cc2ccccc2)c2ccccc12
BR00117013,G04,test,2020_11_04_CPJUMP1,compound,U2OS,48,DMSO,negcon,DMSO,,,,,,,,
BR00117013,G05,test,2020_11_04_CPJUMP1,compound,U2OS,48,BRD-K24283677-001-01-9,trt,DMSO,ME-0328,PARP3,PARP3,PPAR receptor antagonist,98.4,trt,71571526.0,C[C@H](NC(=O)CCc1nc2ccccc2c(=O)[nH]1)c1ccccc1
BR00117013,G06,test,2020_11_04_CPJUMP1,compound,U2OS,48,BRD-K03109492-001-02-2,trt,DMSO,NSC-663284,CDC25A,CDC25A|CDC25B|CDC25C,CDC inhibitor,0.0,trt,379077.0,ClC1=C(NCCN2CCOCC2)C(=O)c2ncccc2C1=O
BR00117013,G07,test,2020_11_04_CPJUMP1,compound,U2OS,48,BRD-K80666802-003-01-0,trt,DMSO,CYM-50358,S1PR4,S1PR4,sphingosine 1-phosphate receptor antagonist,96.4,trt,53358422.0,Cc1cc(CN)cc(C)c1NC(=O)c1ccc(o1)-c1cc(Cl)ccc1Cl
BR00117013,G08,test,2020_11_04_CPJUMP1,compound,U2OS,48,BRD-K70778732-003-27-5,trt,DMSO,trazodone,HTR2C,ADRA1A|ADRA2A|HRH1|HTR1A|HTR2A|HTR2B|HTR2C|SLC6A4,adrenergic receptor antagonist|serotonin receptor antagonist|serotonin reuptake inhibitor,97.3,trt,5533.0,Clc1cccc(c1)N1CCN(CCCn2nc3ccccn3c2=O)CC1
BR00117013,G09,test,2020_11_04_CPJUMP1,compound,U2OS,48,DMSO,negcon,DMSO,,,,,,,,
BR00117013,G10,test,2020_11_04_CPJUMP1,compound,U2OS,48,DMSO,negcon,DMSO,,,,,,,,
BR00117013,G11,test,2020_11_04_CPJUMP1,compound,U2OS,48,BRD-K10670311-001-17-1,trt,DMSO,sulfasalazine,PLA2G1B,ACAT1|ALOX5|CHUK|IKBKB|PLA2G1B|PPARG|PTGS1|PTGS2|SLC46A1|SLC7A11|TBXAS1,cyclooxygenase inhibitor,91.0,trt,,OC(=O)c1cc(ccc1O)\N=N\c1ccc(cc1)S(=O)(=O)Nc1ccccn1
BR00117013,G12,test,2020_11_04_CPJUMP1,compound,U2OS,48,BRD-K29791386-001-01-8,trt,DMSO,"2,5-furandimethanol",HBB,HBB,hemoglobin modulator,95.2,trt,74663.0,OCc1ccc(CO)o1
BR00117013,G13,test,2020_11_04_CPJUMP1,compound,U2OS,48,DMSO,negcon,DMSO,,,,,,,,
BR00117013,G14,test,2020_11_04_CPJUMP1,compound,U2OS,48,BRD-K48722258-300-11-0,trt,DMSO,dilazep,SLC29A1,SLC29A1,adenosine reuptake inhibitor,86.5,trt,3074.0,COc1cc(cc(OC)c1OC)C(=O)OCCCN1CCCN(CCCOC(=O)c2cc(OC)c(OC)c(OC)c2)CC1
BR00117013,G15,test,2020_11_04_CPJUMP1,compound,U2OS,48,BRD-A30815329-001-12-1,trt,DMSO,felodipine,TNNC1,CACNA1C|CACNA1D|CACNA1F|CACNA1H|CACNA1S|CACNA2D1|CACNA2D2|CACNB2|CALM1|CFTR|NR3C2|PDE1A|PDE1B|TNNC1|TNNC2,calcium channel blocker,95.4,trt,3333.0,CCOC(=O)C1=C(C)NC(C)=C(C1c1cccc(Cl)c1Cl)C(=O)OC
BR00117013,G16,test,2020_11_04_CPJUMP1,compound,U2OS,48,BRD-A99888680-001-05-3,trt,DMSO,paliperidone,HTR2C,ADRA1A|ADRA1B|ADRA2A|ADRA2B|ADRA2C|CYP2D6|CYP3A4|CYP3A5|DRD1|DRD2|DRD3|DRD4|HRH1|HTR1A|HTR1D|HTR2A|HTR2C,dopamine receptor antagonist|serotonin receptor antagonist,80.4,trt,115237.0,Cc1nc2C(O)CCCn2c(=O)c1CCN1CCC(CC1)c1noc2cc(F)ccc12
BR00117013,G17,test,2020_11_04_CPJUMP1,compound,U2OS,48,BRD-K50836978-001-03-3,trt,DMSO,purvalanol-a,CDK2,CDK1|CDK2|CDK4|CDK5|CSNK1G3|RPS6KA1|SRC,CDK inhibitor,97.3,control,456214.0,CC(C)[C@H](CO)Nc1nc(Nc2cccc(Cl)c2)c2ncn(C(C)C)c2n1
BR00117013,G18,test,2020_11_04_CPJUMP1,compound,U2OS,48,DMSO,negcon,DMSO,,,,,,,,
BR00117013,G19,test,2020_11_04_CPJUMP1,compound,U2OS,48,BRD-K77220725-003-01-5,trt,DMSO,Ro-1138452,PTGIR,PTGIR,prostanoid receptor antagonist,95.7,trt,9839644.0,CC(C)Oc1ccc(Cc2ccc(NC3=NCCN3)cc2)cc1
BR00117013,G20,test,2020_11_04_CPJUMP1,compound,U2OS,48,BRD-A89164055-001-03-3,trt,DMSO,sorbinil,AKR1B1,AKR1B1,aldose reductase inhibitor,0.0,trt,5252.0,Fc1ccc2OCCC3(NC(=O)NC3=O)c2c1
BR00117013,G21,test,2020_11_04_CPJUMP1,compound,U2OS,48,BRD-K89517477-001-01-4,trt,DMSO,TC-S-7004,DYRK1B,DYRK1A|DYRK1B,DYRK inhibitor,91.3,control,57523919.0,COc1ncc2cc(C(=O)Nc3cc(ccc3Cl)C(=O)NCc3cccc(Cl)c3)c(=O)[nH]c2n1
BR00117013,G22,test,2020_11_04_CPJUMP1,compound,U2OS,48,BRD-A24122750-001-03-7,trt,DMSO,saclofen,KCTD16,GABBR1|GABBR2|KCTD12|KCTD16|KCTD8,GABA receptor antagonist,93.0,trt,122150.0,NCC(CS(O)(=O)=O)c1ccc(Cl)cc1
BR00117013,G23,test,2020_11_04_CPJUMP1,compound,U2OS,48,BRD-K70463136-001-01-5,trt,DMSO,BAY-87-2243,HIF1A,HIF1A,hypoxia inducible factor inhibitor,92.6,trt,67377767.0,Cc1cc(nn1Cc1ccnc(c1)N1CCN(CC1)C1CC1)-c1nc(no1)-c1ccc(OC(F)(F)F)cc1
BR00117013,G24,test,2020_11_04_CPJUMP1,compound,U2OS,48,BRD-K16444452-001-09-1,trt,DMSO,ibudilast,PDE4D,IL1B|IL6|PDE3A|PDE4A|PDE4B|PDE4C|PDE4D|PDE5A,leukotriene receptor antagonist|phosphodiesterase inhibitor,68.5,trt,3671.0,CC(C)C(=O)c1c(nn2ccccc12)C(C)C
BR00117013,H01,test,2020_11_04_CPJUMP1,compound,U2OS,48,BRD-K05531427-001-01-7,trt,DMSO,briciclib,CCND1,CCND1,cyclin D inhibitor,94.8,trt,11248490.0,COc1cc(OC)c(\C=C\S(=O)(=O)Cc2ccc(OC)c(OP(O)(O)=O)c2)c(OC)c1
BR00117013,H02,test,2020_11_04_CPJUMP1,compound,U2OS,48,BRD-K77087341-001-02-4,trt,DMSO,2-Oleoylglycerol,GPR119,GPR119,glucose dependent insulinotropic receptor ligand,7.4,trt,5319879.0,CCCCCCCC\C=C/CCCCCCCC(=O)OC(CO)CO
BR00117013,H03,test,2020_11_04_CPJUMP1,compound,U2OS,48,BRD-K61688984-001-02-9,trt,DMSO,RGFP966,HDAC3,HDAC3,HDAC inhibitor,93.0,control,56650312.0,Nc1cc(F)ccc1NC(=O)\C=C\c1cnn(C\C=C\c2ccccc2)c1
BR00117013,H04,test,2020_11_04_CPJUMP1,compound,U2OS,48,DMSO,negcon,DMSO,,,,,,,,
BR00117013,H05,test,2020_11_04_CPJUMP1,compound,U2OS,48,BRD-K03406345-001-21-1,trt,DMSO,azacitidine,DNMT3A,DNMT1|DNMT3A,DNA methyltransferase inhibitor,0.0,control,9444.0,Nc1ncn([C@@H]2O[C@H](CO)[C@@H](O)[C@H]2O)c(=O)n1
BR00117013,H06,test,2020_11_04_CPJUMP1,compound,U2OS,48,BRD-K60150510-001-15-6,trt,DMSO,N6-cyclopentyladenosine,SLC29A1,ADORA1|ADORA2A|ADORA2B|ADORA3|SLC29A1,adenosine receptor agonist,96.7,trt,657378.0,OC[C@H]1O[C@H]([C@H](O)[C@@H]1O)n1cnc2c(NC3CCCC3)ncnc12
BR00117013,H07,test,2020_11_04_CPJUMP1,compound,U2OS,48,BRD-K16803204-001-01-6,trt,DMSO,filgotinib,JAK1,JAK1|JAK2|JAK3|TYK2,JAK inhibitor,89.6,control,49831257.0,O=C(Nc1nc2cccc(-c3ccc(CN4CCS(=O)(=O)CC4)cc3)n2n1)C1CC1
BR00117013,H08,test,2020_11_04_CPJUMP1,compound,U2OS,48,BRD-K76037122-001-02-5,trt,DMSO,guanidine,RNASE1,ALDH2|DLG4|GAMT|RNASE1,HSP inhibitor,1.9,trt,3520.0,NC(N)=N
BR00117013,H09,test,2020_11_04_CPJUMP1,compound,U2OS,48,BRD-K23913458-001-20-7,trt,DMSO,coumarin,CA14,CA1|CA12|CA14|CA2|CA4|CA6|CA9|CYP2A6,vitamin K antagonist,98.0,trt,323.0,O=c1ccc2ccccc2o1
BR00117013,H10,test,2020_11_04_CPJUMP1,compound,U2OS,48,DMSO,negcon,DMSO,,,,,,,,
BR00117013,H11,test,2020_11_04_CPJUMP1,compound,U2OS,48,BRD-K73789395-001-09-9,trt,DMSO,ZM-336372,BRAF,BRAF|LCK|MAPK14|RAF1,RAF inhibitor,62.0,control,5730.0,CN(C)c1cccc(c1)C(=O)Nc1ccc(C)c(NC(=O)c2ccc(O)cc2)c1
BR00117013,H12,test,2020_11_04_CPJUMP1,compound,U2OS,48,BRD-K76792669-001-08-1,trt,DMSO,citric-acid,RNASE1,AKR1B1|ANG|APRT|BHMT|C8G|CA4|CPB1|CS|CTDSP1|GNMT|HGS|HS3ST3A1|IL4I1|ITPA|LSM6|MDH2|MIF|PDE5A|PKD2L1|PLEKHA1|RNASE1|RNASE3|SRC|TNFSF13B|UCK2,coagulation factor inhibitor,0.0,trt,19782904.0,OC(=O)CC(O)(CC(O)=O)C(O)=O
BR00117013,H13,test,2020_11_04_CPJUMP1,compound,U2OS,48,DMSO,negcon,DMSO,,,,,,,,
BR00117013,H14,test,2020_11_04_CPJUMP1,compound,U2OS,48,BRD-K26970495-001-02-7,trt,DMSO,CCG-63802,RGS4,RGS4,G protein signaling inhibitor,0.0,trt,6057678.0,Cc1cccc(Oc2nc3c(C)cccn3c(=O)c2\C=C(/C#N)c2nc3ccccc3s2)c1
BR00117013,H15,test,2020_11_04_CPJUMP1,compound,U2OS,48,BRD-A74391928-051-03-9,trt,DMSO,ibutilide,KCNK1,CACNA1C|CACNA2D1|CACNB1|CACNG1|KCNH2|KCNH6|KCNH7|KCNJ11|KCNK1|KCNK6,potassium channel blocker,95.1,trt,60753.0,CCCCCCCN(CC)CCCC(O)c1ccc(NS(C)(=O)=O)cc1
BR00117013,H16,test,2020_11_04_CPJUMP1,compound,U2OS,48,BRD-K82818427-001-04-8,trt,DMSO,batimastat,MMP2,ADAM28|ADAMTS5|MMP12|MMP16|MMP2|MMP8,matrix metalloprotease inhibitor,86.5,trt,5362422.0,CNC(=O)[C@H](Cc1ccccc1)NC(=O)[C@H](CC(C)C)[C@H](CSc1cccs1)C(=O)NO
BR00117013,H17,test,2020_11_04_CPJUMP1,compound,U2OS,48,DMSO,negcon,DMSO,,,,,,,,
BR00117013,H18,test,2020_11_04_CPJUMP1,compound,U2OS,48,DMSO,negcon,DMSO,,,,,,,,
BR00117013,H19,test,2020_11_04_CPJUMP1,compound,U2OS,48,BRD-K26989966-001-04-3,trt,DMSO,UNC1999,EZH2,EZH2,histone lysine methyltransferase inhibitor,88.2,control,72551585.0,CCCc1cc(C)[nH]c(=O)c1CNC(=O)c1cc(cc2n(ncc12)C(C)C)-c1ccc(nc1)N1CCN(CC1)C(C)C
BR00117013,H20,test,2020_11_04_CPJUMP1,compound,U2OS,48,BRD-K83896451-001-06-7,trt,DMSO,glutamine-(l),PPAT,CTPS1|GLUL|GPRC6A|PPAT,,0.0,trt,5961.0,N[C@@H](CCC(N)=O)C(O)=O
BR00117013,H21,test,2020_11_04_CPJUMP1,compound,U2OS,48,BRD-K62810658-001-11-4,trt,DMSO,PD-98059,BRAF,AKT1|BRAF|CHEK1|GSK3B|LCK|MAP2K1|MAPK1|MAPK11|MAPK12|MAPK14|MAPK8|PRKCA|RAF1|ROCK1|RPS6KB1|SGK1,MEK inhibitor,96.3,control,4713.0,COc1cccc(-c2cc(=O)c3ccccc3o2)c1N
BR00117013,H22,test,2020_11_04_CPJUMP1,compound,U2OS,48,BRD-K01825690-065-01-9,trt,DMSO,enilconazole,CYP1A2,CYP19A1|CYP1A2|CYP2B6|CYP2C9|CYP2J2|CYP3A4|CYP3A5|NR1I2|PPARA|PTGER2,sterol demethylase inhibitor,91.6,trt,37175.0,Clc1ccc(C(Cn2ccnc2)OCC=C)c(Cl)c1
BR00117013,H23,test,2020_11_04_CPJUMP1,compound,U2OS,48,BRD-K75390981-300-04-9,trt,DMSO,N-alpha-Methylhistamine-dihydrochloride,HRH4,HRH4,histamine receptor agonist,88.4,trt,912.0,CNCCc1cnc[nH]1
BR00117013,H24,test,2020_11_04_CPJUMP1,compound,U2OS,48,BRD-K38272302-001-02-7,trt,DMSO,GK921,TGM2,TGM2,transglutaminase inhibitor,95.4,trt,56682080.0,C(CN1CCCC1)Oc1nc2cccnc2nc1C#Cc1ccccc1
BR00117013,I01,test,2020_11_04_CPJUMP1,compound,U2OS,48,BRD-A84687895-001-03-2,trt,DMSO,nilvadipine,CACNA2D3,CACNA1C|CACNA1D|CACNA1S|CACNA2D1|CACNA2D3|CACNB2,calcium channel blocker,82.0,trt,4494.0,COC(=O)C1=C(NC(C)=C(C1c1cccc(c1)[N+]([O-])=O)C(=O)OC(C)C)C#N
BR00117013,I02,test,2020_11_04_CPJUMP1,compound,U2OS,48,DMSO,negcon,DMSO,,,,,,,,
BR00117013,I03,test,2020_11_04_CPJUMP1,compound,U2OS,48,BRD-K15819326-001-01-6,trt,DMSO,AC-710,CSF1R,CSF1R|FLT3|KIT|PDGFRA|PDGFRB,PDGFR tyrosine kinase receptor inhibitor,98.5,trt,54760053.0,CCN1C(C)(C)CC(CC1(C)C)Oc1ccc(nc1)C(=O)Nc1ccc(NC(=O)Nc2cc(on2)C(C)(C)C)cc1
BR00117013,I04,test,2020_11_04_CPJUMP1,compound,U2OS,48,BRD-A93477898-001-04-2,trt,DMSO,PETCM,CASP3,CASP3,caspase activator,73.4,trt,224859.0,OC(Cc1ccncc1)C(Cl)(Cl)Cl
BR00117013,I05,test,2020_11_04_CPJUMP1,compound,U2OS,48,BRD-K86525559-001-07-8,trt,DMSO,AZD7762,CHEK2,CHEK1|CHEK2,CHK inhibitor,87.8,control,11152667.0,NC(=O)Nc1cc(sc1C(=O)N[C@H]1CCCNC1)-c1cccc(F)c1
BR00117013,I06,test,2020_11_04_CPJUMP1,compound,U2OS,48,BRD-K64800655-001-09-0,trt,DMSO,PHA-793887,CDK7,CDK1|CDK2|CDK4|CDK5|CDK7|CDK9,CDK inhibitor,0.0,control,46191454.0,CC(C)CC(=O)Nc1n[nH]c2c1CN(C(=O)C1CCN(C)CC1)C2(C)C
BR00117013,I07,test,2020_11_04_CPJUMP1,compound,U2OS,48,BRD-K36016295-001-05-2,trt,DMSO,KU-60019,ATM,ATM,ATM kinase inhibitor,81.9,trt,15953870.0,C[C@H]1CN(CC(=O)Nc2ccc3Sc4c(Cc3c2)cccc4-c2cc(=O)cc(o2)N2CCOCC2)C[C@@H](C)O1
BR00117013,I08,test,2020_11_04_CPJUMP1,compound,U2OS,48,BRD-K06674495-334-04-0,trt,DMSO,nafamostat,ASIC1,ASIC1|ASIC2|ASIC3|C1R|PRSS1|TPSAB1|TRPM7,serine protease inhibitor,20.4,trt,4413.0,NC(=N)Nc1ccc(cc1)C(=O)Oc1ccc2cc(ccc2c1)C(N)=N
BR00117013,I09,test,2020_11_04_CPJUMP1,compound,U2OS,48,DMSO,negcon,DMSO,,,,,,,,
BR00117013,I10,test,2020_11_04_CPJUMP1,compound,U2OS,48,DMSO,negcon,DMSO,,,,,,,,
BR00117013,I11,test,2020_11_04_CPJUMP1,compound,U2OS,48,BRD-K50498985-001-03-3,trt,DMSO,taladegib,DHH,DHH|IHH|SMO,smoothened receptor antagonist,97.2,trt,49848070.0,CN(C1CCN(CC1)c1nnc(-c2ccnn2C)c2ccccc12)C(=O)c1ccc(F)cc1C(F)(F)F
BR00117013,I12,test,2020_11_04_CPJUMP1,compound,U2OS,48,BRD-K52960356-001-13-0,trt,DMSO,acetohexamide,KCNJ1,ABCC8|KCNJ1|KCNJ10|KCNJ11,ATP channel blocker,0.4,trt,1989.0,CC(=O)c1ccc(cc1)S(=O)(=O)NC(=O)NC1CCCCC1
BR00117013,I13,test,2020_11_04_CPJUMP1,compound,U2OS,48,BRD-A69651145-003-11-4,trt,DMSO,minocycline,IL1B,ALOX5|CASP1|CASP3|CYCS|IL1B|MMP9|VEGFA,bacterial 30S ribosomal subunit inhibitor,68.1,trt,54575046.0,CN(C)[C@H]1[C@@H]2C[C@@H]3Cc4c(ccc(O)c4C(=O)C3C(=O)[C@]2(O)C(=O)C(C(N)=O)C1=O)N(C)C
BR00117013,I14,test,2020_11_04_CPJUMP1,compound,U2OS,48,BRD-K64890080-001-02-1,trt,DMSO,BI-2536,PLK1,BRD4|PLK1|PLK2|PLK3,PLK inhibitor,0.0,control,11364421.0,CC[C@H]1N(C2CCCC2)c2nc(Nc3ccc(cc3OC)C(=O)NC3CCN(C)CC3)ncc2N(C)C1=O
BR00117013,I15,test,2020_11_04_CPJUMP1,compound,U2OS,48,BRD-K84783599-001-01-0,trt,DMSO,riociguat,GUCY1B1,GUCY1A2|GUCY1A1|GUCY1B2|GUCY1B1,guanylate cyclase stimulant,97.4,trt,11304743.0,COC(=O)N(C)c1c(N)nc(nc1N)-c1nn(Cc2ccccc2F)c2ncccc12
BR00117013,I16,test,2020_11_04_CPJUMP1,compound,U2OS,48,BRD-K76908866-001-07-6,trt,DMSO,CP-724714,ERBB2,ERBB2,EGFR inhibitor|protein tyrosine kinase inhibitor,96.2,control,9874913.0,COCC(=O)NC\C=C\c1ccc2ncnc(Nc3ccc(Oc4ccc(C)nc4)c(C)c3)c2c1
BR00117013,I17,test,2020_11_04_CPJUMP1,compound,U2OS,48,BRD-K38852836-001-04-9,trt,DMSO,ganetespib,HSP90AA1,HSP90AA1,HSP inhibitor,81.0,control,,CC(C)c1cc(-c2n[nH]c(=O)n2-c2ccc3n(C)ccc3c2)c(O)cc1O
BR00117013,I18,test,2020_11_04_CPJUMP1,compound,U2OS,48,BRD-K80935598-001-01-1,trt,DMSO,AZ191,DYRK1B,DYRK1B,DYRK inhibitor,85.4,control,72716071.0,COc1cc(ccc1Nc1nccc(n1)-c1cn(C)c2cnccc12)N1CCN(C)CC1
BR00117013,I19,test,2020_11_04_CPJUMP1,compound,U2OS,48,BRD-A18763547-300-06-3,trt,DMSO,BAX-channel-blocker,BAX,BAX,cytochrome C release inhibitor,95.3,trt,2729027.0,OC(CN1CCNCC1)Cn1c2ccc(Br)cc2c2cc(Br)ccc12
BR00117013,I20,test,2020_11_04_CPJUMP1,compound,U2OS,48,BRD-K32730239-001-01-0,trt,DMSO,SU3327,MAPK8,MAPK8,JNK inhibitor,86.4,trt,11837140.0,Nc1nnc(Sc2ncc(s2)[N+]([O-])=O)s1
BR00117013,I21,test,2020_11_04_CPJUMP1,compound,U2OS,48,DMSO,negcon,DMSO,,,,,,,,
BR00117013,I22,test,2020_11_04_CPJUMP1,compound,U2OS,48,DMSO,negcon,DMSO,,,,,,,,
BR00117013,I23,test,2020_11_04_CPJUMP1,compound,U2OS,48,BRD-A64173453-015-03-1,trt,DMSO,octreotide,SSTR2,SSTR1|SSTR2|SSTR3|SSTR5,somatostatin receptor agonist,94.8,trt,383414.0,CC(O)C(CO)NC(=O)C1CSSCC(NC(=O)C(N)Cc2ccccc2)C(=O)NC(Cc2ccccc2)C(=O)NC(Cc2c[nH]c3ccccc23)C(=O)NC(CCCCN)C(=O)NC(C(C)O)C(=O)N1
BR00117013,I24,test,2020_11_04_CPJUMP1,compound,U2OS,48,BRD-K09338665-001-08-9,trt,DMSO,1-octanol,GJB4,GJA1|GJA10|GJA3|GJA4|GJA5|GJA8|GJA9|GJB1|GJB2|GJB3|GJB4|GJB5|GJB6|GJB7|GJC1|GJC2|GJC3|GJD2|GJD3|GJD4|GJE1,,0.0,trt,957.0,CCCCCCCCO
BR00117013,J01,test,2020_11_04_CPJUMP1,compound,U2OS,48,BRD-K64034691-001-01-9,trt,DMSO,acalabrutinib,BTK,BTK,Bruton's tyrosine kinase (BTK) inhibitor,71.5,trt,71226662.0,CC#CC(=O)N1CCC[C@H]1c1nc(-c2ccc(cc2)C(=O)Nc2ccccn2)c2c(N)nccn12
BR00117013,J02,test,2020_11_04_CPJUMP1,compound,U2OS,48,BRD-K38512030-001-01-7,trt,DMSO,rifamycin,SLCO2B1,SLCO1A2|SLCO1B1|SLCO1B3|SLCO2B1,DNA directed RNA polymerase inhibitor,12.2,trt,6324616.0,CO[C@H]1\C=C\O[C@@]2(C)Oc3c(C2=O)c2c(O)cc(NC(=O)\C(C)=C/C=C/[C@H](C)[C@H](O)[C@@H](C)[C@@H](O)[C@@H](C)[C@H](OC(C)=O)[C@@H]1C)c(O)c2c(O)c3C
BR00117013,J03,test,2020_11_04_CPJUMP1,compound,U2OS,48,BRD-K74514084-003-09-2,trt,DMSO,pazopanib,FGF1,CSF1R|FGF1|FGFR1|FGFR3|FLT1|FLT4|ITK|KDR|KIT|PDGFRA|PDGFRB|SH2B3,KIT inhibitor|PDGFR tyrosine kinase receptor inhibitor|VEGFR inhibitor,97.8,trt,10113978.0,CN(c1ccc2c(C)n(C)nc2c1)c1ccnc(Nc2ccc(C)c(c2)S(N)(=O)=O)n1
BR00117013,J04,test,2020_11_04_CPJUMP1,compound,U2OS,48,BRD-K19333160-001-01-3,trt,DMSO,RKI-1447,PAK1,CDC42BPA|DMPK|LIMK1|MYLK|PAK1|PKN1|ROCK1|ROCK2,rho associated kinase inhibitor,93.9,control,60138149.0,Oc1cccc(CNC(=O)Nc2nc(cs2)-c2ccncc2)c1
BR00117013,J05,test,2020_11_04_CPJUMP1,compound,U2OS,48,BRD-K97091514-001-11-4,trt,DMSO,vitamin-E,PRKCB,ALOX5|DGKA|NR1I2|PPP2CA|PPP2CB|PRKCA|PRKCB|SEC14L2|SEC14L3|SEC14L4,PKC inhibitor|LDL oxidation inhibitor,0.0,trt,14985.0,CC(C)CCC[C@@H](C)CCC[C@@H](C)CCC[C@]1(C)CCc2c(C)c(O)c(C)c(C)c2O1
BR00117013,J06,test,2020_11_04_CPJUMP1,compound,U2OS,48,BRD-K41599323-001-02-3,trt,DMSO,lonafarnib,KRAS,FNTA|HRAS|KRAS|NRAS,farnesyltransferase inhibitor,96.7,control,148195.0,NC(=O)N1CCC(CC(=O)N2CCC(CC2)[C@H]2c3ncc(Br)cc3CCc3cc(Cl)cc(Br)c23)CC1
BR00117013,J07,test,2020_11_04_CPJUMP1,compound,U2OS,48,BRD-K47738867-001-01-5,trt,DMSO,ethyl-pyruvate,TNF,HMGB1|TNF,tumor necrosis factor production inhibitor,0.0,trt,12041.0,CCOC(=O)C(C)=O
BR00117013,J08,test,2020_11_04_CPJUMP1,compound,U2OS,48,BRD-A91822151-001-05-0,trt,DMSO,picrotin,GLRA3,GABRA1|GABRR1|GLRA1|GLRA2|GLRA3|GLRB,GABA receptor antagonist,58.4,trt,4815.0,CC(C)(O)C1C2OC(=O)C1C1(O)CC3OC33C(=O)OC2C13C
BR00117013,J09,test,2020_11_04_CPJUMP1,compound,U2OS,48,BRD-K19477839-001-07-6,trt,DMSO,SGX523,MET,MET,hepatocyte growth factor receptor inhibitor,97.7,control,24779724.0,Cn1cc(cn1)-c1ccc2nnc(Sc3ccc4ncccc4c3)n2n1
BR00117013,J10,test,2020_11_04_CPJUMP1,compound,U2OS,48,BRD-K95785537-001-22-3,trt,DMSO,PP-2,LYN,ABL1|LCK|LYN|RIPK2|SRC,src inhibitor,96.6,trt,4878.0,CC(C)(C)n1nc(-c2ccc(Cl)cc2)c2c(N)ncnc12
BR00117013,J11,test,2020_11_04_CPJUMP1,compound,U2OS,48,BRD-A63444178-001-01-5,trt,DMSO,ME-0328,PARP3,PARP3,PPAR receptor antagonist,97.1,trt,51147633.0,CC(NC(=O)CCc1nc(=O)c2ccccc2[nH]1)c1ccccc1
BR00117013,J12,test,2020_11_04_CPJUMP1,compound,U2OS,48,BRD-K31476763-001-01-5,trt,DMSO,AZD9668,ELANE,ELANE,elastase inhibitor,95.8,trt,46861623.0,Cc1c(cc(C(=O)NCc2ccc(cn2)S(C)(=O)=O)c(=O)n1-c1cccc(c1)C(F)(F)F)-c1ccnn1C
BR00117013,J13,test,2020_11_04_CPJUMP1,compound,U2OS,48,BRD-K61918008-001-07-1,trt,DMSO,NQDI-1,CASP3,CASP3,caspase inhibitor,0.0,trt,5522952.0,CCOC(=O)c1c(O)nc2cccc3C(=O)c4ccccc4-c1c23
BR00117013,J14,test,2020_11_04_CPJUMP1,compound,U2OS,48,DMSO,negcon,DMSO,,,,,,,,
BR00117013,J15,test,2020_11_04_CPJUMP1,compound,U2OS,48,BRD-K09295674-001-09-8,trt,DMSO,carzenide,CA14,CA1|CA12|CA14|CA2|CA6|CA9,,0.0,trt,8739.0,NS(=O)(=O)c1ccc(cc1)C(O)=O
BR00117013,J16,test,2020_11_04_CPJUMP1,compound,U2OS,48,BRD-K25311561-001-10-7,trt,DMSO,KU-55933,ATM,ATM|PRKDC,ATM kinase inhibitor,97.7,trt,5278396.0,O=c1cc(oc(c1)-c1cccc2Sc3ccccc3Sc12)N1CCOCC1
BR00117013,J17,test,2020_11_04_CPJUMP1,compound,U2OS,48,BRD-K24696047-001-02-3,trt,DMSO,NVP-AEW541,IGF1R,IGF1R|INSR,IGF-1 inhibitor,95.3,control,,Nc1ncnc2n(cc(-c3cccc(OCc4ccccc4)c3)c12)[C@@H]1C[C@H](CN2CCC2)C1
BR00117013,J18,test,2020_11_04_CPJUMP1,compound,U2OS,48,BRD-K78692225-001-24-5,trt,DMSO,leflunomide,PTK2B,AHR|DHODH|PTK2B,dihydroorotate dehydrogenase inhibitor|PDGFR tyrosine kinase receptor inhibitor,87.4,trt,3899.0,Cc1oncc1C(=O)Nc1ccc(cc1)C(F)(F)F
BR00117013,J19,test,2020_11_04_CPJUMP1,compound,U2OS,48,DMSO,negcon,DMSO,,,,,,,,
BR00117013,J20,test,2020_11_04_CPJUMP1,compound,U2OS,48,BRD-K03406345-001-21-1,trt,DMSO,azacitidine,DNMT3A,DNMT1|DNMT3A,DNA methyltransferase inhibitor,0.0,control,9444.0,Nc1ncn([C@@H]2O[C@H](CO)[C@@H](O)[C@H]2O)c(=O)n1
BR00117013,J21,test,2020_11_04_CPJUMP1,compound,U2OS,48,BRD-K03601870-001-01-2,trt,DMSO,ixabepilone,TUBB4B,TUBA1A|TUBA1B|TUBA1C|TUBA3C|TUBA3D|TUBA3E|TUBA4A|TUBB|TUBB1|TUBB2A|TUBB2B|TUBB3|TUBB4A|TUBB4B|TUBB6|TUBB8,microtubule stabilizing agent,93.2,trt,6445540.0,C[C@H]1CCC[C@@]2(C)O[C@H]2C[C@H](NC(=O)C[C@H](O)C(C)(C)C(=O)[C@H](C)[C@H]1O)C(\C)=C\c1csc(C)n1
BR00117013,J22,test,2020_11_04_CPJUMP1,compound,U2OS,48,BRD-K66430217-001-03-8,trt,DMSO,KH-CB19,CLK1,CLK1|CLK3|DYRK1A,CDC inhibitor,44.5,control,44237094.0,CCOC(=O)c1c(\C(=C/N)C#N)c2ccc(Cl)c(Cl)c2n1C
BR00117013,J23,test,2020_11_04_CPJUMP1,compound,U2OS,48,DMSO,negcon,DMSO,,,,,,,,
BR00117013,J24,test,2020_11_04_CPJUMP1,compound,U2OS,48,BRD-K02554563-001-01-6,trt,DMSO,PF-05190457,GHSR,GHSR,growth hormone secretagogue receptor inverse agonist,92.4,trt,58438464.0,Cc1cn2cc(CC(=O)N3CCC4(CN(C4)[C@@H]4CCc5cc(ccc45)-c4cc(C)ncn4)CC3)nc2s1
BR00117013,K01,test,2020_11_04_CPJUMP1,compound,U2OS,48,BRD-K59831625-001-03-9,trt,DMSO,LDN-212854,ABL1,ABL1|ACVR1|RIPK2,bone morphogenic protein inhibitor,93.3,trt,60182388.0,C1CN(CCN1)c1ccc(cc1)-c1cnc2c(cnn2c1)-c1cccc2ncccc12
BR00117013,K02,test,2020_11_04_CPJUMP1,compound,U2OS,48,BRD-K55567017-001-12-3,trt,DMSO,formononetin,ADH1C,ADH1C|SLC5A2,alcohol dehydrogenase inhibitor,95.8,trt,5280378.0,COc1ccc(cc1)-c1coc2cc(O)ccc2c1=O
BR00117013,K03,test,2020_11_04_CPJUMP1,compound,U2OS,48,BRD-K07762753-001-05-1,trt,DMSO,aminopurvalanol-a,CDK2,CDK1|CDK2|CDK5|CDK6,CDK inhibitor|tyrosine kinase inhibitor,95.8,control,6604931.0,CC(C)[C@H](CO)Nc1nc(Nc2cc(N)cc(Cl)c2)c2ncn(C(C)C)c2n1
BR00117013,K04,test,2020_11_04_CPJUMP1,compound,U2OS,48,BRD-K53972329-001-01-3,trt,DMSO,ruxolitinib,JAK1,JAK1|JAK2|JAK3|TYK2,JAK inhibitor,97.4,control,25126798.0,N#CC[C@H](C1CCCC1)n1cc(cn1)-c1ncnc2[nH]ccc12
BR00117013,K05,test,2020_11_04_CPJUMP1,compound,U2OS,48,DMSO,negcon,DMSO,,,,,,,,
BR00117013,K06,test,2020_11_04_CPJUMP1,compound,U2OS,48,DMSO,negcon,DMSO,,,,,,,,
BR00117013,K07,test,2020_11_04_CPJUMP1,compound,U2OS,48,BRD-K16810791-001-01-0,trt,DMSO,LGK-974,PORCN,PORCN,porcupine inhibitor,95.7,trt,46926973.0,Cc1cc(ccn1)-c1ncc(CC(=O)Nc2ccc(cn2)-c2cnccn2)cc1C
BR00117013,K08,test,2020_11_04_CPJUMP1,compound,U2OS,48,BRD-K43236057-001-07-1,trt,DMSO,polydatin,ICAM1,ICAM1,ICAM1 expression inhibitor,0.0,trt,5281718.0,OC[C@H]1O[C@@H](Oc2cc(O)cc(\C=C\c3ccc(O)cc3)c2)[C@H](O)[C@@H](O)[C@@H]1O
BR00117013,K09,test,2020_11_04_CPJUMP1,compound,U2OS,48,BRD-A51831848-001-01-7,trt,DMSO,enflurane,ATP5F1D,ATP2C1|ATP5F1D|GABRA1|GABRA2|GABRA3|GABRA4|GABRA5|GABRA6|GABRB1|GABRB2|GABRB3|GABRD|GABRE|GABRG1|GABRG2|GABRG3|GABRP|GABRQ|GLRA1|GLRB|GRIA1|KCNA1|KCNK10|KCNK18|KCNK2|KCNK3|KCNK9|KCNN4,membrane permeability inhibitor,0.0,trt,3226.0,FC(F)OC(F)(F)C(F)Cl
BR00117013,K10,test,2020_11_04_CPJUMP1,compound,U2OS,48,BRD-K13094524-001-04-2,trt,DMSO,PFI-1,BRD4,BRD4,bromodomain inhibitor,7.6,control,71271629.0,COc1ccccc1S(=O)(=O)Nc1ccc2NC(=O)N(C)Cc2c1
BR00117013,K11,test,2020_11_04_CPJUMP1,compound,U2OS,48,BRD-K86525559-001-07-8,trt,DMSO,AZD7762,CHEK2,CHEK1|CHEK2,CHK inhibitor,87.8,control,11152667.0,NC(=O)Nc1cc(sc1C(=O)N[C@H]1CCCNC1)-c1cccc(F)c1
BR00117013,K12,test,2020_11_04_CPJUMP1,compound,U2OS,48,BRD-K16761703-001-03-8,trt,DMSO,sotrastaurin,PRKCE,PRKCA|PRKCB|PRKCD|PRKCE|PRKCH|PRKCQ,PKC inhibitor,96.6,trt,10296883.0,CN1CCN(CC1)c1nc(C2=C(C(=O)NC2=O)c2c[nH]c3ccccc23)c2ccccc2n1
BR00117013,K13,test,2020_11_04_CPJUMP1,compound,U2OS,48,DMSO,negcon,DMSO,,,,,,,,
BR00117013,K14,test,2020_11_04_CPJUMP1,compound,U2OS,48,BRD-K36055864-001-20-0,trt,DMSO,cycloheximide,RPL3,RPL3,protein synthesis inhibitor,79.6,trt,6197.0,C[C@H]1C[C@H](C)C(=O)[C@@H](C1)[C@H](O)CC1CC(=O)NC(=O)C1
BR00117013,K15,test,2020_11_04_CPJUMP1,compound,U2OS,48,BRD-K25243230-001-01-2,trt,DMSO,oxytocin,AVPR1A,AVPR1A|AVPR1B|AVPR2|OXTR,oxytocin receptor agonist,55.5,trt,439302.0,CC[C@H](C)[C@@H]1NC(=O)[C@H](Cc2ccc(O)cc2)NC(=O)[C@@H](N)CSSC[C@H](NC(=O)[C@H](CC(N)=O)NC(=O)[C@H](CCC(N)=O)NC1=O)C(=O)N1CCC[C@H]1C(=O)N[C@@H](CC(C)C)C(=O)NCC(N)=O
BR00117013,K16,test,2020_11_04_CPJUMP1,compound,U2OS,48,DMSO,negcon,DMSO,,,,,,,,
BR00117013,K17,test,2020_11_04_CPJUMP1,compound,U2OS,48,BRD-K00259736-001-16-4,trt,DMSO,colchicine,TUBB3,GLRA1|GLRA2|TUBA1A|TUBA1B|TUBA1C|TUBA3C|TUBA3D|TUBA3E|TUBA4A|TUBB|TUBB1|TUBB2A|TUBB2B|TUBB3|TUBB4A|TUBB4B|TUBB6|TUBB8,microtubule inhibitor,94.3,trt,6167.0,COc1cc2CC[C@H](NC(C)=O)c3cc(=O)c(OC)ccc3-c2c(OC)c1OC
BR00117013,K18,test,2020_11_04_CPJUMP1,compound,U2OS,48,BRD-K04210847-001-21-9,trt,DMSO,afimoxifene,PLD1,ESR1|ESR2|ESRRG|PLD1|PRKCD|PRKCE|PRKCQ|PRKCZ,estrogen receptor antagonist,47.2,trt,449459.0,CC\C(c1ccccc1)=C(/c1ccc(O)cc1)c1ccc(OCCN(C)C)cc1
BR00117013,K19,test,2020_11_04_CPJUMP1,compound,U2OS,48,DMSO,negcon,DMSO,,,,,,,,
BR00117013,K20,test,2020_11_04_CPJUMP1,compound,U2OS,48,BRD-K33882852-003-02-8,trt,DMSO,ZK-93423,GABRB2,GABRA1|GABRA2|GABRA3|GABRA5|GABRB2|GABRG2,benzodiazepine receptor agonist,94.9,control,121926.0,CCOC(=O)c1ncc2[nH]c3ccc(OCc4ccccc4)cc3c2c1COC
BR00117013,K21,test,2020_11_04_CPJUMP1,compound,U2OS,48,BRD-K20986415-001-02-6,trt,DMSO,RGB-286638,CDK9,CDK1|CDK2|CDK3|CDK4|CDK5|CDK6|CDK7|CDK9|FLT3|GSK3B|JAK2|MAP3K7|MAPK9,CDK inhibitor,91.9,trt,11285002.0,COCCN1CCN(Cc2ccc(cc2)-c2n[nH]c3-c4cccc(NC(=O)NN5CCOCC5)c4C(=O)c23)CC1
BR00117013,K22,test,2020_11_04_CPJUMP1,compound,U2OS,48,BRD-K87691185-001-01-2,trt,DMSO,FPS-ZM1,AGER,AGER,RAGE receptor antagonist,94.4,trt,24752728.0,Clc1ccc(cc1)C(=O)N(Cc1ccccc1)C1CCCCC1
BR00117013,K23,test,2020_11_04_CPJUMP1,compound,U2OS,48,BRD-K56740996-001-02-1,trt,DMSO,flindokalner,KCNMA1,KCNMA1|KCNN4|KCNQ2|KCNQ4|KCNQ5,potassium channel agonist,98.3,trt,214350.0,COc1ccc(Cl)cc1[C@]1(F)C(=O)Nc2cc(ccc12)C(F)(F)F
BR00117013,K24,test,2020_11_04_CPJUMP1,compound,U2OS,48,BRD-K99616396-316-05-3,trt,DMSO,motesanib,KDR,FLT1|FLT4|KDR|KIT,KIT inhibitor|PDGFR tyrosine kinase receptor inhibitor|VEGFR inhibitor,59.5,trt,11667893.0,CC1(C)CNc2cc(NC(=O)c3cccnc3NCc3ccncc3)ccc12
BR00117013,L01,test,2020_11_04_CPJUMP1,compound,U2OS,48,BRD-K43570081-001-02-4,trt,DMSO,geldanamycin,HSP90AB1,HSP90AA1|HSP90AB1,HSP inhibitor,2.6,trt,13017912.0,CO[C@H]1C[C@H](C)CC2=C(OC)C(=O)C=C(NC(=O)\C(C)=C\C=C\[C@H](OC)[C@@H](OC(N)=O)\C(C)=C\[C@H](C)[C@H]1O)C2=O
BR00117013,L02,test,2020_11_04_CPJUMP1,compound,U2OS,48,DMSO,negcon,DMSO,,,,,,,,
BR00117013,L03,test,2020_11_04_CPJUMP1,compound,U2OS,48,BRD-K32292990-001-03-6,trt,DMSO,CGP-53353,PRKCB,EGFR|PRKCB,EGFR inhibitor|PKC inhibitor,95.7,trt,6711154.0,Fc1ccc(Nc2cc3C(=O)NC(=O)c3cc2Nc2ccc(F)cc2)cc1
BR00117013,L04,test,2020_11_04_CPJUMP1,compound,U2OS,48,BRD-K45293975-001-02-0,trt,DMSO,7-hydroxystaurosporine,PDPK1,CHEK1|MARK3|PDPK1,CDK inhibitor|CHK inhibitor|PKC inhibitor,3.5,trt,3078519.0,CN[C@@H]1C[C@H]2O[C@@](C)([C@@H]1OC)n1c3ccccc3c3c4[C@H](O)NC(=O)c4c4c5ccccc5n2c4c13
BR00117013,L05,test,2020_11_04_CPJUMP1,compound,U2OS,48,DMSO,negcon,DMSO,,,,,,,,
BR00117013,L06,test,2020_11_04_CPJUMP1,compound,U2OS,48,DMSO,negcon,DMSO,,,,,,,,
BR00117013,L07,test,2020_11_04_CPJUMP1,compound,U2OS,48,BRD-K37355418-236-01-6,trt,DMSO,efaproxiral,HBB,HBA1|HBB,haemoglobin oxygen release stimulant,97.3,trt,122335.0,Cc1cc(C)cc(NC(=O)Cc2ccc(OC(C)(C)C(O)=O)cc2)c1
BR00117013,L08,test,2020_11_04_CPJUMP1,compound,U2OS,48,BRD-A37704979-001-12-3,trt,DMSO,SB-203580,MAPK14,AKT1|ALOX5|CHEK1|CYP2D6|CYP3A4|GAK|GSK3B|LCK|MAPK1|MAPK10|MAPK11|MAPK12|MAPK14|MAPK8|MAPK9|PRKCA|RAF1|RIPK2|ROCK1|RPS6KB1|SGK1|SRC|TNF,p38 MAPK inhibitor,98.9,control,176155.0,CS(=O)c1ccc(cc1)-c1nc(c([nH]1)-c1ccncc1)-c1ccc(F)cc1
BR00117013,L09,test,2020_11_04_CPJUMP1,compound,U2OS,48,BRD-K58550667-001-08-7,trt,DMSO,FK-866,NAMPT,NAMPT,niacinamide phosphoribosyltransferase inhibitor,93.7,control,6914657.0,O=C(NCCCCC1CCN(CC1)C(=O)c1ccccc1)\C=C\c1cccnc1
BR00117013,L10,test,2020_11_04_CPJUMP1,compound,U2OS,48,BRD-A91008255-003-24-8,trt,DMSO,bepridil,TNNC1,ATP1A1|CACNA1A|CACNA1H|CACNA2D2|CALM1|KCNQ1|KCNQ4|PDE1A|PDE1B|TNNC1,calcium channel blocker,92.9,trt,2351.0,CC(C)COCC(CN(Cc1ccccc1)c1ccccc1)N1CCCC1
BR00117013,L11,test,2020_11_04_CPJUMP1,compound,U2OS,48,BRD-K59325863-001-04-4,trt,DMSO,delanzomib,CTSG,CMA1|CTSG|CYP3A4|ELANE,proteasome inhibitor,88.1,trt,24800541.0,CC(C)C[C@H](NC(=O)[C@@H](NC(=O)c1cccc(n1)-c1ccccc1)[C@@H](C)O)B(O)O
BR00117013,L12,test,2020_11_04_CPJUMP1,compound,U2OS,48,BRD-K42191735-001-08-7,trt,DMSO,buparlisib,PIK3CG,PIK3CA|PIK3CG,PI3K inhibitor,89.0,control,16654980.0,Nc1cc(c(cn1)-c1cc(nc(n1)N1CCOCC1)N1CCOCC1)C(F)(F)F
BR00117013,L13,test,2020_11_04_CPJUMP1,compound,U2OS,48,BRD-K10843433-001-23-5,trt,DMSO,phenylbutazone,PTGIS,PTGIS|PTGS1|PTGS2,cyclooxygenase inhibitor|prostanoid receptor antagonist,69.8,trt,4781.0,CCCCC1C(=O)N(N(C1=O)c1ccccc1)c1ccccc1
BR00117013,L14,test,2020_11_04_CPJUMP1,compound,U2OS,48,BRD-K97010173-001-04-1,trt,DMSO,deferasirox,CYP3A4,CYP3A4,chelating agent,71.2,trt,,OC(=O)c1ccc(cc1)-n1nc(nc1-c1ccccc1O)-c1ccccc1O
BR00117013,L15,test,2020_11_04_CPJUMP1,compound,U2OS,48,DMSO,negcon,DMSO,,,,,,,,
BR00117013,L16,test,2020_11_04_CPJUMP1,compound,U2OS,48,BRD-K86930074-001-05-0,trt,DMSO,cediranib,CSF1R,CSF1R|FLT1|FLT3|FLT4|KDR|KIT|PDGFRA|PDGFRB,KIT inhibitor|VEGFR inhibitor,76.1,trt,9933475.0,COc1cc2c(Oc3ccc4[nH]c(C)cc4c3F)ncnc2cc1OCCCN1CCCC1
BR00117013,L17,test,2020_11_04_CPJUMP1,compound,U2OS,48,BRD-A31564021-001-02-6,trt,DMSO,isoflurane,ATP5F1D,ATP2C1|ATP5F1D|CALM1|GABRA1|GABRA2|GABRA3|GABRA4|GABRA5|GABRA6|GABRB1|GABRB2|GABRB3|GABRD|GABRE|GABRG1|GABRG2|GABRG3|GABRP|GABRQ|GLRA1|GLRB|GRIA1|KCNA1|KCNK10|KCNK18|KCNK2|KCNK3|KCNK9,inhaled anaesthetic,0.0,trt,3763.0,FC(F)OC(Cl)C(F)(F)F
BR00117013,L18,test,2020_11_04_CPJUMP1,compound,U2OS,48,DMSO,negcon,DMSO,,,,,,,,
BR00117013,L19,test,2020_11_04_CPJUMP1,compound,U2OS,48,BRD-K08893438-001-06-4,trt,DMSO,CCG-50014,RGS4,RGS4|RGS8,G protein signaling inhibitor,74.6,trt,2733079.0,Cc1ccc(cc1)-n1sc(=O)n(Cc2ccc(F)cc2)c1=O
BR00117013,L20,test,2020_11_04_CPJUMP1,compound,U2OS,48,BRD-K93788137-001-04-1,trt,DMSO,PF-431396,PTK2B,PTK2|PTK2B,focal adhesion kinase inhibitor,96.5,trt,11598628.0,CN(c1ccccc1CNc1nc(Nc2ccc3NC(=O)Cc3c2)ncc1C(F)(F)F)S(C)(=O)=O
BR00117013,L21,test,2020_11_04_CPJUMP1,compound,U2OS,48,BRD-K14560436-001-01-4,trt,DMSO,TG-02,CDK9,CDK1|CDK2|CDK7|CDK9|FLT3|JAK2,CDK inhibitor|FLT3 inhibitor|JAK inhibitor,85.7,trt,16739650.0,CN1C\C=C\CCOc2cccc(c2)-c2ccnc(Nc3cccc(C1)c3)n2
BR00117013,L22,test,2020_11_04_CPJUMP1,compound,U2OS,48,BRD-K01826724-003-07-9,trt,DMSO,baclofen,KCTD16,GABBR1|GABBR2|KCTD12|KCTD16|KCTD8,benzodiazepine receptor agonist,0.0,trt,2284.0,NCC(CC(O)=O)c1ccc(Cl)cc1
BR00117013,L23,test,2020_11_04_CPJUMP1,compound,U2OS,48,BRD-A20697603-001-07-2,trt,DMSO,thiostrepton,FOXM1,FOXM1,FOXM1 inhibitor|protein synthesis inhibitor,41.0,trt,101290202.0,CCC(C)C1NC2C=Cc3c(cc(nc3C2O)C(=O)OC(C)C2NC(=O)c3csc(n3)C(NC(=O)C3CSC(=N3)\C(NC(=O)C(NC(=O)c3csc(n3)C3(CCC(=NC3c3csc2n3)c2nc(cs2)C(=O)NC(=C)C(=O)NC(=C)C(N)=O)NC(=O)C(C)NC(=O)C(=C)NC(=O)C(C)NC1=O)C(C)O)=C/C)C(C)(O)C(C)O)C(C)O
BR00117013,L24,test,2020_11_04_CPJUMP1,compound,U2OS,48,BRD-K44067360-001-29-5,trt,DMSO,flufenamic-acid,GJB4,AKR1C3|ANO1|AR|GJA1|GJA10|GJA3|GJA4|GJA5|GJA8|GJA9|GJB1|GJB2|GJB3|GJB4|GJB5|GJB6|GJB7|GJC1|GJC2|GJC3|GJD2|GJD3|GJD4|GJE1|PANX1|PANX2|PANX3|PKD2L1|PTGS1|PTGS2|TRPC5|TRPM2|TRPM5,chloride channel blocker,97.0,trt,3371.0,OC(=O)c1ccccc1Nc1cccc(c1)C(F)(F)F
BR00117013,M01,test,2020_11_04_CPJUMP1,compound,U2OS,48,DMSO,negcon,DMSO,,,,,,,,
BR00117013,M02,test,2020_11_04_CPJUMP1,compound,U2OS,48,BRD-K47557313-001-02-7,trt,DMSO,LY2109761,TGFBR1,TGFBR1|TGFBR2,TGF beta receptor inhibitor,91.9,trt,11655119.0,C(CN1CCOCC1)Oc1ccc2c(ccnc2c1)-c1c(nn2CCCc12)-c1ccccn1
BR00117013,M03,test,2020_11_04_CPJUMP1,compound,U2OS,48,BRD-K67637637-003-11-8,trt,DMSO,olopatadine,S100B,HRH1|S100A1|S100A12|S100A13|S100A2|S100B,histamine receptor antagonist,98.4,trt,25271818.0,CN(C)CC\C=C1\c2ccccc2COc2ccc(CC(O)=O)cc12
BR00117013,M04,test,2020_11_04_CPJUMP1,compound,U2OS,48,DMSO,negcon,DMSO,,,,,,,,
BR00117013,M05,test,2020_11_04_CPJUMP1,compound,U2OS,48,BRD-K20897876-001-11-8,trt,DMSO,castanospermine,GAA,GAA|GBA,glucosidase inhibitor,0.0,trt,54445.0,O[C@H]1CCN2C[C@H](O)[C@@H](O)[C@H](O)[C@@H]12
BR00117013,M06,test,2020_11_04_CPJUMP1,compound,U2OS,48,BRD-K77627880-001-04-0,trt,DMSO,A205804,ICAM1,ICAM1|SELE,ICAM1 expression inhibitor,96.8,trt,9839311.0,Cc1ccc(Sc2cncc3sc(cc23)C(N)=O)cc1
BR00117013,M07,test,2020_11_04_CPJUMP1,compound,U2OS,48,BRD-K72063794-003-01-0,trt,DMSO,VU591,KCNJ1,KCNJ1,potassium channel blocker,95.3,trt,44123657.0,[O-][N+](=O)c1ccc2nc(COCc3nc4ccc(cc4[nH]3)[N+]([O-])=O)[nH]c2c1
BR00117013,M08,test,2020_11_04_CPJUMP1,compound,U2OS,48,BRD-K30177383-001-01-0,trt,DMSO,dalbavancin,PNLIP,PNLIP,bacterial cell wall synthesis inhibitor,79.3,trt,16134627.0,CN[C@@H]1c2ccc(O)c(Oc3cc(O)c(Cl)c(c3)[C@@H]3NC(=O)[C@@H](Cc4ccc(Oc5cc6cc(Oc7ccc(cc7Cl)[C@@H](O)[C@@H]7NC(=O)[C@H](NC(=O)[C@@H]6NC3=O)c3ccc(O)c(c3)-c3c(O[C@H]6O[C@H](CO)[C@@H](O)[C@H](O)[C@@H]6O)cc(O)cc3[C@H](NC7=O)C(=O)NCCCN(C)C)c5O[C@@H]3O[C@@H]([C@@H](O)[C@H](O)[C@H]3NC(=O)CCCCCCCCC(C)C)C(O)=O)cc4)NC1=O)c2
BR00117013,M09,test,2020_11_04_CPJUMP1,compound,U2OS,48,BRD-K45746021-003-01-9,trt,DMSO,CC-401,MAPK8,MAPK8,JNK inhibitor,96.8,trt,10430360.0,C(CN1CCCCC1)Oc1cccc(c1)-c1n[nH]c2ccc(cc12)-c1ncn[nH]1
BR00117013,M10,test,2020_11_04_CPJUMP1,compound,U2OS,48,BRD-K38852836-001-04-9,trt,DMSO,ganetespib,HSP90AA1,HSP90AA1,HSP inhibitor,81.0,control,,CC(C)c1cc(-c2n[nH]c(=O)n2-c2ccc3n(C)ccc3c2)c(O)cc1O
BR00117013,M11,test,2020_11_04_CPJUMP1,compound,U2OS,48,BRD-K93779381-001-01-9,trt,DMSO,ingenol-mebutate,PRKCE,PRKCA|PRKCB|PRKCD|PRKCE|PRKCG,PKC activator,87.5,trt,6918670.0,C\C=C(\C)C(=O)O[C@H]1C(C)=C[C@@]23[C@H](C)C[C@@H]4[C@H]([C@H](C=C(CO)[C@@H](O)[C@]12O)C3=O)C4(C)C
BR00117013,M12,test,2020_11_04_CPJUMP1,compound,U2OS,48,BRD-K78126613-001-27-7,trt,DMSO,menadione,F10,AOX1|BGLAP|F10|F2|F7|F9|GGCX|NQO1|NQO2|PROC|PROS1|PROZ|VKORC1|VKORC1L1,mitochondrial DNA polymerase inhibitor|phosphatase inhibitor,0.0,trt,4055.0,CC1=CC(=O)c2ccccc2C1=O
BR00117013,M13,test,2020_11_04_CPJUMP1,compound,U2OS,48,BRD-K94863486-001-02-2,trt,DMSO,cetilistat,PNLIP,PNLIP,triacylglycerol lipase inhibitor,77.9,trt,9952916.0,CCCCCCCCCCCCCCCCOc1nc2ccc(C)cc2c(=O)o1
BR00117013,M14,test,2020_11_04_CPJUMP1,compound,U2OS,48,BRD-K63430059-001-16-4,trt,DMSO,methoxsalen,CYP1A2,CYP1A1|CYP1A2|CYP2A13|CYP2A6|CYP3A4,DNA synthesis inhibitor,97.7,trt,4114.0,COc1c2occc2cc2ccc(=O)oc12
BR00117013,M15,test,2020_11_04_CPJUMP1,compound,U2OS,48,BRD-K13533483-001-16-2,trt,DMSO,cyclosporine,FPR1,ABCB11|CAMLG|FPR1|PPIA|PPIF|PPP3R2|SLC10A1|SLCO1B1|SLCO1B3,calcineurin inhibitor,97.8,trt,5284373.0,CC[C@@H]1NC(=O)[C@H]([C@H](O)[C@H](C)C\C=C\C)N(C)C(=O)[C@H](C(C)C)N(C)C(=O)[C@H](CC(C)C)N(C)C(=O)[C@H](CC(C)C)N(C)C(=O)[C@@H](C)NC(=O)[C@H](C)NC(=O)[C@H](CC(C)C)N(C)C(=O)[C@@H](NC(=O)[C@H](CC(C)C)N(C)C(=O)CN(C)C1=O)C(C)C
BR00117013,M16,test,2020_11_04_CPJUMP1,compound,U2OS,48,BRD-K81197548-003-01-4,trt,DMSO,NSC-632839,USP1,SENP2|USP1|USP2|USP7,ubiquitin specific protease inhibitor,93.4,control,5351363.0,Cc1ccc(cc1)\C=C1/CNC\C(C1=O)=C/c1ccc(C)cc1
BR00117013,M17,test,2020_11_04_CPJUMP1,compound,U2OS,48,DMSO,negcon,DMSO,,,,,,,,
BR00117013,M18,test,2020_11_04_CPJUMP1,compound,U2OS,48,BRD-K97072811-001-11-4,trt,DMSO,TG-003,CLK1,CLK1|CLK4|DYRK1A|DYRK1B,CLK inhibitor,93.8,control,1893668.0,CCN1\C(Sc2ccc(OC)cc12)=C\C(C)=O
BR00117013,M19,test,2020_11_04_CPJUMP1,compound,U2OS,48,BRD-K52075715-001-06-7,trt,DMSO,oxibendazole,TUBB4B,TUBB|TUBB4B,tubulin polymerization inhibitor,90.9,trt,4622.0,CCCOc1ccc2nc(NC(=O)OC)[nH]c2c1
BR00117013,M20,test,2020_11_04_CPJUMP1,compound,U2OS,48,BRD-K12502280-001-11-4,trt,DMSO,TG-101348,BRD4,BRD4|JAK1|JAK2|JAK3|TYK2,FLT3 inhibitor|JAK inhibitor,80.1,control,16722836.0,Cc1cnc(Nc2ccc(OCCN3CCCC3)cc2)nc1Nc1cccc(c1)S(=O)(=O)NC(C)(C)C
BR00117013,M21,test,2020_11_04_CPJUMP1,compound,U2OS,48,BRD-A63310107-001-04-8,trt,DMSO,miglitol,GAA,GAA|GANAB|GANC|MGAM,glucosidase inhibitor,0.0,trt,6710690.0,OCCN1C[C@@H](O)[C@@H](O)C(O)C1CO
BR00117013,M22,test,2020_11_04_CPJUMP1,compound,U2OS,48,DMSO,negcon,DMSO,,,,,,,,
BR00117013,M23,test,2020_11_04_CPJUMP1,compound,U2OS,48,DMSO,negcon,DMSO,,,,,,,,
BR00117013,M24,test,2020_11_04_CPJUMP1,compound,U2OS,48,BRD-K17849083-001-32-9,trt,DMSO,tranilast,HPGDS,HPGDS|HRH1,angiogenesis inhibitor,97.3,trt,5282230.0,COc1ccc(\C=C\C(=O)Nc2ccccc2C(O)=O)cc1OC
BR00117013,N01,test,2020_11_04_CPJUMP1,compound,U2OS,48,BRD-K70821460-300-02-4,trt,DMSO,4-methylhistamine,HRH4,HRH4,histamine receptor agonist,78.0,trt,37463.0,Cc1nc[nH]c1CCN
BR00117013,N02,test,2020_11_04_CPJUMP1,compound,U2OS,48,BRD-K51485109-001-01-4,trt,DMSO,LDN-27219,TGM2,TGM2,tissue transglutaminase inhibitor,90.3,trt,1150683.0,NNC(=O)CSc1nc2scc(-c3ccccc3)c2c(=O)n1-c1ccccc1
BR00117013,N03,test,2020_11_04_CPJUMP1,compound,U2OS,48,BRD-K91370081-001-25-1,trt,DMSO,anisomycin,RPL23A,SNU13|RPL10L|RPL11|RPL13A|RPL15|RPL19|RPL23|RPL23A|RPL26L1|RPL3|RPL37|RPL8|RSL24D1,DNA synthesis inhibitor,81.5,trt,253602.0,COc1ccc(C[C@H]2NC[C@H](O)[C@H]2OC(C)=O)cc1
BR00117013,N04,test,2020_11_04_CPJUMP1,compound,U2OS,48,BRD-K49350383-001-13-7,trt,DMSO,thioguanine,IMPDH1,IMPDH1|IMPDH2,purine antagonist,0.0,control,2723601.0,Nc1nc2nc[nH]c2c(=S)[nH]1
BR00117013,N05,test,2020_11_04_CPJUMP1,compound,U2OS,48,BRD-K11558771-001-13-9,trt,DMSO,droxinostat,HDAC6,HDAC6|HDAC8,HDAC inhibitor,70.7,trt,568416.0,Cc1cc(Cl)ccc1OCCCC(=O)NO
BR00117013,N06,test,2020_11_04_CPJUMP1,compound,U2OS,48,BRD-K91283740-003-01-6,trt,DMSO,UNC2025,FLT3,FLT3|MERTK,MER tyrosine kinase inhibitor|FLT3 inhibitor,95.7,control,,CCCCNc1ncc2c(cn([C@H]3CC[C@H](O)CC3)c2n1)-c1ccc(CN2CCN(C)CC2)cc1
BR00117013,N07,test,2020_11_04_CPJUMP1,compound,U2OS,48,DMSO,negcon,DMSO,,,,,,,,
BR00117013,N08,test,2020_11_04_CPJUMP1,compound,U2OS,48,DMSO,negcon,DMSO,,,,,,,,
BR00117013,N09,test,2020_11_04_CPJUMP1,compound,U2OS,48,BRD-K21728777-001-02-3,trt,DMSO,AMG900,AURKB,AURKA|AURKB|AURKC,Aurora kinase inhibitor,92.7,control,24856041.0,Cc1csc(c1)-c1nnc(Nc2ccc(Oc3ncccc3-c3ccnc(N)n3)cc2)c2ccccc12
BR00117013,N10,test,2020_11_04_CPJUMP1,compound,U2OS,48,BRD-A23124853-001-01-4,trt,DMSO,PF-06463922,ALK,ALK|FES|ROS1,ALK tyrosine kinase receptor inhibitor,96.8,trt,78162481.0,CC1Oc2cc(cnc2N)-c2c(CN(C)C(=O)c3ccc(F)cc13)nn(C)c2C#N
BR00117013,N11,test,2020_11_04_CPJUMP1,compound,U2OS,48,BRD-K55966568-001-09-6,trt,DMSO,orantinib,AURKB,AURKA|AURKB|EGFR|FGFR1|FGFR2|KDR|PDGFRA|PDGFRB,FGFR inhibitor|PDGFR tyrosine kinase receptor inhibitor|VEGFR inhibitor,95.1,control,5329099.0,Cc1[nH]c(\C=C2/C(=O)Nc3ccccc23)c(C)c1CCC(O)=O
BR00117013,N12,test,2020_11_04_CPJUMP1,compound,U2OS,48,BRD-K71106091-001-09-5,trt,DMSO,fludarabine-phosphate,DCK,DCK|POLA1|POLD1|POLE|RRM1|RRM2|RRM2B,ribonucleotide reductase inhibitor,0.0,trt,30751.0,Nc1nc(F)nc2n(cnc12)[C@@H]1O[C@H](COP(O)(O)=O)[C@@H](O)[C@@H]1O
BR00117013,N13,test,2020_11_04_CPJUMP1,compound,U2OS,48,BRD-K22149900-001-06-2,trt,DMSO,ceritinib,ALK,ALK|FLT3|IGF1R|INSR|TSSK1B,ALK tyrosine kinase receptor inhibitor,52.2,trt,57379345.0,CC(C)Oc1cc(C2CCNCC2)c(C)cc1Nc1ncc(Cl)c(Nc2ccccc2S(=O)(=O)C(C)C)n1
BR00117013,N14,test,2020_11_04_CPJUMP1,compound,U2OS,48,BRD-K28132190-001-02-0,trt,DMSO,NVS-PAK1-1,PAK1,PAK1,p21 activated kinase inhibitor,98.4,control,122187564.0,CC(C)NC(=O)N1CC[C@@H](C1)NC1=Nc2cc(F)ccc2N(CC(F)F)c2ccc(Cl)cc12
BR00117013,N15,test,2020_11_04_CPJUMP1,compound,U2OS,48,BRD-K76674262-001-03-3,trt,DMSO,homoharringtonine,RPL3,RPL3,protein synthesis inhibitor,77.6,trt,285033.0,COC(=O)C[C@](O)(CCCC(C)(C)O)C(=O)O[C@H]1[C@H]2c3cc4OCOc4cc3CCN3CCC[C@]23C=C1OC
BR00117013,N16,test,2020_11_04_CPJUMP1,compound,U2OS,48,BRD-K36461289-001-05-8,trt,DMSO,picrotoxinin,GLRA3,GLRA1|GLRA2|GLRA3|GLRB|HTR3A|HTR3B,GABA receptor antagonist,44.1,trt,7098683.0,CC(=C)[C@@H]1[C@H]2OC(=O)[C@H]1[C@]1(O)C[C@H]3O[C@]33C(=O)O[C@H]2[C@]13C
BR00117013,N17,test,2020_11_04_CPJUMP1,compound,U2OS,48,DMSO,negcon,DMSO,,,,,,,,
BR00117013,N18,test,2020_11_04_CPJUMP1,compound,U2OS,48,BRD-K07881437-001-03-8,trt,DMSO,danusertib,RET,AURKA|AURKB|AURKC|FGFR1|NTRK1|RET|SLK,Aurora kinase inhibitor|growth factor receptor inhibitor,91.5,control,11442891.0,CO[C@@H](C(=O)N1Cc2[nH]nc(NC(=O)c3ccc(cc3)N3CCN(C)CC3)c2C1)c1ccccc1
BR00117013,N19,test,2020_11_04_CPJUMP1,compound,U2OS,48,BRD-K61397605-001-01-8,trt,DMSO,romidepsin,HDAC3,HDAC1|HDAC2|HDAC3|HDAC4|HDAC5|HDAC6|HDAC7|HDAC8|HDAC9,HDAC inhibitor,92.7,control,5352062.0,C\C=C1/NC(=O)[C@H]2CSSCC\C=C\[C@H](CC(=O)N[C@H](C(C)C)C(=O)N2)OC(=O)[C@@H](NC1=O)C(C)C
BR00117013,N20,test,2020_11_04_CPJUMP1,compound,U2OS,48,BRD-K61642990-001-01-0,trt,DMSO,FERb-033,ERBB2,ERBB2,EGFR inhibitor,0.0,control,,O\N=C\c1ccc(-c2ccc(O)c(F)c2)c(Cl)c1O
BR00117013,N21,test,2020_11_04_CPJUMP1,compound,U2OS,48,BRD-K37764012-001-03-3,trt,DMSO,PF-03758309,PAK4,PAK4,p21 activated kinase inhibitor,93.3,control,25227462.0,CN(C)C[C@@H](NC(=O)N1Cc2c(Nc3nc(C)nc4ccsc34)n[nH]c2C1(C)C)c1ccccc1
BR00117013,N22,test,2020_11_04_CPJUMP1,compound,U2OS,48,DMSO,negcon,DMSO,,,,,,,,
BR00117013,N23,test,2020_11_04_CPJUMP1,compound,U2OS,48,BRD-K47978074-001-03-2,trt,DMSO,trometamol,VEGFA,AMD1|CANT1|DCN|NEIL1|VEGFA,,0.0,trt,6503.0,NC(CO)(CO)CO
BR00117013,N24,test,2020_11_04_CPJUMP1,compound,U2OS,48,BRD-K22134346-001-22-3,trt,DMSO,simvastatin,ITGB2,HMGCR|ITGB2,HMGCR inhibitor,0.0,trt,54454.0,CCC(C)(C)C(=O)O[C@H]1C[C@@H](C)C=C2C=C[C@H](C)[C@H](CC[C@@H]3C[C@@H](O)CC(=O)O3)[C@@H]12
BR00117013,O01,test,2020_11_04_CPJUMP1,compound,U2OS,48,BRD-K16542329-001-16-8,trt,DMSO,zaprinast,PDE4D,GPR35|PDE1A|PDE4D|PDE5A|PDE9A,phosphodiesterase inhibitor,98.0,trt,5722.0,CCCOc1ccccc1-c1nc2[nH]nnc2c(=O)[nH]1
BR00117013,O02,test,2020_11_04_CPJUMP1,compound,U2OS,48,BRD-A10188456-001-04-9,trt,DMSO,dexamethasone,ANXA1,ANXA1|NOS2|NR0B1|NR3C1|NR3C2,glucocorticoid receptor agonist,79.3,trt,5702035.0,C[C@@H]1CC2C3CCC4=CC(=O)C=C[C@]4(C)[C@@]3(F)[C@@H](O)C[C@]2(C)[C@@]1(O)C(=O)CO
BR00117013,O03,test,2020_11_04_CPJUMP1,compound,U2OS,48,BRD-K93632104-001-17-2,trt,DMSO,salicylic-acid,AKR1C1,AKR1C1|PTGS1|PTGS2,cyclooxygenase inhibitor,0.0,trt,118212070.0,OC(=O)c1ccccc1O
BR00117013,O04,test,2020_11_04_CPJUMP1,compound,U2OS,48,BRD-A69636825-003-04-7,trt,DMSO,diltiazem,CACNG1,CACNA1C|CACNA1S|CACNA2D1|CACNG1|HTR3A|KCNA5,calcium channel blocker,98.7,trt,3076.0,COc1ccc(cc1)C1Sc2ccccc2N(CCN(C)C)C(=O)C1OC(C)=O
BR00117013,O05,test,2020_11_04_CPJUMP1,compound,U2OS,48,BRD-K19227686-001-18-6,trt,DMSO,phenolphthalein,UGT1A9,UGT1A9,indicator dye,98.4,trt,4764.0,Oc1ccc(cc1)C1(OC(=O)c2ccccc12)c1ccc(O)cc1
BR00117013,O06,test,2020_11_04_CPJUMP1,compound,U2OS,48,BRD-K98763141-001-30-8,trt,DMSO,niflumic-acid,UGT1A9,ANO1|CLCN1|CLCNKA|CLCNKB|KCNQ1|PLA2G1B|PLA2G4A|PTGS1|PTGS2|UGT1A9,cyclooxygenase inhibitor,95.6,trt,4488.0,OC(=O)c1cccnc1Nc1cccc(c1)C(F)(F)F
BR00117013,O07,test,2020_11_04_CPJUMP1,compound,U2OS,48,DMSO,negcon,DMSO,,,,,,,,
BR00117013,O08,test,2020_11_04_CPJUMP1,compound,U2OS,48,BRD-A15397381-001-02-5,trt,DMSO,L-Cystine,SLC7A11,CTNS|SLC3A1|SLC7A11|SLC7A9,,0.0,trt,24798687.0,NC(CSSCC(N)C(O)=O)C(O)=O
BR00117013,O09,test,2020_11_04_CPJUMP1,compound,U2OS,48,BRD-K46625559-001-01-8,trt,DMSO,ozanimod,S1PR1,S1PR1,sphingosine 1 phosphate receptor agonist,96.3,trt,52938427.0,CC(C)Oc1ccc(cc1C#N)-c1nc(no1)-c1cccc2[C@H](CCc12)NCCO
BR00117013,O10,test,2020_11_04_CPJUMP1,compound,U2OS,48,BRD-A10739734-003-09-8,trt,DMSO,efaroxan,ADORA2A,ADORA2A,adrenergic receptor antagonist,94.5,trt,72016.0,CCC1(Cc2ccccc2O1)C1=NCCN1
BR00117013,O11,test,2020_11_04_CPJUMP1,compound,U2OS,48,BRD-K11796549-001-05-2,trt,DMSO,NBQX,GRIN2A,GRIA1|GRIA2|GRIA3|GRIA4|GRIK1|GRIN1|GRIN2A|GRIN2B,glutamate receptor antagonist,0.0,trt,3272524.0,NS(=O)(=O)c1cccc2c1c(cc1[nH]c(=O)c(=O)[nH]c21)[N+]([O-])=O
BR00117013,O12,test,2020_11_04_CPJUMP1,compound,U2OS,48,BRD-K26521938-001-07-2,trt,DMSO,dinoprostone,CATSPER4,CATSPER1|CATSPER2|CATSPER3|CATSPER4|PTGDR|PTGDR2|PTGER1|PTGER2|PTGER3|PTGER4|PTGFR|TBXA2R,prostanoid receptor agonist,34.1,trt,5280360.0,CCCCC[C@H](O)\C=C\[C@H]1[C@H](O)CC(=O)[C@@H]1C\C=C/CCCC(O)=O
BR00117013,O13,test,2020_11_04_CPJUMP1,compound,U2OS,48,BRD-A07207424-001-14-0,trt,DMSO,Ro-20-1724,PDE3A,PDE3A|PDE4A|PDE4B|PDE4C|PDE4D,phosphodiesterase inhibitor,94.9,trt,5087.0,CCCCOc1cc(CC2CNC(=O)N2)ccc1OC
BR00117013,O14,test,2020_11_04_CPJUMP1,compound,U2OS,48,BRD-K72815923-034-02-0,trt,DMSO,xanomeline,CHRM2,CHRM1|CHRM2|CHRM3|CHRM4|CHRM5|HTR1A|HTR1B|HTR1D|HTR1E|HTR1F|HTR2A|HTR2B|HTR2C|HTR6|HTR7,acetylcholine receptor agonist,82.8,trt,60809.0,CCCCCCOc1nsnc1C1=CCCN(C)C1
BR00117013,O15,test,2020_11_04_CPJUMP1,compound,U2OS,48,BRD-K01825589-310-02-9,trt,DMSO,terazosin,KCNH7,ADRA1A|ADRA1B|ADRA1D|KCNH2|KCNH6|KCNH7,adrenergic receptor antagonist,97.6,trt,5401.0,COc1cc2nc(nc(N)c2cc1OC)N1CCN(CC1)C(=O)C1CCCO1
BR00117013,O16,test,2020_11_04_CPJUMP1,compound,U2OS,48,BRD-K68567222-001-01-2,trt,DMSO,BVT-948,PTPN2,PTPN1|PTPN11|PTPN2,tyrosine phosphatase inhibitor,79.7,trt,6604934.0,CC1(C)C(=O)NC2=C1C(=O)C(=O)c1ccccc21
BR00117013,O17,test,2020_11_04_CPJUMP1,compound,U2OS,48,BRD-K01825660-322-01-9,trt,DMSO,nicotine,TBXAS1,CHAT|CHRNA10|CHRNA2|CHRNA3|CHRNA4|CHRNA5|CHRNA6|CHRNA7|CHRNA9|CHRNB2|CHRNB3|CHRNB4|CYP19A1|TBXAS1|TRPA1,acetylcholine receptor agonist,79.6,trt,942.0,CN1CCCC1c1cccnc1
BR00117013,O18,test,2020_11_04_CPJUMP1,compound,U2OS,48,DMSO,negcon,DMSO,,,,,,,,
BR00117013,O19,test,2020_11_04_CPJUMP1,compound,U2OS,48,BRD-K08953028-001-09-6,trt,DMSO,U-0521,COMT,COMT,catechol O methyltransferase inhibitor,78.1,trt,21632.0,CC(C)C(=O)c1ccc(O)c(O)c1
BR00117013,O20,test,2020_11_04_CPJUMP1,compound,U2OS,48,BRD-K20093108-001-02-3,trt,DMSO,BMS-587101,ITGB2,ITGAL|ITGB2,integrin antagonist,90.8,trt,11635371.0,CN1C(=O)N(C(=O)[C@]11CN(Cc2cc(cs2)C(O)=O)C[C@H]1c1ccc(cc1)C#N)c1cc(Cl)cc(Cl)c1
BR00117013,O21,test,2020_11_04_CPJUMP1,compound,U2OS,48,BRD-A58048407-001-20-4,trt,DMSO,nimodipine,CACNB4,AHR|CACNA1C|CACNA1D|CACNA1F|CACNA1S|CACNB1|CACNB2|CACNB3|CACNB4|CFTR|NR3C2,calcium channel blocker,95.4,trt,4497.0,COCCOC(=O)C1=C(C)NC(C)=C(C1c1cccc(c1)[N+]([O-])=O)C(=O)OC(C)C
BR00117013,O22,test,2020_11_04_CPJUMP1,compound,U2OS,48,BRD-K80970344-201-08-6,trt,DMSO,pyrrolidine-dithiocarbamate,HSD11B1,HSD11B1|RELA,NFkB pathway inhibitor,77.3,trt,65351.0,SC(=S)N1CCCC1
BR00117013,O23,test,2020_11_04_CPJUMP1,compound,U2OS,48,BRD-K18289362-001-02-2,trt,DMSO,PF-915275,HSD11B1,HSD11B1,11-beta hydroxysteroid dehydrogenase inhibitor,97.9,trt,23725123.0,Nc1cccc(NS(=O)(=O)c2ccc(cc2)-c2ccc(cc2)C#N)n1
BR00117013,O24,test,2020_11_04_CPJUMP1,compound,U2OS,48,BRD-K43330982-001-02-3,trt,DMSO,JTE-013,S1PR2,P2RY10|S1PR2,lysophospholipid receptor antagonist,30.2,trt,10223146.0,CC(C)c1cc(NNC(=O)Nc2cc(Cl)nc(Cl)c2)nc2n(C)nc(C)c12
BR00117013,P01,test,2020_11_04_CPJUMP1,compound,U2OS,48,BRD-K05878375-236-05-7,trt,DMSO,sodium-butyrate,FFAR2,BCHE|FFAR2|FFAR3|HDAC1|HDAC2|HDAC3|HDAC8,HDAC inhibitor,0.0,trt,264.0,CCCC(O)=O
BR00117013,P02,test,2020_11_04_CPJUMP1,compound,U2OS,48,BRD-K91543828-001-02-0,trt,DMSO,pentostatin,ADA,ADA,adenosine deaminase inhibitor|ribonucleotide reductase inhibitor,0.0,trt,439693.0,OC[C@H]1O[C@H](C[C@@H]1O)n1cnc2[C@H](O)CNC=Nc12
BR00117013,P03,test,2020_11_04_CPJUMP1,compound,U2OS,48,BRD-K48830578-001-01-9,trt,DMSO,OMDM-2,GPR119,GPR119,FAAH inhibitor,87.6,trt,6604915.0,CCCCCCCC\C=C/CCCCCCCC(=O)N[C@@H](CO)Cc1ccc(O)cc1
BR00117013,P04,test,2020_11_04_CPJUMP1,compound,U2OS,48,BRD-A72767275-003-01-6,trt,DMSO,nalmefene,OPRM1,OPRD1|OPRK1|OPRM1,opioid receptor antagonist,86.5,trt,4422.0,Oc1ccc2CC3N(CC4CC4)CCC45C(Oc1c24)C(=C)CCC35O
BR00117013,P05,test,2020_11_04_CPJUMP1,compound,U2OS,48,DMSO,negcon,DMSO,,,,,,,,
BR00117013,P06,test,2020_11_04_CPJUMP1,compound,U2OS,48,BRD-K70586315-001-02-4,trt,DMSO,1-EBIO,KCNN1,KCNN1|KCNN2|KCNN3|KCNN4,potassium channel activator,94.9,trt,82320.0,CCn1c2ccccc2[nH]c1=O
BR00117013,P07,test,2020_11_04_CPJUMP1,compound,U2OS,48,BRD-K40109029-001-02-9,trt,DMSO,SB-505124,TGFBR1,TGFBR1,ALK tyrosine kinase receptor inhibitor,95.4,trt,9858940.0,Cc1cccc(n1)-c1[nH]c(nc1-c1ccc2OCOc2c1)C(C)(C)C
BR00117013,P08,test,2020_11_04_CPJUMP1,compound,U2OS,48,BRD-A83029242-001-06-1,trt,DMSO,prasugrel,P2RY12,P2RY12,purinergic receptor antagonist,77.4,trt,6918456.0,CC(=O)Oc1cc2CN(CCc2s1)C(C(=O)C1CC1)c1ccccc1F
BR00117013,P09,test,2020_11_04_CPJUMP1,compound,U2OS,48,BRD-K57313110-001-06-8,trt,DMSO,pidolic-acid,VEGFA,ADAM28|AMY1A|AMY2A|AMY2B|ANG|CCL8|HCRT|IGLC1|KRTAP5-2|TFF2|VEGFA,,0.0,trt,7405.0,OC(=O)[C@@H]1CCC(=O)N1
BR00117013,P10,test,2020_11_04_CPJUMP1,compound,U2OS,48,DMSO,negcon,DMSO,,,,,,,,
BR00117013,P11,test,2020_11_04_CPJUMP1,compound,U2OS,48,BRD-K15502390-001-20-9,trt,DMSO,nevirapine,CYP2A6,CYP1A2|CYP2A6|CYP2B6|CYP2C9|CYP2D6|CYP3A4|CYP3A5,non-nucleoside reverse transcriptase inhibitor,95.9,trt,4463.0,Cc1ccnc2c1NC(=O)c1cccnc1N2C1CC1
BR00117013,P12,test,2020_11_04_CPJUMP1,compound,U2OS,48,BRD-K92049597-001-20-8,trt,DMSO,triamterene,SCNN1G,SCNN1A|SCNN1B|SCNN1D|SCNN1G,sodium channel blocker,94.6,trt,5546.0,Nc1nc(N)c2nc(-c3ccccc3)c(N)nc2n1
BR00117013,P13,test,2020_11_04_CPJUMP1,compound,U2OS,48,BRD-K16730910-001-07-3,trt,DMSO,regorafenib,DDR2,ABL1|BRAF|DDR2|EPHA2|FGFR1|FGFR2|FLT1|FLT4|FRK|KDR|KIT|MAPK11|NTRK1|PDGFRA|PDGFRB|RAF1|RET|TEK,FGFR inhibitor|KIT inhibitor|PDGFR tyrosine kinase receptor inhibitor|RAF inhibitor|RET tyrosine kinase inhibitor|VEGFR inhibitor,93.5,trt,11167602.0,CNC(=O)c1cc(Oc2ccc(NC(=O)Nc3ccc(Cl)c(c3)C(F)(F)F)c(F)c2)ccn1
BR00117013,P14,test,2020_11_04_CPJUMP1,compound,U2OS,48,BRD-A09722536-002-18-0,trt,DMSO,cyclophosphamide,CYP2A6,CYP2A6|CYP2B6|CYP2C18|CYP2C19|CYP2C8|CYP2C9|CYP2D6|CYP3A4|CYP3A5|CYP3A7,DNA alkylating agent,2.8,trt,2907.0,ClCCN(CCCl)P1(=O)NCCCO1
BR00117013,P15,test,2020_11_04_CPJUMP1,compound,U2OS,48,BRD-K18895904-001-16-1,trt,DMSO,olanzapine,CHRM2,ADRA1A|ADRA1B|ADRA2A|ADRA2B|ADRA2C|ADRB1|ADRB2|ADRB3|CHRM1|CHRM2|CHRM3|CHRM4|CHRM5|DRD1|DRD2|DRD3|DRD4|DRD5|GABRA1|GABRA2|GABRA3|GABRA4|GABRA5|GABRA6|GABRB1|GABRB2|GABRB3|GABRD|GABRE|GABRG1|GABRG2|GABRG3|GABRP|GABRQ|HRH1|HRH2|HRH4|HTR1A|HTR1B|HTR1D|HTR1E|HTR1F|HTR2A|HTR2B|HTR2C|HTR3A|HTR5A|HTR6|HTR7,dopamine receptor antagonist|serotonin receptor antagonist,91.8,trt,,CN1CCN(CC1)C1=Nc2ccccc2Nc2sc(C)cc12
BR00117013,P16,test,2020_11_04_CPJUMP1,compound,U2OS,48,BRD-A25569250-001-03-3,trt,DMSO,KI-16425,LPAR1,LPAR1|LPAR3,lysophosphatidic acid receptor antagonist,95.5,trt,10367662.0,CC(OC(=O)Nc1c(C)noc1-c1ccc(CSCCC(O)=O)cc1)c1ccccc1Cl
BR00117013,P17,test,2020_11_04_CPJUMP1,compound,U2OS,48,BRD-K29895144-001-01-0,trt,DMSO,SKLB1002,KDR,KDR,VEGFR inhibitor,97.3,trt,71461003.0,COc1cc2ncnc(Sc3nnc(C)s3)c2cc1OC
BR00117013,P18,test,2020_11_04_CPJUMP1,compound,U2OS,48,BRD-K67017579-001-28-1,trt,DMSO,cilostazol,PDE3A,PDE3A|PDE3B,phosphodiesterase inhibitor,96.2,trt,2754.0,O=C1CCc2cc(OCCCCc3nnnn3C3CCCCC3)ccc2N1
BR00117013,P19,test,2020_11_04_CPJUMP1,compound,U2OS,48,BRD-K77060810-001-01-5,trt,DMSO,AZD1283,P2RY12,P2RY12,purinergic receptor antagonist,94.0,trt,23649325.0,CCOC(=O)c1cc(C#N)c(nc1C)N1CCC(CC1)C(=O)NS(=O)(=O)Cc1ccccc1
BR00117013,P20,test,2020_11_04_CPJUMP1,compound,U2OS,48,BRD-K68982262-001-01-4,trt,DMSO,A-987306,CCR1,ADORA1|AVPR1A|CCR1|CHRM1|CHRM2|CHRM3|CHRM4|DRD3|HTR1A|HTR1B|HTR2A|HTR2B|HTR3A|TACR2,histamine receptor antagonist,92.2,trt,25109291.0,Nc1nc(N2CCNCC2)c2CCC3=C([C@@H]4CCCC[C@@H]4O3)c2n1
BR00117013,P21,test,2020_11_04_CPJUMP1,compound,U2OS,48,BRD-K24616672-003-20-1,trt,DMSO,procaine,HTR3A,CHRNA2|GRIN3A|HTR3A|KCNMA1|KCNMB1|KCNMB2|KCNMB3|KCNMB4|KCNN1|KCNN2|KCNN3|KCNN4|MAOA|MAOB|RYR1|RYR2|SCN10A|SLC6A3,HMGCR inhibitor,96.0,trt,4914.0,CCN(CC)CCOC(=O)c1ccc(N)cc1
BR00117013,P22,test,2020_11_04_CPJUMP1,compound,U2OS,48,BRD-A82396632-008-30-8,trt,DMSO,miconazole,KCNN1,KCNH2|KCNH6|KCNH7|KCNMA1|KCNMB1|KCNMB2|KCNMB3|KCNMB4|KCNN1|KCNN2|KCNN3|KCNN4|NOS2|NOS3|TRPM2|TRPV5,bacterial cell wall synthesis inhibitor,94.9,trt,4189.0,Clc1ccc(COC(Cn2ccnc2)c2ccc(Cl)cc2Cl)c(Cl)c1
BR00117013,P23,test,2020_11_04_CPJUMP1,compound,U2OS,48,BRD-K61250553-003-30-6,trt,DMSO,loperamide,OPRM1,CACNA1A|CALM1|OPRD1|OPRK1|OPRM1|POMC,opioid receptor agonist,97.5,trt,3955.0,CN(C)C(=O)C(CCN1CCC(O)(CC1)c1ccc(Cl)cc1)(c1ccccc1)c1ccccc1
BR00117013,P24,test,2020_11_04_CPJUMP1,compound,U2OS,48,BRD-K70358946-001-17-3,trt,DMSO,aripiprazole,HTR3A,ADRA1A|ADRA1B|ADRA2A|ADRA2B|ADRA2C|CHRM1|CHRM2|CHRM3|CHRM4|CHRM5|DRD1|DRD2|DRD3|DRD4|DRD5|HRH1|HTR1A|HTR1B|HTR1D|HTR1E|HTR2A|HTR2C|HTR3A|HTR6|HTR7,serotonin receptor agonist|serotonin receptor antagonist,96.6,trt,60795.0,Clc1cccc(N2CCN(CCCCOc3ccc4CCC(=O)Nc4c3)CC2)c1Cl
